bursary_id|constituency|student_name|nrc_no|contact_no|ward|gender|age|institution_and_course|annual_fees_zmw|academic_year|approval_status
NCC-CDF-SKL-00001|NDOLA CENTRAL|LWESHA TUPALIWE JUDITH|368681/68/1|760054016|DAG|F|19.0|BUCHI VOCATIONAL TRAINING FASHION DESIGN & TEXILE CERTIFICATE 1 YEAR NEW|7000.0|2025|APPROVED
NCC-CDF-SKL-00002|NDOLA CENTRAL|MUSONDA JULIUS|258485/62/1|967169290|DAG|M|30.0|MOTOR LINK DRIVING SCHOOL DRIVING B CERTIFICATE 1 MONTH NEW|4300.0|2025|APPROVED
NCC-CDF-SKL-00003|NDOLA CENTRAL|MFULA SYSNEY|387481/64/1|776645313|DAG|M|23.0|MOTOR LINK DRIVING SCHOOL DRIVING C CERTIFICATE 1 MONTH NEW|4300.0|2025|APPROVED
NCC-CDF-SKL-00004|NDOLA CENTRAL|KOSAMU GABRIEL|362714/65/1|765391319|DAG|M|32.0|MOTOR LINK DRIVING SCHOOL DRIVING CE CERTIFICATE 1 MONTH NEW|4300.0|2025|APPROVED
NCC-CDF-SKL-00005|NDOLA CENTRAL|CHIBAMBA VICTOR|590268/61/1|765526908|DAG|M|24.0|MOTOR LINK DRIVING SCHOOL DRIVING CE CERTIFICATE 1 MONTH NEW|4300.0|2025|APPROVED
NCC-CDF-SKL-00006|NDOLA CENTRAL|CHITANIKA SILVESTER|312095/62/1|766210779|DAG|M|26.0|MOTOR LINK DRIVING SCHOOL DRIVING CE CERTIFICATE 1 MONTH NEW|4300.0|2025|APPROVED
NCC-CDF-SKL-00007|NDOLA CENTRAL|NG'ANDU NICKSON|339775/17/1|766484795|DAG|M|27.0|MOTOR LINK DRIVING SCHOOL DRIVING CE CERTIFICATE 1 MONTH NEW|4300.0|2025|APPROVED
NCC-CDF-SKL-00008|NDOLA CENTRAL|CHIBANGU MEMORY|557046/61/1|766781303|DAG|F|22.0|MOTOR LINK DRIVING SCHOOL DRIVING CE CERTIFICATE 1 MONTH NEW|4300.0|2025|APPROVED
NCC-CDF-SKL-00009|NDOLA CENTRAL|KATUNGA CLEMENT|634898/61/1|769568782|DAG|M|19.0|MOTOR LINK DRIVING SCHOOL DRIVING CE CERTIFICATE 1 MONTH NEW|4300.0|2025|APPROVED
NCC-CDF-SKL-00010|NDOLA CENTRAL|SANKANDO SYDNEY|417615/61/1|771434929|DAG|M|32.0|MOTOR LINK DRIVING SCHOOL DRIVING CE CERTIFICATE 1 MONTH NEW|4300.0|2025|APPROVED
NCC-CDF-SKL-00011|NDOLA CENTRAL|MUSEKA BARON|527395/61/1|771640484|DAG|F|29.0|MOTOR LINK DRIVING SCHOOL DRIVING CE CERTIFICATE 1 MONTH NEW|4300.0|2025|APPROVED
NCC-CDF-SKL-00012|NDOLA CENTRAL|MALAPA ALFRED|601081/61/1|779526907|DAG|M|22.0|MOTOR LINK DRIVING SCHOOL DRIVING CE CERTIFICATE 1 MONTH NEW|4300.0|2025|APPROVED
NCC-CDF-SKL-00013|NDOLA CENTRAL|CHIWELA PETER|240509/46/1|962231159|DAG|M|28.0|MOTOR LINK DRIVING SCHOOL DRIVING CE CERTIFICATE 1 MONTH NEW|4300.0|2025|APPROVED
NCC-CDF-SKL-00014|NDOLA CENTRAL|MULENGA JOYCE|593677/61/1|964652957|DAG|F|20.0|MOTOR LINK DRIVING SCHOOL DRIVING CE CERTIFICATE 1 MONTH NEW|4300.0|2025|APPROVED
NCC-CDF-SKL-00015|NDOLA CENTRAL|ZIMBA LUCKSON|353291/51/1|965451670|DAG|M|31.0|MOTOR LINK DRIVING SCHOOL DRIVING CE CERTIFICATE 1 MONTH NEW|4300.0|2025|APPROVED
NCC-CDF-SKL-00016|NDOLA CENTRAL|MWABA HONEST|270075/31/1|966572023|DAG|M|34.0|MOTOR LINK DRIVING SCHOOL DRIVING CE CERTIFICATE 1 MONTH NEW|4300.0|2025|APPROVED
NCC-CDF-SKL-00017|NDOLA CENTRAL|KALENGA VINCENT|468471/61/1|968003388|DAG|M|29.0|MOTOR LINK DRIVING SCHOOL DRIVING CE CERTIFICATE 1 MONTH NEW|4300.0|2025|APPROVED
NCC-CDF-SKL-00018|NDOLA CENTRAL|MAKONDO BRIAN|247907/24/1|968931302|DAG|M|34.0|MOTOR LINK DRIVING SCHOOL DRIVING CE CERTIFICATE 1 MONTH NEW|4300.0|2025|APPROVED
NCC-CDF-SKL-00019|NDOLA CENTRAL|MUSEKA BERVIN|527349/61/1|969235264|DAG|M|27.0|MOTOR LINK DRIVING SCHOOL DRIVING CE CERTIFICATE 1 MONTH NEW|4300.0|2025|APPROVED
NCC-CDF-SKL-00020|NDOLA CENTRAL|MUTAMBO NTASUWILA|435328/65/1|969399395|DAG|F|20.0|MOTOR LINK DRIVING SCHOOL DRIVING CE CERTIFICATE 1 MONTH NEW|4300.0|2025|APPROVED
NCC-CDF-SKL-00021|NDOLA CENTRAL|CHISHINDIKENI ROBBIE|112024/69/1|971600011|DAG|M|34.0|MOTOR LINK DRIVING SCHOOL DRIVING CE CERTIFICATE 1 MONTH NEW|4300.0|2025|APPROVED
NCC-CDF-SKL-00022|NDOLA CENTRAL|MULENGA EBERST|141105/49/1|975453857|DAG|M|33.0|MOTOR LINK DRIVING SCHOOL DRIVING CE CERTIFICATE 1 MONTH NEW|4300.0|2025|APPROVED
NCC-CDF-SKL-00023|NDOLA CENTRAL|BWALYA RIGGAN|159518/94/1|975487618|DAG|M|27.0|MOTOR LINK DRIVING SCHOOL DRIVING CE CERTIFICATE 1 MONTH NEW|4300.0|2025|APPROVED
NCC-CDF-SKL-00024|NDOLA CENTRAL|MUNYENYEMBE EMMANUEL|623983/61/1|964133336|DAG|M|19.0|NORTEC CRAFT CERTIFICATE IN CERTIFICATE 2 YEARS RETURNING|8700.0|2025|APPROVED
NCC-CDF-SKL-00025|NDOLA CENTRAL|VICTOR MOONO|631385/61/1|766873761|DAG|M|19.0|NORTEC DIPLOMA IN HEAVY DIPLOMA 3 YEARS NEW|14350.0|2025|APPROVED
NCC-CDF-SKL-00026|NDOLA CENTRAL|LISWANISO INONGE|360900/24/1|962110682|DAG|M|21.0|NORTEC DIPLOMA IN HEAVY DIPLOMA 3 YEARS RETURNING|14350.0|2025|APPROVED
NCC-CDF-SKL-00027|NDOLA CENTRAL|CHILUFYA ESTHER|397348/65/1|777411238|DAG|F|22.0|NORTEC TRADE TEST CERTIFICATE IN CERTIFICATE 1 YEAR NEW|7600.0|2025|APPROVED
NCC-CDF-SKL-00028|NDOLA CENTRAL|RHODA HATEMBO|399157/65/1|970700667|DAG|F|21.0|NORTEC TRADE TEST CERTIFICATE IN CERTIFICATE 1 YEAR NEW|7600.0|2025|APPROVED
NCC-CDF-SKL-00029|NDOLA CENTRAL|KAMPUTA KUTEMBA|588889/61/1|967098827|DAG|F|21.0|NORTEC TRADE TEST CERTIFICATE IN CERTIFICATE 1 YEAR NEW|7600.0|2025|APPROVED
NCC-CDF-SKL-00030|NDOLA CENTRAL|BWALYA DALISTSO|591491/61/1|765688338|DAG|M|21.0|PASCAL INSTITUTE OF OPERATOR EXCAVATOR OPERATOR CERTIFICATE 1 MONTH NEW|6750.0|2025|APPROVED
NCC-CDF-SKL-00031|NDOLA CENTRAL|ZIMBA RUTH|590824/61/1|771177387|DAG|F|23.0|PASCAL INSTITUTE OF OPERATOR EXCAVATOR OPERATOR CERTIFICATE 1 MONTH NEW|6750.0|2025|APPROVED
NCC-CDF-SKL-00032|NDOLA CENTRAL|KASANDA JACKSON|671694/67/1|960977806|DAG|M|19.0|PASCAL INSTITUTE OF OPERATOR EXCAVATOR OPERATOR CERTIFICATE 1 MONTH NEW|6750.0|2025|APPROVED
NCC-CDF-SKL-00033|NDOLA CENTRAL|JONAS CHUNGU|601086/61/1|963729998|DAG|M|20.0|PASCAL INSTITUTE OF OPERATOR EXCAVATOR OPERATOR CERTIFICATE 1 MONTH NEW|6750.0|2025|APPROVED
NCC-CDF-SKL-00034|NDOLA CENTRAL|CHANDA MUYEMBE|572838/61/1|967186424|DAG|M|23.0|PASCAL INSTITUTE OF OPERATOR EXCAVATOR OPERATOR CERTIFICATE 1 MONTH NEW|6750.0|2025|APPROVED
NCC-CDF-SKL-00035|NDOLA CENTRAL|KUNDA CHEMBE|470480/61/1|972142960|DAG|M|28.0|PASCAL INSTITUTE OF OPERATOR EXCAVATOR OPERATOR CERTIFICATE 1 MONTH NEW|6750.0|2025|APPROVED
NCC-CDF-SKL-00036|NDOLA CENTRAL|CHISALA PATRICK|495522/16/1|976579339|DAG|M|21.0|PASCAL INSTITUTE OF OPERATOR EXCAVATOR OPERATOR CERTIFICATE 1 MONTH NEW|6750.0|2025|APPROVED
NCC-CDF-SKL-00037|NDOLA CENTRAL|KAPIKA JAMES|378160/66/1|976721990|DAG|M|22.0|PASCAL INSTITUTE OF OPERATOR EXCAVATOR OPERATOR CERTIFICATE 1 MONTH NEW|6750.0|2025|APPROVED
NCC-CDF-SKL-00038|NDOLA CENTRAL|MULALA CHRISTOPHER|534349/61/1|979098836|DAG|M|27.0|PASCAL INSTITUTE OF OPERATOR EXCAVATOR OPERATOR CERTIFICATE 1 MONTH NEW|6750.0|2025|APPROVED
NCC-CDF-SKL-00039|NDOLA CENTRAL|MUMBA ESTHER|368035/66/1|968616223|DAG|F|27.0|PASCAL INSTITUTE OF OPERATOR FRONT-END LOADER CERTIFICATE 1 MONTH NEW|6750.0|2025|APPROVED
NCC-CDF-SKL-00040|NDOLA CENTRAL|MPANGE CHRISTABEL|389738/65/1|764294277|DAG|F|23.0|PASCAL INSTITUTE OF OPERATOR MACHINE OPERATOR CERTIFICATE 1 MONTH NEW|6750.0|2025|APPROVED
NCC-CDF-SKL-00041|NDOLA CENTRAL|BWALYA JOHN|328649/66/1|767076212|DAG|M|31.0|PASCAL INSTITUTE OF OPERATOR MACHINE OPERATOR CERTIFICATE 1 MONTH NEW|6750.0|2025|APPROVED
NCC-CDF-SKL-00042|NDOLA CENTRAL|SICHAMBA WINTER|334341/42/1|975255611|DAG|M|25.0|PASCAL INSTITUTE OF OPERATOR MACHINE OPERATOR CERTIFICATE 1 MONTH NEW|6750.0|2025|APPROVED
NCC-CDF-SKL-00043|NDOLA CENTRAL|BANDA JANET|348302/68/1|772357227|DAG|F|21.0|ST MARCELINE SKILLS TRAINING GENERAL HOSPITALITY CERTIFICATE 1 YEAR NEW|8000.0|2025|APPROVED
NCC-CDF-SKL-00044|NDOLA CENTRAL|CHRISTABELLA KABOLE|333617/33/1|979207202|DAG|F|21.0|ST MARCELINE SKILLS TRAINING TAILORING CERTIFICATE 1 YEAR NEW|8000.0|2025|APPROVED
NCC-CDF-SKL-00045|NDOLA CENTRAL|NKONDE MARY|543783/67/1|969445452|DAG|F|30.0|TVTC GENERAL HOSPITALITY CERTIFICATE 1 YEAR NEW|26700.0|2025|APPROVED
NCC-CDF-SKL-00046|NDOLA CENTRAL|KUNDA PRISCILA|504551/61/1|760445670|DAG|F|27.0|TWIKATANE NDOLA VACATIONAL CATERING CERTIFICATE 1 YEAR NEW|7675.0|2025|APPROVED
NCC-CDF-SKL-00047|NDOLA CENTRAL|MWANSA BARBRA|476805/61/1|972677856|DAG|F|28.0|TWIKATANE NDOLA VACATIONAL CATERING CERTIFICATE 1 YEAR NEW|7675.0|2025|APPROVED
NCC-CDF-SKL-00048|NDOLA CENTRAL|KAPEMBWE MUTALE|617203/61/1|760963139|DAG|F|21.0|TWIKATANE NDOLA VACATIONAL TAILORING CERTIFICATE 1 YEAR NEW|7675.0|2025|APPROVED
NCC-CDF-SKL-00049|NDOLA CENTRAL|CHAMA NDAMAI|622384/61/1|979579110|DAG|F|19.0|ZAMBIA UNIVERSITY COLLEGE OF INFORMATION TECHNOLOGY DIPLOMA 3 YEARS NEW|8400.0|2025|APPROVED
NCC-CDF-SKL-00050|NDOLA CENTRAL|MULAMBIA JOHN|215529/47/1|771177127|KANINI|M|28.0|FOCUS DRIVING SCHOOL DRIVING C CERTIFICATE 1 MONTH NEW|4300.0|2025|APPROVED
NCC-CDF-SKL-00051|NDOLA CENTRAL|LICHILA PETER|245819/75/1|762667070|KANINI|M|34.0|FOCUS DRIVING SCHOOL DRIVING C1 CERTIFICATE 1 MONTH NEW|4300.0|2025|APPROVED
NCC-CDF-SKL-00052|NDOLA CENTRAL|ISAAC NGANDU|414511/61/1|972001369|KANINI|M|32.0|FOCUS DRIVING SCHOOL DRIVING C1 CERTIFICATE 1 MONTH NEW|4300.0|2025|APPROVED
NCC-CDF-SKL-00053|NDOLA CENTRAL|MULENGA KATOKA|249095/91/1|763260526|KANINI|M|22.0|FOCUS DRIVING SCHOOL DRIVING CE CERTIFICATE 1 MONTH NEW|4300.0|2025|APPROVED
NCC-CDF-SKL-00054|NDOLA CENTRAL|NSAMA JOSHUA|642732/61/1|772628474|KANINI|M|18.0|FOCUS DRIVING SCHOOL DRIVING CE CERTIFICATE 1 MONTH NEW|4300.0|2025|APPROVED
NCC-CDF-SKL-00055|NDOLA CENTRAL|KAPANDWE DENNIS|351992/33/1|777845810|KANINI|M|33.0|FOCUS DRIVING SCHOOL DRIVING CE CERTIFICATE 1 MONTH NEW|4300.0|2025|APPROVED
NCC-CDF-SKL-00056|NDOLA CENTRAL|KABUNGO DAVID|481001/61/1|962821474|KANINI|M|26.0|FOCUS DRIVING SCHOOL DRIVING CE CERTIFICATE 1 MONTH NEW|4300.0|2025|APPROVED
NCC-CDF-SKL-00057|NDOLA CENTRAL|BANDA JULIUS|473365/61/1|964825766|KANINI|M|29.0|FOCUS DRIVING SCHOOL DRIVING CE CERTIFICATE 1 MONTH NEW|4300.0|2025|APPROVED
NCC-CDF-SKL-00058|NDOLA CENTRAL|KABUNGO FREDRICK|167288/19/1|968015339|KANINI|M|29.0|FOCUS DRIVING SCHOOL DRIVING CE CERTIFICATE 1 MONTH NEW|4300.0|2025|APPROVED
NCC-CDF-SKL-00059|NDOLA CENTRAL|BANDA CHRISTOPHER|417869/61/1|969467239|KANINI|M|31.0|FOCUS DRIVING SCHOOL DRIVING CE CERTIFICATE 1 MONTH NEW|4300.0|2025|APPROVED
NCC-CDF-SKL-00060|NDOLA CENTRAL|MUKUKA CHARLES MASELA|607044/61/1|974263545|KANINI|M|21.0|FOCUS DRIVING SCHOOL DRIVING CE CERTIFICATE 1 MONTH NEW|4300.0|2025|APPROVED
NCC-CDF-SKL-00061|NDOLA CENTRAL|MWEWA ANTHONY MOSES|304598/31/1|978502363|KANINI|M|30.0|FOCUS DRIVING SCHOOL DRIVING CE CERTIFICATE 1 MONTH NEW|4300.0|2025|APPROVED
NCC-CDF-SKL-00062|NDOLA CENTRAL|NDUMA RON JR|388387/16/1|766735266|KANINI|M|30.0|MOTOR LINK DRIVING SCHOOL DRIVING C CERTIFICATE 1 MONTH NEW|4300.0|2025|APPROVED
NCC-CDF-SKL-00063|NDOLA CENTRAL|SIMFUKWE JOSIAH|508799/61/1|961286630|KANINI|M|28.0|MOTOR LINK DRIVING SCHOOL DRIVING C CERTIFICATE 1 MONTH NEW|4300.0|2025|APPROVED
NCC-CDF-SKL-00064|NDOLA CENTRAL|SIBANDA JABES|631183/61/1|967870640|KANINI|M|20.0|MOTOR LINK DRIVING SCHOOL DRIVING C CERTIFICATE 1 MONTH NEW|4300.0|2025|APPROVED
NCC-CDF-SKL-00065|NDOLA CENTRAL|LWENA MULENGA BLESSINGS|640682/10/1|973307605|KANINI|M|22.0|MOTOR LINK DRIVING SCHOOL DRIVING C CERTIFICATE 1 MONTH NEW|4300.0|2025|APPROVED
NCC-CDF-SKL-00066|NDOLA CENTRAL|MANDA GIFT|364693/51/1|971111932|KANINI|M|33.0|MOTOR LINK DRIVING SCHOOL DRIVING C1 CERTIFICATE 1 MONTH NEW|4300.0|2025|APPROVED
NCC-CDF-SKL-00067|NDOLA CENTRAL|ADRIAN MUNDIA FWOLOSHI|376541/24/1|762319615|KANINI|M|21.0|MOTOR LINK DRIVING SCHOOL DRIVING CE CERTIFICATE 1 MONTH NEW|4300.0|2025|APPROVED
NCC-CDF-SKL-00068|NDOLA CENTRAL|NTAULU EZEKIEL|355490/61/1|776306391|KANINI|M|34.0|MOTOR LINK DRIVING SCHOOL DRIVING CE CERTIFICATE 1 MONTH NEW|4300.0|2025|APPROVED
NCC-CDF-SKL-00069|NDOLA CENTRAL|MUSAKANYA COSMAS|622399/61/1|962233396|KANINI|M|21.0|MOTOR LINK DRIVING SCHOOL DRIVING CE CERTIFICATE 1 MONTH NEW|4300.0|2025|APPROVED
NCC-CDF-SKL-00070|NDOLA CENTRAL|TEMBO PETWELL|409413/61/1|963471500|KANINI|M|34.0|MOTOR LINK DRIVING SCHOOL DRIVING CE CERTIFICATE 1 MONTH NEW|4300.0|2025|APPROVED
NCC-CDF-SKL-00071|NDOLA CENTRAL|CHIPAYENI DAVID|575959/61/1|964196886|KANINI|M|21.0|MOTOR LINK DRIVING SCHOOL DRIVING CE CERTIFICATE 1 MONTH NEW|4300.0|2025|APPROVED
NCC-CDF-SKL-00072|NDOLA CENTRAL|MULENGA ELIJAH|330777/62/1|964645245|KANINI|M|23.0|MOTOR LINK DRIVING SCHOOL DRIVING CE CERTIFICATE 1 MONTH NEW|4300.0|2025|APPROVED
NCC-CDF-SKL-00073|NDOLA CENTRAL|KILELE MUMBA|486970/61/1|966160815|KANINI|M|27.0|MOTOR LINK DRIVING SCHOOL DRIVING CE CERTIFICATE 1 MONTH NEW|4300.0|2025|APPROVED
NCC-CDF-SKL-00074|NDOLA CENTRAL|NYATI RANDY|548824/61/1|966398910|KANINI|M|25.0|MOTOR LINK DRIVING SCHOOL DRIVING CE CERTIFICATE 1 MONTH NEW|4300.0|2025|APPROVED
NCC-CDF-SKL-00075|NDOLA CENTRAL|MUBANGA LUPUTA|629872/61/1|966767353|KANINI|M|19.0|MOTOR LINK DRIVING SCHOOL DRIVING CE CERTIFICATE 1 MONTH NEW|4300.0|2025|APPROVED
NCC-CDF-SKL-00076|NDOLA CENTRAL|MUBANGA MUBANGA|567988/61/1|974251613|KANINI|M|21.0|MOTOR LINK DRIVING SCHOOL DRIVING CE CERTIFICATE 1 MONTH NEW|4300.0|2025|APPROVED
NCC-CDF-SKL-00077|NDOLA CENTRAL|MWIINGA FRANKLIN|228730/77/1|975080722|KANINI|M|24.0|MOTOR LINK DRIVING SCHOOL DRIVING CE CERTIFICATE 1 MONTH NEW|4300.0|2025|APPROVED
NCC-CDF-SKL-00078|NDOLA CENTRAL|BEUTY NAMONJE|397108/43/1|977609062|KANINI|F|24.0|MOTOR LINK DRIVING SCHOOL DRIVING CE CERTIFICATE 1 MONTH NEW|4300.0|2025|APPROVED
NCC-CDF-SKL-00079|NDOLA CENTRAL|MWIINGA WEDSTER|515803/61/1|978124165|KANINI|M|27.0|MOTOR LINK DRIVING SCHOOL DRIVING CE CERTIFICATE 1 MONTH NEW|4300.0|2025|APPROVED
NCC-CDF-SKL-00080|NDOLA CENTRAL|NGANDU MOSES|531789/61/1|978527546|KANINI|M|25.0|MOTOR LINK DRIVING SCHOOL DRIVING CE CERTIFICATE 1 MONTH NEW|4300.0|2025|APPROVED
NCC-CDF-SKL-00081|NDOLA CENTRAL|MWILA DAVIE|598196/67/1|961866475|KANINI|M|23.0|NORTEC DIPLOMA IN AUTOMOTIVE DIPLOMA 3 YEARS RETURNING|8700.0|2025|APPROVED
NCC-CDF-SKL-00082|NDOLA CENTRAL|KOMBE ERIC LUBAMBULA|157526/94/1|770805839|KANINI|M|26.0|NORTEC DIPLOMA IN AUTOMOTIVE DIPLOMA 3 YEARS NEW|8700.0|2025|APPROVED
NCC-CDF-SKL-00083|NDOLA CENTRAL|MWILA ELIJAH|597248/61/1|767203593|KANINI|M|23.0|NORTEC DIPLOMA IN ELECTRICAL DIPLOMA 3 YEARS RETURNING|8700.0|2025|APPROVED
NCC-CDF-SKL-00084|NDOLA CENTRAL|MUKUKA WILLIAM|354528/68/1|764851120|KANINI|M|20.0|NORTEC DIPLOMA IN HEAVY DIPLOMA 3 YEARS RETURNING|14350.0|2025|APPROVED
NCC-CDF-SKL-00085|NDOLA CENTRAL|MUSHINTU ALBERT|623035/61/1|766243136|KANINI|M|20.0|NORTEC DIPLOMA IN HEAVY DIPLOMA 3 YEARS RETURNING|14350.0|2025|APPROVED
NCC-CDF-SKL-00086|NDOLA CENTRAL|MUCHINDU MAXWELL|620985/61/1|776312798|KANINI|M|19.0|NORTEC DIPLOMA IN HEAVY DIPLOMA 3 YEARS RETURNING|14350.0|2025|APPROVED
NCC-CDF-SKL-00087|NDOLA CENTRAL|PHIRI EMMANUEL|363512/68/1|777109027|KANINI|M|18.0|NORTEC DIPLOMA IN HEAVY DIPLOMA 3 YEARS NEW|14350.0|2025|APPROVED
NCC-CDF-SKL-00088|NDOLA CENTRAL|KANDALA DAVID|582081/61/1|960452199|KANINI|M|22.0|NORTEC DIPLOMA IN HEAVY DIPLOMA 3 YEARS NEW|14350.0|2025|APPROVED
NCC-CDF-SKL-00089|NDOLA CENTRAL|NELLY MWANSA|496275/67/1|964049211|KANINI|F|29.0|NORTEC DIPLOMA IN HEAVY DIPLOMA 3 YEARS NEW|14350.0|2025|APPROVED
NCC-CDF-SKL-00090|NDOLA CENTRAL|NYIMBIN MOSES|556680/61/1|964497901|KANINI|M|24.0|NORTEC DIPLOMA IN HEAVY DIPLOMA 3 YEARS NEW|14350.0|2025|APPROVED
NCC-CDF-SKL-00091|NDOLA CENTRAL|LUKONA SAMUEL|631552/61/1|965668689|KANINI|M|18.0|NORTEC DIPLOMA IN HEAVY DIPLOMA 3 YEARS NEW|14350.0|2025|APPROVED
NCC-CDF-SKL-00092|NDOLA CENTRAL|KAFWETA JOSEPH|608935/61/1|968009963|KANINI|M|20.0|NORTEC DIPLOMA IN HEAVY DIPLOMA 3 YEARS NEW|14350.0|2025|APPROVED
NCC-CDF-SKL-00093|NDOLA CENTRAL|KAFWETA SITUMBEKO|608936/61/1|968009963|KANINI|M|23.0|NORTEC DIPLOMA IN HEAVY DIPLOMA 3 YEARS NEW|14350.0|2025|APPROVED
NCC-CDF-SKL-00094|NDOLA CENTRAL|NG'ANDU PAUL|632559/61/1|972114427|KANINI|M|20.0|NORTEC DIPLOMA IN HEAVY DIPLOMA 3 YEARS NEW|14350.0|2025|APPROVED
NCC-CDF-SKL-00095|NDOLA CENTRAL|SINKALA EMMANUEL|573802/61/1|975062703|KANINI|M|24.0|NORTEC DIPLOMA IN HEAVY DIPLOMA 3 YEARS RETURNING|14350.0|2025|APPROVED
NCC-CDF-SKL-00096|NDOLA CENTRAL|JENGO NAOMI|439903/67/1|975763693|KANINI|F|33.0|NORTEC DIPLOMA IN HEAVY DIPLOMA 3 YEARS NEW|14350.0|2025|APPROVED
NCC-CDF-SKL-00097|NDOLA CENTRAL|MUSUKWA ELIJAH DENNIS|623858/61/1|769902883|KANINI|M|21.0|NORTEC DIPLOMA IN MECHANICAL DIPLOMA 3 YEARS RETURNING|14950.0|2025|APPROVED
NCC-CDF-SKL-00098|NDOLA CENTRAL|MWANZA PATRICK|624217/61/1|779474760|KANINI|M|19.0|NORTEC TRADE TEST CERTIFICATE IN CERTIFICATE 1 YEAR NEW|7600.0|2025|APPROVED
NCC-CDF-SKL-00099|NDOLA CENTRAL|MUKABANGA OSBORN|521552/61/1|961679903|KANINI|M|25.0|NORTEC TRADE TEST CERTIFICATE IN CERTIFICATE 1 YEAR NEW|7600.0|2025|APPROVED
NCC-CDF-SKL-00100|NDOLA CENTRAL|MWAMBA GEOFERY|570012/61/1|764437917|KANINI|M|25.0|NORTEC TRADE TEST CERTIFICATE IN CERTIFICATE 1 YEAR NEW|7600.0|2025|APPROVED
NCC-CDF-SKL-00101|NDOLA CENTRAL|KATONGO CHARLES|638825/61/1|777213909|KANINI|M|18.0|NORTEC TRADE TEST CERTIFICATE IN CERTIFICATE 1 YEAR NEW|7600.0|2025|APPROVED
NCC-CDF-SKL-00102|NDOLA CENTRAL|KANGWA MUKUKA|614479/61/1|973688000|KANINI|F|20.0|NORTEC TRADE TEST CERTIFICATE IN CERTIFICATE 1 YEAR NEW|7600.0|2025|APPROVED
NCC-CDF-SKL-00103|NDOLA CENTRAL|NATASHA NALAVWE|542788/61/1|962955067|KANINI|F|24.0|NORTHERN POLYTECHNIC FOOD PRODUCTION CERTIFICATE 1 YEAR NEW|18550.0|2025|APPROVED
NCC-CDF-SKL-00104|NDOLA CENTRAL|MUTAFELA RACHEAL|822394/10/1|971138632|KANINI|F|21.0|PASCAL INSTITUTE OF OPERATOR EXAVAVATOR OPERATOR CERTIFICATE 1 MONTH NEW|6750.0|2025|APPROVED
NCC-CDF-SKL-00105|NDOLA CENTRAL|MASUMBA SAMUEL|622191/61/1|763172699|KANINI|M|19.0|PASCAL INSTITUTE OF OPERATOR HEAVY DUTY OPERATOR CERTIFICATE 1 MONTH NEW|6750.0|2025|APPROVED
NCC-CDF-SKL-00106|NDOLA CENTRAL|TEMBO LEVAIN|612476/69/1|976605385|KANINI|M|20.0|PASCAL INSTITUTE OF OPERATOR HEAVY DUTY OPERATOR CERTIFICATE 1 MONTH NEW|6750.0|2025|APPROVED
NCC-CDF-SKL-00107|NDOLA CENTRAL|FAITH CHILABA KALASA|340016/10/1|954333009|KANINI|F|31.0|TVTC GENERAL HOSPITALITY CERTIFICATE 1 YEAR NEW|26700.0|2025|APPROVED
NCC-CDF-SKL-00108|NDOLA CENTRAL|CHEWE SICHELA|614619/61/1|771168924|KANINI|M|19.0|ZAMBIA UNIVERSITY COLLEGE OF DIPLOMA IN COMPUTER DIPLOMA 3 YEARS RETURNING|8400.0|2025|APPROVED
NCC-CDF-SKL-00109|NDOLA CENTRAL|NDHLOVU NGOSA|586668/10/1|968020928|KANINI|M|25.0|ZAMBIA UNIVERSITY COLLEGE OF DIPLOMA IN COMPUTER DIPLOMA 3 YEARS RETURNING|8400.0|2025|APPROVED
NCC-CDF-SKL-00110|NDOLA CENTRAL|KUNDA OMRI CHANDA|517573/61/1|962397785|KANSENSHI|M|28.0|MOTOR LINK DRIVING SCHOOL DRIVING B CERTIFICATE 1 MONTH NEW|4300.0|2025|APPROVED
NCC-CDF-SKL-00111|NDOLA CENTRAL|THENDAI MHANGO|338252/10/1|977539869|KANSENSHI|F|29.0|MOTOR LINK DRIVING SCHOOL DRIVING B CERTIFICATE 1 MONTH NEW|4300.0|2025|APPROVED
NCC-CDF-SKL-00112|NDOLA CENTRAL|MUULWA ASTRIDAH|271489/71/1|979384570|KANSENSHI|F|29.0|MOTOR LINK DRIVING SCHOOL DRIVING B CERTIFICATE 1 MONTH NEW|4300.0|2025|APPROVED
NCC-CDF-SKL-00113|NDOLA CENTRAL|ZULU DALISTO|518361/61/1|965879087|KANSENSHI|M|22.0|MOTOR LINK DRIVING SCHOOL DRIVING C CERTIFICATE 1 MONTH NEW|4300.0|2025|APPROVED
NCC-CDF-SKL-00114|NDOLA CENTRAL|MUSONDA SANDRA CHANDA|373345/61/1|965905439|KANSENSHI|F|34.0|MOTOR LINK DRIVING SCHOOL DRIVING C CERTIFICATE 1 MONTH NEW|4300.0|2025|APPROVED
NCC-CDF-SKL-00115|NDOLA CENTRAL|MUIONDO BISHET|496098/61/1|975263653|KANSENSHI|M|26.0|MOTOR LINK DRIVING SCHOOL DRIVING C CERTIFICATE 1 MONTH NEW|4300.0|2025|APPROVED
NCC-CDF-SKL-00116|NDOLA CENTRAL|LUKOLE BRIAN|489656/61/1|975700849|KANSENSHI|M|30.0|MOTOR LINK DRIVING SCHOOL DRIVING C1 CERTIFICATE 1 MONTH NEW|4300.0|2025|APPROVED
NCC-CDF-SKL-00117|NDOLA CENTRAL|MUTINTA KANTINA|442185/61/1|978011593|KANSENSHI|M|32.0|MOTOR LINK DRIVING SCHOOL DRIVING C1 CERTIFICATE 1 MONTH NEW|4300.0|2025|APPROVED
NCC-CDF-SKL-00118|NDOLA CENTRAL|MUYAMBANGO MARTIN|462919/61/1|766444907|KANSENSHI|M|32.0|MOTOR LINK DRIVING SCHOOL DRIVING CE CERTIFICATE 1 MONTH NEW|4300.0|2025|APPROVED
NCC-CDF-SKL-00119|NDOLA CENTRAL|CHILUFYA REAGAN|474836/61/1|777377537|KANSENSHI|M|27.0|MOTOR LINK DRIVING SCHOOL DRIVING CE CERTIFICATE 1 MONTH NEW|4300.0|2025|APPROVED
NCC-CDF-SKL-00120|NDOLA CENTRAL|PHIRI GRACIOUS|491065/61/1|777914638|KANSENSHI|M|29.0|MOTOR LINK DRIVING SCHOOL DRIVING CE CERTIFICATE 1 MONTH NEW|4300.0|2025|APPROVED
NCC-CDF-SKL-00121|NDOLA CENTRAL|SIMWANZA MASHEKE SIMBA|122666/61/1|779538040|KANSENSHI|M|31.0|MOTOR LINK DRIVING SCHOOL DRIVING CE CERTIFICATE 1 MONTH NEW|4300.0|2025|APPROVED
NCC-CDF-SKL-00122|NDOLA CENTRAL|KAPEMBWA DANNY|509905/61/1|779834947|KANSENSHI|M|26.0|MOTOR LINK DRIVING SCHOOL DRIVING CE CERTIFICATE 1 MONTH NEW|4300.0|2025|APPROVED
NCC-CDF-SKL-00123|NDOLA CENTRAL|CHARLES BWALYA|253425/46/1|960926361|KANSENSHI|M|28.0|MOTOR LINK DRIVING SCHOOL DRIVING CE CERTIFICATE 1 MONTH NEW|4300.0|2025|APPROVED
NCC-CDF-SKL-00124|NDOLA CENTRAL|KAMPAMBA CHRISTOPHER|542644/61/1|962230172|KANSENSHI|M|24.0|MOTOR LINK DRIVING SCHOOL DRIVING CE CERTIFICATE 1 MONTH NEW|4300.0|2025|APPROVED
NCC-CDF-SKL-00125|NDOLA CENTRAL|MUBANGA GEOFREY|363505/61/1|964011940|KANSENSHI|M|34.0|MOTOR LINK DRIVING SCHOOL DRIVING CE CERTIFICATE 1 MONTH NEW|4300.0|2025|APPROVED
NCC-CDF-SKL-00126|NDOLA CENTRAL|SIKAPILA SIMON|486506/61/1|964854702|KANSENSHI|M|27.0|MOTOR LINK DRIVING SCHOOL DRIVING CE CERTIFICATE 1 MONTH NEW|4300.0|2025|APPROVED
NCC-CDF-SKL-00127|NDOLA CENTRAL|PHIRI ELIZABETH YANILA|545783/61/1|965936214|KANSENSHI|F|24.0|MOTOR LINK DRIVING SCHOOL DRIVING CE CERTIFICATE 1 MONTH NEW|4300.0|2025|APPROVED
NCC-CDF-SKL-00128|NDOLA CENTRAL|BONFACE PHIRI|413528/61/1|966905068|KANSENSHI|M|32.0|MOTOR LINK DRIVING SCHOOL DRIVING CE CERTIFICATE 1 MONTH NEW|4300.0|2025|APPROVED
NCC-CDF-SKL-00129|NDOLA CENTRAL|MWENYA HARRIET|262311/64/1|967140322|KANSENSHI|F|23.0|MOTOR LINK DRIVING SCHOOL DRIVING CE CERTIFICATE 1 MONTH NEW|4300.0|2025|APPROVED
NCC-CDF-SKL-00130|NDOLA CENTRAL|BWALYA PRECIOUS LEYA|445699/61/1|968462216|KANSENSHI|F|32.0|MOTOR LINK DRIVING SCHOOL DRIVING CE CERTIFICATE 1 MONTH NEW|4300.0|2025|APPROVED
NCC-CDF-SKL-00131|NDOLA CENTRAL|MILALE MUBIANA|316725/66/1|971957566|KANSENSHI|M|33.0|MOTOR LINK DRIVING SCHOOL DRIVING CE CERTIFICATE 1 MONTH NEW|4300.0|2025|APPROVED
NCC-CDF-SKL-00132|NDOLA CENTRAL|NZIMA MWAIPHOELWA|758550/52/1|974352464|KANSENSHI|M|21.0|MOTOR LINK DRIVING SCHOOL DRIVING CE CERTIFICATE 1 MONTH NEW|4300.0|2025|APPROVED
NCC-CDF-SKL-00133|NDOLA CENTRAL|KATONGO LACKSON|341290/43/1|976268853|KANSENSHI|M|30.0|MOTOR LINK DRIVING SCHOOL DRIVING CE CERTIFICATE 1 MONTH NEW|4300.0|2025|APPROVED
NCC-CDF-SKL-00134|NDOLA CENTRAL|MWENGE WARREN|342016/66/1|979541454|KANSENSHI|M|29.0|MOTOR LINK DRIVING SCHOOL DRIVING CE CERTIFICATE 1 MONTH NEW|4300.0|2025|APPROVED
NCC-CDF-SKL-00135|NDOLA CENTRAL|YANDE CHISHA|640924/10/1|765203878|KANSENSHI|M|21.0|NATIONAL VOCATIONAL CERTIFICATE IN CERTIFICATE 1 YEAR NEW|6570.0|2025|APPROVED
NCC-CDF-SKL-00136|NDOLA CENTRAL|ABITON LUNGU|572188/10/1|773962633|KANSENSHI|M|24.0|NATIONAL VOCATIONAL CERTIFICATE IN CERTIFICATE 1 YEAR NEW|6570.0|2025|APPROVED
NCC-CDF-SKL-00137|NDOLA CENTRAL|CHANDA TEMWANI|651992/61/1|976268178|KANSENSHI|F|17.0|NATIONAL VOCATIONAL CRAFT FASHION DESIGN AND CERTIFICATE 2 YEARS NEW|11400.0|2025|APPROVED
NCC-CDF-SKL-00138|NDOLA CENTRAL|DYNESS MWABA|544849/61/1|966559786|KANSENSHI|F|26.0|NORTEC ADVANCED CERTIFICATE IN CERTIFICATE 2 YEARS NEW|7600.0|2025|APPROVED
NCC-CDF-SKL-00139|NDOLA CENTRAL|SIWILA MAYBIN|623870/61/1|971577112|KANSENSHI|M|25.0|NORTEC CRAFT CERTIFICATE IN CERTIFICATE 2 YEARS NEW|8700.0|2025|APPROVED
NCC-CDF-SKL-00140|NDOLA CENTRAL|MWAPE PHILLIP NGOSA|406607/10/1|977764484|KANSENSHI|M|26.0|NORTEC CRAFT CERTIFICATE IN CERTIFICATE 2 YEARS RETURNING|8700.0|2025|APPROVED
NCC-CDF-SKL-00141|NDOLA CENTRAL|CHANDA MAPALO|592300/61/1|764007425|KANSENSHI|M|21.0|NORTEC CRAFT CERTIFICATE IN CERTIFICATE 2 YEARS NEW|8700.0|2025|APPROVED
NCC-CDF-SKL-00142|NDOLA CENTRAL|MBEWE MAPALO|601983/61/1|770210267|KANSENSHI|M|22.0|NORTEC CRAFT CERTIFICATE IN HEAVY CERTIFICATE 2 YEARS RETURNING|7600.0|2025|APPROVED
NCC-CDF-SKL-00143|NDOLA CENTRAL|WANDILA MILDRED|657150/67/1|967120297|KANSENSHI|F|18.0|NORTEC CRAFT CERTIFICATE IN HEAVY CERTIFICATE 2 YEARS RETURNING|7600.0|2025|APPROVED
NCC-CDF-SKL-00144|NDOLA CENTRAL|MPOFU ANDREW|399822/65/1|767752440|KANSENSHI|M|23.0|NORTEC CRAFT CERTIFICATE IN HEAVY CERTIFICATE 2 YEARS NEW|7600.0|2025|APPROVED
NCC-CDF-SKL-00145|NDOLA CENTRAL|LIMU TITUS|647903/67/1|962447621|KANSENSHI|M|22.0|NORTEC CRAFT CERTIFICATE IN HEAVY CERTIFICATE 2 YEARS NEW|7600.0|2025|APPROVED
NCC-CDF-SKL-00146|NDOLA CENTRAL|KONDOWE MUSONDA|419613/61/1|973163027|KANSENSHI|F|34.0|NORTEC CRAFT CERTIFICATE IN HEAVY CERTIFICATE 2 YEARS NEW|7600.0|2025|APPROVED
NCC-CDF-SKL-00147|NDOLA CENTRAL|KABUYANA CHAPLES|561553/61/1|974418746|KANSENSHI|M|22.0|NORTEC CRAFT CERTIFICATE IN HEAVY CERTIFICATE 2 YEARS NEW|7600.0|2025|APPROVED
NCC-CDF-SKL-00148|NDOLA CENTRAL|MUNZELE LUYANDO|271836/15/1|976892624|KANSENSHI|F|26.0|NORTEC CRAFT CERTIFICATE IN HEAVY CERTIFICATE 2 YEARS NEW|7600.0|2025|APPROVED
NCC-CDF-SKL-00149|NDOLA CENTRAL|SHAPOTA GEORGE|541396/61/1|768385673|KANSENSHI|M|24.0|NORTEC DIPLOMA IN AUTOMOTIVE DIPLOMA 3 YEARS RETURNING|8700.0|2025|APPROVED
NCC-CDF-SKL-00150|NDOLA CENTRAL|MWENYA NOVICE|590755/61/1|772637822|KANSENSHI|M|21.0|NORTEC DIPLOMA IN AUTOMOTIVE DIPLOMA 3 YEARS RETURNING|8700.0|2025|APPROVED
NCC-CDF-SKL-00151|NDOLA CENTRAL|MWAPE INNOCENT|557300/61/1|768395056|KANSENSHI|M|25.0|NORTEC DIPLOMA IN COMPUTER DIPLOMA 3 YEARS RETURNING|8700.0|2025|APPROVED
NCC-CDF-SKL-00152|NDOLA CENTRAL|HASSAN MUMBA|591870/61/1|777428336|KANSENSHI|M|21.0|NORTEC DIPLOMA IN ELECTRICAL & DIPLOMA 3 YEARS NEW|8700.0|2025|APPROVED
NCC-CDF-SKL-00153|NDOLA CENTRAL|NAOMI MASIYE|623584/61/1|968917035|KANSENSHI|M|18.0|NORTEC DIPLOMA IN ELECTRICAL & DIPLOMA 3 YEARS NEW|8700.0|2025|APPROVED
NCC-CDF-SKL-00154|NDOLA CENTRAL|ZIMBA MAXMILLAN|538442/61/1|760695972|KANSENSHI|M|24.0|NORTEC DIPLOMA IN ELECTRICAL DIPLOMA 3 YEARS RETURNING|8700.0|2025|APPROVED
NCC-CDF-SKL-00155|NDOLA CENTRAL|MUTENFE ELIAS|605825/61/1|761850923|KANSENSHI|M|20.0|NORTEC DIPLOMA IN ELECTRICAL DIPLOMA 3 YEARS NEW|8700.0|2025|APPROVED
NCC-CDF-SKL-00156|NDOLA CENTRAL|MWELWA STEVEN|632863/61/1|762588500|KANSENSHI|M|20.0|NORTEC DIPLOMA IN ELECTRICAL DIPLOMA 3 YEARS NEW|8700.0|2025|APPROVED
NCC-CDF-SKL-00157|NDOLA CENTRAL|MWEPU CHIMANGA|642639/67/1|767142104|KANSENSHI|M|20.0|NORTEC DIPLOMA IN ELECTRICAL DIPLOMA 3 YEARS RETURNING|8700.0|2025|APPROVED
NCC-CDF-SKL-00158|NDOLA CENTRAL|MKANDAWIRE PHIDERIA|631920/61/1|768891014|KANSENSHI|F|19.0|NORTEC DIPLOMA IN ELECTRICAL DIPLOMA 3 YEARS NEW|8700.0|2025|APPROVED
NCC-CDF-SKL-00159|NDOLA CENTRAL|MWABA CHITUNDU|617127/61/1|956991679|KANSENSHI|M|19.0|NORTEC DIPLOMA IN ELECTRICAL DIPLOMA 3 YEARS RETURNING|8700.0|2025|APPROVED
NCC-CDF-SKL-00160|NDOLA CENTRAL|PHARAOH PHIRI|546277/61/1|963373133|KANSENSHI|M|25.0|NORTEC DIPLOMA IN ELECTRICAL DIPLOMA 3 YEARS RETURNING|8700.0|2025|APPROVED
NCC-CDF-SKL-00161|NDOLA CENTRAL|CHIBWE PEGGY|617149/61/1|968362977|KANSENSHI|F|21.0|NORTEC DIPLOMA IN ELECTRICAL DIPLOMA 3 YEARS RETURNING|8700.0|2025|APPROVED
NCC-CDF-SKL-00162|NDOLA CENTRAL|BANDA EMMANUEL|567058/61/1|970640986|KANSENSHI|M|22.0|NORTEC DIPLOMA IN ELECTRICAL DIPLOMA 3 YEARS RETURNING|8700.0|2025|APPROVED
NCC-CDF-SKL-00163|NDOLA CENTRAL|LESA JOSHUA|567733/61/1|761414340|KANSENSHI|M|21.0|NORTEC DIPLOMA IN HEAVY DIPLOMA 3 YEARS RETURNING|14350.0|2025|APPROVED
NCC-CDF-SKL-00164|NDOLA CENTRAL|MWAPE LUCKSON|573102/61/1|761532865|KANSENSHI|M|24.0|NORTEC DIPLOMA IN HEAVY DIPLOMA 3 YEARS RETURNING|14350.0|2025|APPROVED
NCC-CDF-SKL-00165|NDOLA CENTRAL|KAONGA LOTTIE|579980/67/1|761789818|KANSENSHI|M|25.0|NORTEC DIPLOMA IN HEAVY DIPLOMA 3 YEARS RETURNING|14350.0|2025|APPROVED
NCC-CDF-SKL-00166|NDOLA CENTRAL|MUKE DAVID|486578/61/1|764465983|KANSENSHI|M|26.0|NORTEC DIPLOMA IN HEAVY DIPLOMA 3 YEARS RETURNING|14350.0|2025|APPROVED
NCC-CDF-SKL-00167|NDOLA CENTRAL|CHANDA BOB|571003/61/1|767770997|KANSENSHI|M|22.0|NORTEC DIPLOMA IN HEAVY DIPLOMA 3 YEARS RETURNING|14350.0|2025|APPROVED
NCC-CDF-SKL-00168|NDOLA CENTRAL|TEMBO COSMAS|572733/61/1|771081934|KANSENSHI|M|21.0|NORTEC DIPLOMA IN HEAVY DIPLOMA 3 YEARS RETURNING|14350.0|2025|APPROVED
NCC-CDF-SKL-00169|NDOLA CENTRAL|CHABALA PEPHIAS MPUNDU|611402/61/1|961378922|KANSENSHI|M|19.0|NORTEC DIPLOMA IN HEAVY DIPLOMA 3 YEARS NEW|14350.0|2025|APPROVED
NCC-CDF-SKL-00170|NDOLA CENTRAL|MBASELA COLLINS|569685/67/1|965427738|KANSENSHI|M|30.0|NORTEC DIPLOMA IN HEAVY DIPLOMA 3 YEARS RETURNING|14350.0|2025|APPROVED
NCC-CDF-SKL-00171|NDOLA CENTRAL|MOSES CHALWE|399828/66/1|7773074122|KANSENSHI|M|20.0|NORTEC DIPLOMA IN HEAVY DIPLOMA 3 YEARS NEW|14350.0|2025|APPROVED
NCC-CDF-SKL-00172|NDOLA CENTRAL|NG'ANDNE CHILUFYA|251642/63/1|761062694|KANSENSHI|F|25.0|NORTEC TRADE TEST CERTIFICATE IN CERTIFICATE 1 YEAR NEW|7600.0|2025|APPROVED
NCC-CDF-SKL-00173|NDOLA CENTRAL|ZULU MOSES|577214/61/1|772126817|KANSENSHI|M|22.0|NORTEC TRADE TEST CERTIFICATE IN CERTIFICATE 1 YEAR NEW|7600.0|2025|APPROVED
NCC-CDF-SKL-00174|NDOLA CENTRAL|CHANDA JOSEPH|455935/61/1|768336315|KANSENSHI|M|31.0|NORTEC TRADE TEST CERTIFICATE IN CERTIFICATE 1 YEAR NEW|7600.0|2025|APPROVED
NCC-CDF-SKL-00175|NDOLA CENTRAL|MUNYENYEMBE JOHNATHAN|342554/64/1|779595974|KANSENSHI|M|28.0|NORTEC TRADE TEST CERTIFICATE IN CERTIFICATE 1 YEAR NEW|7600.0|2025|APPROVED
NCC-CDF-SKL-00176|NDOLA CENTRAL|CHANDA JUDITH|542390/61/1|962530366|KANSENSHI|F|25.0|NORTEC TRADE TEST CERTIFICATE IN CERTIFICATE 1 YEAR NEW|7600.0|2025|APPROVED
NCC-CDF-SKL-00177|NDOLA CENTRAL|CHIBWILI PRINCE|500337/61/1|965162291|KANSENSHI|M|28.0|NORTEC TRADE TEST CERTIFICATE IN CERTIFICATE 1 YEAR NEW|7600.0|2025|APPROVED
NCC-CDF-SKL-00178|NDOLA CENTRAL|CHABALA THOMAS|411847/61/1|966787758|KANSENSHI|M|33.0|NORTEC TRADE TEST CERTIFICATE IN CERTIFICATE 1 YEAR NEW|7600.0|2025|APPROVED
NCC-CDF-SKL-00179|NDOLA CENTRAL|MUSONDA PRINCE|380588/64/1|966975752|KANSENSHI|M|20.0|NORTEC TRADE TEST CERTIFICATE IN CERTIFICATE 1 YEAR NEW|7600.0|2025|APPROVED
NCC-CDF-SKL-00180|NDOLA CENTRAL|MUBITA MUBITA|330589/85/1|971952841|KANSENSHI|M|33.0|NORTEC TRADE TEST CERTIFICATE IN CERTIFICATE 1 YEAR NEW|7600.0|2025|APPROVED
NCC-CDF-SKL-00181|NDOLA CENTRAL|MUKUKA ELVIS|354144/17/1|971969329|KANSENSHI|M|26.0|NORTEC TRADE TEST CERTIFICATE IN CERTIFICATE 1 YEAR NEW|7600.0|2025|APPROVED
NCC-CDF-SKL-00182|NDOLA CENTRAL|MULENGA BRYSON|354950/10/1|972788807|KANSENSHI|M|28.0|NORTEC TRADE TEST CERTIFICATE IN CERTIFICATE 1 YEAR NEW|7600.0|2025|APPROVED
NCC-CDF-SKL-00183|NDOLA CENTRAL|MWALE JOEY|866417/10/1|976566048|KANSENSHI|M|19.0|NORTEC TRADE TEST CERTIFICATE IN CERTIFICATE 1 YEAR NEW|7600.0|2025|APPROVED
NCC-CDF-SKL-00184|NDOLA CENTRAL|SIANYUNGWA ORACLE|383280/73/1|976798045|KANSENSHI|M|22.0|NORTEC TRADE TEST CERTIFICATE IN CERTIFICATE 1 YEAR NEW|7600.0|2025|APPROVED
NCC-CDF-SKL-00185|NDOLA CENTRAL|MOOMPO KEAGAN|241146/10/1|977394866|KANSENSHI|M|33.0|NORTEC TRADE TEST CERTIFICATE IN CERTIFICATE 1 YEAR NEW|7600.0|2025|APPROVED
NCC-CDF-SKL-00186|NDOLA CENTRAL|MASEKELA CHRISTINE|263455/10/1|977441389|KANSENSHI|M|33.0|NORTEC TRADE TEST CERTIFICATE IN CERTIFICATE 1 YEAR NEW|7600.0|2025|APPROVED
NCC-CDF-SKL-00187|NDOLA CENTRAL|PHIRI MOPHAT|644748/61/1|978086537|KANSENSHI|M|19.0|NORTEC TRADE TEST CERTIFICATE IN CERTIFICATE 1 YEAR NEW|7600.0|2025|APPROVED
NCC-CDF-SKL-00188|NDOLA CENTRAL|MUSONDA JACKSON|226467/35/1|7633928610|KANSENSHI|M|25.0|NORTEC TRADE TEST CERTIFICATE IN CERTIFICATE 1 YEAR NEW|7600.0|2025|APPROVED
NCC-CDF-SKL-00189|NDOLA CENTRAL|WAPALWENA MWAPE|562441/67/1|966944433|KANSENSHI|M|27.0|NORTEC TRADE TEST CERTIFICATE IN CERTIFICATE 1 YEAR NEW|7600.0|2025|APPROVED
NCC-CDF-SKL-00190|NDOLA CENTRAL|SILUPYA MWIZA|604380/67/1|776136328|KANSENSHI|M|20.0|NORTEC TRADE TEST CERTIFICATE IN CERTIFICATE 1 YEAR NEW|7600.0|2025|APPROVED
NCC-CDF-SKL-00191|NDOLA CENTRAL|PHIRI THANDIWE|459642/61/1|968453513|KANSENSHI|F|28.0|NORTEC TRADE TEST CERTIFICATE IN CERTIFICATE 1 YEAR NEW|7600.0|2025|APPROVED
NCC-CDF-SKL-00192|NDOLA CENTRAL|YONAH SIMUCHIMBA|630350/61/1|774342579|KANSENSHI|M|20.0|NORTEC TRADE TEST CERTIFICATE IN CERTIFICATE 1 YEAR NEW|7600.0|2025|APPROVED
NCC-CDF-SKL-00193|NDOLA CENTRAL|HELLEN CHILUFYA|614315/61/1|771549724|KANSENSHI|F|20.0|NORTHERN POLYTECHNIC AUTOMOTIVE ELECTRICAL CERTIFICATE 1 YEAR NEW|20550.0|2025|APPROVED
NCC-CDF-SKL-00194|NDOLA CENTRAL|ANOLD LUNGU|366045/68/1|9723255215|KANSENSHI|M|19.0|NORTHERN POLYTECHNIC AUTOMOTIVE MECHANICS CERTIFICATE 1 YEAR NEW|17450.0|2025|APPROVED
NCC-CDF-SKL-00195|NDOLA CENTRAL|NALUNGWE MILDRED|544415/61/1|760708424|KANSENSHI|F|25.0|NORTHERN POLYTECHNIC CERTIFICATE IN ELECTRICAL CERTIFICATE 1 YEAR NEW|17550.0|2025|APPROVED
NCC-CDF-SKL-00196|NDOLA CENTRAL|MUSONDA BLESSINGS|657765/67/1|761534748|KANSENSHI|M|19.0|NORTHERN POLYTECHNIC CERTIFICATE IN ELECTRICAL CERTIFICATE 1 YEAR NEW|17550.0|2025|APPROVED
NCC-CDF-SKL-00197|NDOLA CENTRAL|CHELA EMMANUEL|386110/43/1|763203062|KANSENSHI|M|25.0|NORTHERN POLYTECHNIC CERTIFICATE IN ELECTRICAL CERTIFICATE 1 YEAR NEW|17550.0|2025|APPROVED
NCC-CDF-SKL-00198|NDOLA CENTRAL|NG'ANDWE JENNIPHER|595974/67/1|770758289|KANSENSHI|F|22.0|NORTHERN POLYTECHNIC CERTIFICATE IN ELECTRICAL CERTIFICATE 1 YEAR NEW|17550.0|2025|APPROVED
NCC-CDF-SKL-00199|NDOLA CENTRAL|TEMBO PATRICK|766796/10/1|773947463|KANSENSHI|M|22.0|NORTHERN POLYTECHNIC CERTIFICATE IN ELECTRICAL CERTIFICATE 1 YEAR NEW|17550.0|2025|APPROVED
NCC-CDF-SKL-00200|NDOLA CENTRAL|CHISHIMBA JOHN|379236/66/1|774707637|KANSENSHI|M|26.0|NORTHERN POLYTECHNIC CERTIFICATE IN ELECTRICAL CERTIFICATE 1 YEAR NEW|17550.0|2025|APPROVED
NCC-CDF-SKL-00201|NDOLA CENTRAL|MOSES MILENDU|389439/43/1|779014916|KANSENSHI|M|24.0|NORTHERN POLYTECHNIC CERTIFICATE IN ELECTRICAL CERTIFICATE 1 YEAR NEW|17550.0|2025|APPROVED
NCC-CDF-SKL-00202|NDOLA CENTRAL|TITO ARTHUR|279079/71/1|956552337|KANSENSHI|M|25.0|NORTHERN POLYTECHNIC CERTIFICATE IN ELECTRICAL CERTIFICATE 1 YEAR NEW|17550.0|2025|APPROVED
NCC-CDF-SKL-00203|NDOLA CENTRAL|MULENGA DENNY|395520/64/1|963602689|KANSENSHI|M|22.0|NORTHERN POLYTECHNIC CERTIFICATE IN ELECTRICAL CERTIFICATE 1 YEAR NEW|17550.0|2025|APPROVED
NCC-CDF-SKL-00204|NDOLA CENTRAL|NGONGA JONAS|389929/66/1|964689099|KANSENSHI|M|20.0|NORTHERN POLYTECHNIC CERTIFICATE IN ELECTRICAL CERTIFICATE 1 YEAR NEW|17550.0|2025|APPROVED
NCC-CDF-SKL-00205|NDOLA CENTRAL|SIMUTE CHARLES|584861/61/1|967483295|KANSENSHI|M|22.0|NORTHERN POLYTECHNIC CERTIFICATE IN ELECTRICAL CERTIFICATE 1 YEAR NEW|17550.0|2025|APPROVED
NCC-CDF-SKL-00206|NDOLA CENTRAL|SIWALE NTAMANYILE|235795/77/1|968067353|KANSENSHI|M|23.0|NORTHERN POLYTECHNIC CERTIFICATE IN ELECTRICAL CERTIFICATE 1 YEAR NEW|17550.0|2025|APPROVED
NCC-CDF-SKL-00207|NDOLA CENTRAL|KANGWA CHILESHE|556693/61/1|968610582|KANSENSHI|M|24.0|NORTHERN POLYTECHNIC CERTIFICATE IN ELECTRICAL CERTIFICATE 1 YEAR NEW|17550.0|2025|APPROVED
NCC-CDF-SKL-00208|NDOLA CENTRAL|NALUNGWE AGNESS|544416/61/1|975007546|KANSENSHI|M|23.0|NORTHERN POLYTECHNIC CERTIFICATE IN ELECTRICAL CERTIFICATE 1 YEAR NEW|17550.0|2025|APPROVED
NCC-CDF-SKL-00209|NDOLA CENTRAL|MALAMA LUKE|521162/61/1|978814043|KANSENSHI|M|25.0|NORTHERN POLYTECHNIC CERTIFICATE IN ELECTRICAL CERTIFICATE 1 YEAR NEW|17550.0|2025|APPROVED
NCC-CDF-SKL-00210|NDOLA CENTRAL|CHIBALE OWEN|395580/64/1|974649656|KANSENSHI|M|22.0|NORTHERN POLYTECHNIC CERTIFICATE IN ELECTRICAL CERTIFICATE 1 YEAR NEW|17550.0|2025|APPROVED
NCC-CDF-SKL-00211|NDOLA CENTRAL|KAZHIKO SIMBON|315853/24/1|966944433|KANSENSHI|M|27.0|NORTHERN POLYTECHNIC CERTIFICATE IN ELECTRICAL CERTIFICATE 1 YEAR NEW|17550.0|2025|APPROVED
NCC-CDF-SKL-00212|NDOLA CENTRAL|KASAMU LOUIS MUKUKA|770921/10/1|774645056|KANSENSHI|M|22.0|NORTHERN POLYTECHNIC CERTIFICATE IN ELECTRICAL CERTIFICATE 1 YEAR NEW|17550.0|2025|APPROVED
NCC-CDF-SKL-00213|NDOLA CENTRAL|KANGWA COLLINS|392038/43/1|974441660|KANSENSHI|M|24.0|NORTHERN POLYTECHNIC CERTIFICATE IN ELECTRICAL CERTIFICATE 1 YEAR NEW|17550.0|2025|APPROVED
NCC-CDF-SKL-00214|NDOLA CENTRAL|RANDSON LUNGU|318022/68/1|963461900|KANSENSHI|M|26.0|NORTHERN POLYTECHNIC METAL FABRICATION CERTIFICATE 1 YEAR NEW|20550.0|2025|APPROVED
NCC-CDF-SKL-00215|NDOLA CENTRAL|BANDA THOMAS DALISO|495206/61/1|972462177|KANSENSHI|M|26.0|PASCAL INSTITUTE OF OPERATOR DUMP TRUCK OPERATOR CERTIFICATE 1 MONTH NEW|6750.0|2025|APPROVED
NCC-CDF-SKL-00216|NDOLA CENTRAL|JAMES MWEWA|288549/32/1|955944433|KANSENSHI|M|30.0|TVTC CARPENTRY AND JOINERY CERTIFICATE 1 YEAR NEW|26700.0|2025|APPROVED
NCC-CDF-SKL-00217|NDOLA CENTRAL|NGOMA ANGELA|620501/61/1|762799474|KANSENSHI|F|18.0|TWIKATANE NDOLA VACATIONAL CATERING CERTIFICATE 1 YEAR NEW|7675.0|2025|APPROVED
NCC-CDF-SKL-00218|NDOLA CENTRAL|MUMBA TIMOTHY|610769/61/1|772794107|KANSENSHI|M|20.0|ZAMBIA UNIVERSITY COLLEGE OF DIPLOMA IN ELECTRICAL & DIPLOMA 3 YEARS RETURNING|8400.0|2025|APPROVED
NCC-CDF-SKL-00219|NDOLA CENTRAL|MUMBA SAMSON|554264/61/1|964871311|KANSENSHI|M|26.0|ZAMBIA UNIVERSITY COLLEGE OF DIPLOMA IN INFORMATION DIPLOMA 3 YEARS RETURNING|8400.0|2025|APPROVED
NCC-CDF-SKL-00220|NDOLA CENTRAL|KAPEMBWA MAJOR|388404/33/1|970159295|KANSENSHI|M|21.0|ZAMBIA UNIVERSITY COLLEGE OF DIPLOMA IN INFORMATION DIPLOMA 3 YEARS RETURNING|8400.0|2025|APPROVED
NCC-CDF-SKL-00221|NDOLA CENTRAL|NGOMA TEHILA|633002/61/1|770921289|KANSENSHI|M|19.0|ZAMBIA UNIVERSITY COLLEGE OF INFORMATION TECHNOLOGY DIPLOMA 3 YEARS NEW|8400.0|2025|APPROVED
NCC-CDF-SKL-00222|NDOLA CENTRAL|NKONDE CHILESHE|407814/61/1|974649656|KANSENSHI|M|34.0|ZAMBIA UNIVERSITY COLLEGE OF INFORMATION TECHNOLOGY DIPLOMA 3 YEARS NEW|8400.0|2025|APPROVED
NCC-CDF-SKL-00223|NDOLA CENTRAL|NALUBWE CATHERINE|136968/96/1|978769737|KANSENSHI|F|22.0|ZAMBIA UNIVERSITY COLLEGE OF INFORMATION TECHNOLOGY DIPLOMA 3 YEARS NEW|8400.0|2025|APPROVED
NCC-CDF-SKL-00224|NDOLA CENTRAL|MILIMO MUNANG'ANDU|270014/77/1|773189832|KANSENSHI|F|18.0|ZESCO TRAINING CENTRE OVERHEAD LINE CERTIFICATE 2 YEARS NEW|16800.0|2025|APPROVED
NCC-CDF-SKL-00225|NDOLA CENTRAL|RABECCA MUSONDA|337575/47/1|967511713|KANSENSHI|M|18.0|ZESCO TRAINING CENTRE OVERHEAD LINE CERTIFICATE 2 YEARS NEW|16800.0|2025|APPROVED
NCC-CDF-SKL-00226|NDOLA CENTRAL|TINDI MISHELL SHADRICK|565976/61/1|762177866|MAPALO|M|24.0|ANTIOCH INSTITUTE OF CRAFT CERTIFICATE IN CERTIFICATE 2 YEARS NEW|6900.0|2025|APPROVED
NCC-CDF-SKL-00227|NDOLA CENTRAL|DALISO CHILINDA|509730/51/1|744382821|MAPALO|M|25.0|FOCUS DRIVING SCHOOL DRIVING CE CERTIFICATE 1 MONTH NEW|4300.0|2025|APPROVED
NCC-CDF-SKL-00228|NDOLA CENTRAL|ZULU KAPENGWE|567521/61/1|763999206|MAPALO|M|23.0|FOCUS DRIVING SCHOOL DRIVING CE CERTIFICATE 1 MONTH NEW|4300.0|2025|APPROVED
NCC-CDF-SKL-00229|NDOLA CENTRAL|JULIUS CHITAMBO|337270/62/1|765815940|MAPALO|M|24.0|FOCUS DRIVING SCHOOL DRIVING CE CERTIFICATE 1 MONTH NEW|4300.0|2025|APPROVED
NCC-CDF-SKL-00230|NDOLA CENTRAL|TITUS KASHINGE|560385/61/1|767045132|MAPALO|M|23.0|FOCUS DRIVING SCHOOL DRIVING CE CERTIFICATE 1 MONTH NEW|4300.0|2025|APPROVED
NCC-CDF-SKL-00231|NDOLA CENTRAL|JAMES SIMUKOKO|579567/61/1|768533994|MAPALO|M|24.0|FOCUS DRIVING SCHOOL DRIVING CE CERTIFICATE 1 MONTH NEW|4300.0|2025|APPROVED
NCC-CDF-SKL-00232|NDOLA CENTRAL|NYAMBE PUMULO|546223/61/1|769455049|MAPALO|M|26.0|FOCUS DRIVING SCHOOL DRIVING CE CERTIFICATE 1 MONTH NEW|4300.0|2025|APPROVED
NCC-CDF-SKL-00233|NDOLA CENTRAL|AARON KUNDA|490417/61/1|771530611|MAPALO|M|32.0|FOCUS DRIVING SCHOOL DRIVING CE CERTIFICATE 1 MONTH NEW|4300.0|2025|APPROVED
NCC-CDF-SKL-00234|NDOLA CENTRAL|CHILAMBWE PATRICK|155805/69/1|772879154|MAPALO|M|22.0|FOCUS DRIVING SCHOOL DRIVING CE CERTIFICATE 1 MONTH NEW|4300.0|2025|APPROVED
NCC-CDF-SKL-00235|NDOLA CENTRAL|ISAAC CHANDA|606250/61/1|779630155|MAPALO|M|26.0|FOCUS DRIVING SCHOOL DRIVING CE CERTIFICATE 1 MONTH NEW|4300.0|2025|APPROVED
NCC-CDF-SKL-00236|NDOLA CENTRAL|DAVID MUTALE|517606/61/1|962001203|MAPALO|M|24.0|FOCUS DRIVING SCHOOL DRIVING CE CERTIFICATE 1 MONTH NEW|4300.0|2025|APPROVED
NCC-CDF-SKL-00237|NDOLA CENTRAL|CHIPILI RICHARD|453566/61/1|962393833|MAPALO|M|33.0|FOCUS DRIVING SCHOOL DRIVING CE CERTIFICATE 1 MONTH NEW|4300.0|2025|APPROVED
NCC-CDF-SKL-00238|NDOLA CENTRAL|CHILABI JAMES|509263/63/1|965528579|MAPALO|M|27.0|FOCUS DRIVING SCHOOL DRIVING CE CERTIFICATE 1 MONTH NEW|4300.0|2025|APPROVED
NCC-CDF-SKL-00239|NDOLA CENTRAL|NKHATA LEYA|398500/61/1|965993373|MAPALO|F|34.0|FOCUS DRIVING SCHOOL DRIVING CE CERTIFICATE 1 MONTH NEW|4300.0|2025|APPROVED
NCC-CDF-SKL-00240|NDOLA CENTRAL|WILLIAM CHONGO|589141/67/1|966733031|MAPALO|M|25.0|FOCUS DRIVING SCHOOL DRIVING CE CERTIFICATE 1 MONTH NEW|4300.0|2025|APPROVED
NCC-CDF-SKL-00241|NDOLA CENTRAL|LESLIE GWAI|615851/51/1|967045132|MAPALO|M|20.0|FOCUS DRIVING SCHOOL DRIVING CE CERTIFICATE 1 MONTH NEW|4300.0|2025|APPROVED
NCC-CDF-SKL-00242|NDOLA CENTRAL|SIMWANZA SIBION|292282/47/1|967403330|MAPALO|M|23.0|FOCUS DRIVING SCHOOL DRIVING CE CERTIFICATE 1 MONTH NEW|4300.0|2025|APPROVED
NCC-CDF-SKL-00243|NDOLA CENTRAL|KUNDA JOSHUA|337915/62/1|969727067|MAPALO|M|22.0|FOCUS DRIVING SCHOOL DRIVING CE CERTIFICATE 1 MONTH NEW|4300.0|2025|APPROVED
NCC-CDF-SKL-00244|NDOLA CENTRAL|MUSONDA RODRICK|360081/33/1|974675265|MAPALO|M|29.0|FOCUS DRIVING SCHOOL DRIVING CE CERTIFICATE 1 MONTH NEW|4300.0|2025|APPROVED
NCC-CDF-SKL-00245|NDOLA CENTRAL|KAUNDA HAGGAI|378376/31/1|974685151|MAPALO|M|22.0|FOCUS DRIVING SCHOOL DRIVING CE CERTIFICATE 1 MONTH NEW|4300.0|2025|APPROVED
NCC-CDF-SKL-00246|NDOLA CENTRAL|KUNDA PHILEMON|605111/61/1|978045315|MAPALO|M|32.0|FOCUS DRIVING SCHOOL DRIVING CE CERTIFICATE 1 MONTH NEW|4300.0|2025|APPROVED
NCC-CDF-SKL-00247|NDOLA CENTRAL|KANKATO CHRISPIN|386868/61/1|966944433|MAPALO|M|34.0|FOCUS DRIVING SCHOOL DRIVING CE CERTIFICATE 1 MONTH NEW|4300.0|2025|APPROVED
NCC-CDF-SKL-00248|NDOLA CENTRAL|LATI SAMSOM|287637/68/1|961769774|MAPALO|M|32.0|KITWE TRADES SCHOOL MECHANICAL ENGEERING CERTIFICATE 2 YEARS NEW|7600.0|2025|APPROVED
NCC-CDF-SKL-00249|NDOLA CENTRAL|CHOLA MAXWELL|613003/61/1|769994795|MAPALO|M|21.0|LIBES AUTO MECHANICS CERTIFICATE 2 YEARS NEW|28800.0|2025|APPROVED
NCC-CDF-SKL-00250|NDOLA CENTRAL|MULOTA FELIX|876618/10/1|773001007|MAPALO|M|20.0|LIBES DIPLOMA IN ELECTRICAL DIPLOMA 3 YEARS NEW|28800.0|2025|APPROVED
NCC-CDF-SKL-00251|NDOLA CENTRAL|CHITAMBO BILL|560277/61/1|969797070|MAPALO|F|24.0|LIBES TRADE TEST CERTIFICATE IN CERTIFICATE 1 YEAR NEW|28800.0|2025|APPROVED
NCC-CDF-SKL-00252|NDOLA CENTRAL|YANDE NAMWILA|468912/61/1|962903424|MAPALO|F|30.0|LIBES TRADE TEST CERTIFICATE IN CERTIFICATE 1 YEAR NEW|28800.0|2025|APPROVED
NCC-CDF-SKL-00253|NDOLA CENTRAL|CHANDA JENNIPHER|337445/31/1|975012332|MAPALO|F|25.0|LIBES TRADE TEST CERTIFICATE IN CERTIFICATE 1 YEAR NEW|28800.0|2025|APPROVED
NCC-CDF-SKL-00254|NDOLA CENTRAL|CHOLA EPHRAIM|579228/61/1|764852152|MAPALO|M|20.0|LUANSHYA SKILLS TRAINING CRAFT CERTIFICATE IN CERTIFICATE 2 YEARS NEW|13500.0|2025|APPROVED
NCC-CDF-SKL-00255|NDOLA CENTRAL|CHILAMBE MARTHA|577699/61/1|964600397|MAPALO|F|22.0|LUANSHYA SKILLS TRAINING FOOD PRODUCTION CERTIFICATE 1 YEAR NEW|8000.0|2025|APPROVED
NCC-CDF-SKL-00256|NDOLA CENTRAL|SIMWANZA NAOMI|570593/61/1|973661920|MAPALO|M|22.0|LUANSHYA SKILLS TRAINING FOOD PRODUCTION CERTIFICATE 1 YEAR NEW|8000.0|2025|APPROVED
NCC-CDF-SKL-00257|NDOLA CENTRAL|LOMBE SENEFA|569358/61/1|760482942|MAPALO|M|22.0|LUANSHYA SKILLS TRAINING GENERAL HOSPITALITY CERTIFICATE 1 YEAR NEW|8000.0|2025|APPROVED
NCC-CDF-SKL-00258|NDOLA CENTRAL|SIBANDA STERN|358071/17/1|960412160|MAPALO|M|29.0|LUANSHYA SKILLS TRAINING ICT CERTIFICATE 1 YEAR NEW|6570.0|2025|APPROVED
NCC-CDF-SKL-00259|NDOLA CENTRAL|PATRICK TAGWIREI|445853/16/1|964059384|MAPALO|M|24.0|LUANSHYA SKILLS TRAINING TRADE CERTIFICATE IN CERTIFICATE 1 YEAR NEW|8700.0|2025|APPROVED
NCC-CDF-SKL-00260|NDOLA CENTRAL|KAYATA ETHEL|584279/61/1|964507885|MAPALO|F|24.0|MORAVIAN SKILLS TRAINING DESIGN CUTTING AND CERTIFICATE 1 YEAR NEW|7000.0|2025|APPROVED
NCC-CDF-SKL-00261|NDOLA CENTRAL|GRACE BANDA|595347/61/1|762246245|MAPALO|F|23.0|MORAVIAN SKILLS TRAINING FOOD PRODUCTION CERTIFICATE 1 YEAR NEW|8000.0|2025|APPROVED
NCC-CDF-SKL-00262|NDOLA CENTRAL|NAKAMBA ABIGAL|584583/61/1|768702221|MAPALO|F|22.0|MORAVIAN SKILLS TRAINING FOOD PRODUCTION CERTIFICATE 1 YEAR NEW|8000.0|2025|APPROVED
NCC-CDF-SKL-00263|NDOLA CENTRAL|TEMBO CONSTANCE|575700/61/1|768890160|MAPALO|F|23.0|MORAVIAN SKILLS TRAINING FOOD PRODUCTION CERTIFICATE 1 YEAR NEW|8000.0|2025|APPROVED
NCC-CDF-SKL-00264|NDOLA CENTRAL|BWALYA MARY|583154/61/1|769466374|MAPALO|F|21.0|MORAVIAN SKILLS TRAINING FOOD PRODUCTION CERTIFICATE 1 YEAR NEW|8000.0|2025|APPROVED
NCC-CDF-SKL-00265|NDOLA CENTRAL|CHAKUBEBA HOPE|624901/61/1|771368347|MAPALO|F|20.0|MORAVIAN SKILLS TRAINING FOOD PRODUCTION CERTIFICATE 1 YEAR NEW|8000.0|2025|APPROVED
NCC-CDF-SKL-00266|NDOLA CENTRAL|KABWELA ALICE|566407/61/1|961208113|MAPALO|F|22.0|MORAVIAN SKILLS TRAINING POWER ELECTRICAL CERTIFICATE 1 YEAR NEW|7000.0|2025|APPROVED
NCC-CDF-SKL-00267|NDOLA CENTRAL|BWALYA FOSTINA MAPALA|405103/66/1|965968619|MAPALO|F|19.0|MORAVIAN SKILLS TRAINING POWER ELECTRICAL CERTIFICATE 1 YEAR NEW|7000.0|2025|APPROVED
NCC-CDF-SKL-00268|NDOLA CENTRAL|CHEWE FIDINESS|489005/61/1|975577812|MAPALO|F|29.0|MORAVIAN SKILLS TRAINING POWER ELECTRICAL CERTIFICATE 1 YEAR NEW|7000.0|2025|APPROVED
NCC-CDF-SKL-00269|NDOLA CENTRAL|CHILAMBE ELIZABETH|387802/43/1|762479804|MAPALO|F|27.0|MOTOR LINK DRIVING SCHOOL DRIVING B CERTIFICATE 1 MONTH NEW|4300.0|2025|APPROVED
NCC-CDF-SKL-00270|NDOLA CENTRAL|MUMBA PETHIAS|552144/61/1|774130495|MAPALO|M|25.0|MOTOR LINK DRIVING SCHOOL DRIVING B CERTIFICATE 1 MONTH NEW|4300.0|2025|APPROVED
NCC-CDF-SKL-00271|NDOLA CENTRAL|MUMBA MOSES|451342/61/1|963940510|MAPALO|M|30.0|MOTOR LINK DRIVING SCHOOL DRIVING B CERTIFICATE 1 MONTH NEW|4300.0|2025|APPROVED
NCC-CDF-SKL-00272|NDOLA CENTRAL|BANDA HARRISON|531897/61/1|762005679|MAPALO|M|26.0|MOTOR LINK DRIVING SCHOOL DRIVING C CERTIFICATE 1 MONTH NEW|4300.0|2025|APPROVED
NCC-CDF-SKL-00273|NDOLA CENTRAL|NYIRENDA MOSES|536959/61/1|766110541|MAPALO|M|25.0|MOTOR LINK DRIVING SCHOOL DRIVING C CERTIFICATE 1 MONTH NEW|4300.0|2025|APPROVED
NCC-CDF-SKL-00274|NDOLA CENTRAL|SAKALA PATRICK|531825/61/1|779417024|MAPALO|M|25.0|MOTOR LINK DRIVING SCHOOL DRIVING C CERTIFICATE 1 MONTH NEW|4300.0|2025|APPROVED
NCC-CDF-SKL-00275|NDOLA CENTRAL|NGULUBE HARRISON|341076/10/1|961579966|MAPALO|M|30.0|MOTOR LINK DRIVING SCHOOL DRIVING C CERTIFICATE 1 MONTH NEW|4300.0|2025|APPROVED
NCC-CDF-SKL-00276|NDOLA CENTRAL|MUTAMBO CHRISTOPHER|475302/61/1|962079560|MAPALO|M|29.0|MOTOR LINK DRIVING SCHOOL DRIVING C CERTIFICATE 1 MONTH NEW|4300.0|2025|APPROVED
NCC-CDF-SKL-00277|NDOLA CENTRAL|TEMBO SHADRICK|638365/61/1|962192469|MAPALO|M|18.0|MOTOR LINK DRIVING SCHOOL DRIVING C CERTIFICATE 1 MONTH NEW|4300.0|2025|APPROVED
NCC-CDF-SKL-00278|NDOLA CENTRAL|MUMBA BRIAN|463597/61/1|963438041|MAPALO|M|29.0|MOTOR LINK DRIVING SCHOOL DRIVING C CERTIFICATE 1 MONTH NEW|4300.0|2025|APPROVED
NCC-CDF-SKL-00279|NDOLA CENTRAL|BANDA MISHECK|575896/61/1|964452347|MAPALO|M|21.0|MOTOR LINK DRIVING SCHOOL DRIVING C CERTIFICATE 1 MONTH NEW|4300.0|2025|APPROVED
NCC-CDF-SKL-00280|NDOLA CENTRAL|BANDA MUSA|560498/61/1|964545590|MAPALO|M|23.0|MOTOR LINK DRIVING SCHOOL DRIVING C CERTIFICATE 1 MONTH NEW|4300.0|2025|APPROVED
NCC-CDF-SKL-00281|NDOLA CENTRAL|LUWAYILE JOSEPH|628550/61/1|964810282|MAPALO|M|20.0|MOTOR LINK DRIVING SCHOOL DRIVING C CERTIFICATE 1 MONTH NEW|4300.0|2025|APPROVED
NCC-CDF-SKL-00282|NDOLA CENTRAL|MUBITA BAGGREY KABIKA|132010/97/1|970592698|MAPALO|M|31.0|MOTOR LINK DRIVING SCHOOL DRIVING C CERTIFICATE 1 MONTH NEW|4300.0|2025|APPROVED
NCC-CDF-SKL-00283|NDOLA CENTRAL|MWEWA CASIOUS|516165/61/1|976724897|MAPALO|M|27.0|MOTOR LINK DRIVING SCHOOL DRIVING C CERTIFICATE 1 MONTH NEW|4300.0|2025|APPROVED
NCC-CDF-SKL-00284|NDOLA CENTRAL|SIMUTE LUCKSON|595398/61/1|979069474|MAPALO|M|20.0|MOTOR LINK DRIVING SCHOOL DRIVING C CERTIFICATE 1 MONTH NEW|4300.0|2025|APPROVED
NCC-CDF-SKL-00285|NDOLA CENTRAL|MULENGA FREDRICK|475790/61/1|761074377|MAPALO|M|31.0|MOTOR LINK DRIVING SCHOOL DRIVING C1 CERTIFICATE 1 MONTH NEW|4300.0|2025|APPROVED
NCC-CDF-SKL-00286|NDOLA CENTRAL|KALUNGA NICKSON|627769/61/1|761251385|MAPALO|M|20.0|MOTOR LINK DRIVING SCHOOL DRIVING C1 CERTIFICATE 1 MONTH NEW|4300.0|2025|APPROVED
NCC-CDF-SKL-00287|NDOLA CENTRAL|KALUNGA ALEX|574023/61/1|761251385|MAPALO|M|24.0|MOTOR LINK DRIVING SCHOOL DRIVING C1 CERTIFICATE 1 MONTH NEW|4300.0|2025|APPROVED
NCC-CDF-SKL-00288|NDOLA CENTRAL|NSWANA ANOLD|602205/61/1|762940113|MAPALO|M|22.0|MOTOR LINK DRIVING SCHOOL DRIVING C1 CERTIFICATE 1 MONTH NEW|4300.0|2025|APPROVED
NCC-CDF-SKL-00289|NDOLA CENTRAL|CHISENGA RABSON|550240/61/1|763301237|MAPALO|M|25.0|MOTOR LINK DRIVING SCHOOL DRIVING C1 CERTIFICATE 1 MONTH NEW|4300.0|2025|APPROVED
NCC-CDF-SKL-00290|NDOLA CENTRAL|SOKO BRIGHT|516575/61/1|764306222|MAPALO|M|27.0|MOTOR LINK DRIVING SCHOOL DRIVING C1 CERTIFICATE 1 MONTH NEW|4300.0|2025|APPROVED
NCC-CDF-SKL-00291|NDOLA CENTRAL|BWALYA GOODSON|611188/61/1|764469862|MAPALO|M|19.0|MOTOR LINK DRIVING SCHOOL DRIVING C1 CERTIFICATE 1 MONTH NEW|4300.0|2025|APPROVED
NCC-CDF-SKL-00292|NDOLA CENTRAL|MUNSELE JOHN|591315/61/1|765199379|MAPALO|F|22.0|MOTOR LINK DRIVING SCHOOL DRIVING C1 CERTIFICATE 1 MONTH NEW|4300.0|2025|APPROVED
NCC-CDF-SKL-00293|NDOLA CENTRAL|KAKUNGU MICHAEL|536743/61/1|768483355|MAPALO|M|27.0|MOTOR LINK DRIVING SCHOOL DRIVING C1 CERTIFICATE 1 MONTH NEW|4300.0|2025|APPROVED
NCC-CDF-SKL-00294|NDOLA CENTRAL|SITALI GRACE|540050/61/1|768889500|MAPALO|F|28.0|MOTOR LINK DRIVING SCHOOL DRIVING C1 CERTIFICATE 1 MONTH NEW|4300.0|2025|APPROVED
NCC-CDF-SKL-00295|NDOLA CENTRAL|PHIRI SIMON|314853/61/1|769487283|MAPALO|M|32.0|MOTOR LINK DRIVING SCHOOL DRIVING C1 CERTIFICATE 1 MONTH NEW|4300.0|2025|APPROVED
NCC-CDF-SKL-00296|NDOLA CENTRAL|KANGU CHRISTOPHER|566609/61/1|769974190|MAPALO|M|24.0|MOTOR LINK DRIVING SCHOOL DRIVING C1 CERTIFICATE 1 MONTH NEW|4300.0|2025|APPROVED
NCC-CDF-SKL-00297|NDOLA CENTRAL|CHIMA ROBERT|573058/61/1|772473027|MAPALO|M|21.0|MOTOR LINK DRIVING SCHOOL DRIVING C1 CERTIFICATE 1 MONTH NEW|4300.0|2025|APPROVED
NCC-CDF-SKL-00298|NDOLA CENTRAL|MUSONDA HENRY|627210/61/1|772475514|MAPALO|M|21.0|MOTOR LINK DRIVING SCHOOL DRIVING C1 CERTIFICATE 1 MONTH NEW|4300.0|2025|APPROVED
NCC-CDF-SKL-00299|NDOLA CENTRAL|CHOLA FREEMAN|510154/61/1|773560064|MAPALO|M|27.0|MOTOR LINK DRIVING SCHOOL DRIVING C1 CERTIFICATE 1 MONTH NEW|4300.0|2025|APPROVED
NCC-CDF-SKL-00300|NDOLA CENTRAL|MUSONDA BODWIN|592523/61/1|777315142|MAPALO|M|25.0|MOTOR LINK DRIVING SCHOOL DRIVING C1 CERTIFICATE 1 MONTH NEW|4300.0|2025|APPROVED
NCC-CDF-SKL-00301|NDOLA CENTRAL|PHIRI SHON NGOLWE|526405/61/1|779207758|MAPALO|F|25.0|MOTOR LINK DRIVING SCHOOL DRIVING C1 CERTIFICATE 1 MONTH NEW|4300.0|2025|APPROVED
NCC-CDF-SKL-00302|NDOLA CENTRAL|SOMBA ROSE|573273/61/1|960376707|MAPALO|F|22.0|MOTOR LINK DRIVING SCHOOL DRIVING C1 CERTIFICATE 1 MONTH NEW|4300.0|2025|APPROVED
NCC-CDF-SKL-00303|NDOLA CENTRAL|KAYEBETA NICHOLAS|572833/61/1|961640400|MAPALO|M|24.0|MOTOR LINK DRIVING SCHOOL DRIVING C1 CERTIFICATE 1 MONTH NEW|4300.0|2025|APPROVED
NCC-CDF-SKL-00304|NDOLA CENTRAL|KAMALANDA PATSON|574031/61/1|962302324|MAPALO|M|21.0|MOTOR LINK DRIVING SCHOOL DRIVING C1 CERTIFICATE 1 MONTH NEW|4300.0|2025|APPROVED
NCC-CDF-SKL-00305|NDOLA CENTRAL|MANJIMELA BRIGHT|577746/61/1|963268976|MAPALO|M|24.0|MOTOR LINK DRIVING SCHOOL DRIVING C1 CERTIFICATE 1 MONTH NEW|4300.0|2025|APPROVED
NCC-CDF-SKL-00306|NDOLA CENTRAL|KAKOMA EDWARD|578219/61/1|963444354|MAPALO|M|22.0|MOTOR LINK DRIVING SCHOOL DRIVING C1 CERTIFICATE 1 MONTH NEW|4300.0|2025|APPROVED
NCC-CDF-SKL-00307|NDOLA CENTRAL|MULENGA EVANS MULENGA|314896/62/1|964119826|MAPALO|M|31.0|MOTOR LINK DRIVING SCHOOL DRIVING C1 CERTIFICATE 1 MONTH NEW|4300.0|2025|APPROVED
NCC-CDF-SKL-00308|NDOLA CENTRAL|MWELWA DENNIS|629156/61/1|964646298|MAPALO|M|21.0|MOTOR LINK DRIVING SCHOOL DRIVING C1 CERTIFICATE 25 DAYS NEW|4300.0|2025|APPROVED
NCC-CDF-SKL-00309|NDOLA CENTRAL|KAMFWA ELIAS|516143/61/1|966766526|MAPALO|M|26.0|MOTOR LINK DRIVING SCHOOL DRIVING C1 CERTIFICATE 25 DAYS NEW|4300.0|2025|APPROVED
NCC-CDF-SKL-00310|NDOLA CENTRAL|MULENGA CHRISTOPHER|623938/61/1|967411919|MAPALO|M|19.0|MOTOR LINK DRIVING SCHOOL DRIVING C1 CERTIFICATE 1 MONTH NEW|4300.0|2025|APPROVED
NCC-CDF-SKL-00311|NDOLA CENTRAL|MUYOBO BARNABAS|516135/61/1|968170689|MAPALO|M|27.0|MOTOR LINK DRIVING SCHOOL DRIVING C1 CERTIFICATE 25 DAYS NEW|4300.0|2025|APPROVED
NCC-CDF-SKL-00312|NDOLA CENTRAL|MANJIMELA BRIGHT|619037/61/1|972775738|MAPALO|M|21.0|MOTOR LINK DRIVING SCHOOL DRIVING C1 CERTIFICATE 1 MONTH NEW|4300.0|2025|APPROVED
NCC-CDF-SKL-00313|NDOLA CENTRAL|DAKA MIKE|516296/61/1|979576237|MAPALO|M|26.0|MOTOR LINK DRIVING SCHOOL DRIVING C1 CERTIFICATE 1 MONTH NEW|4300.0|2025|APPROVED
NCC-CDF-SKL-00314|NDOLA CENTRAL|KAWAMA PATHIUS|576700/61/1|761494909|MAPALO|M|24.0|MOTOR LINK DRIVING SCHOOL DRIVING CE CERTIFICATE 1 MONTH NEW|4300.0|2025|APPROVED
NCC-CDF-SKL-00315|NDOLA CENTRAL|MWANBA EMMANUEL|574061/61/1|762709067|MAPALO|M|21.0|MOTOR LINK DRIVING SCHOOL DRIVING CE CERTIFICATE 1 MONTH NEW|4300.0|2025|APPROVED
NCC-CDF-SKL-00316|NDOLA CENTRAL|MWALE AILED|559336/52/1|779547731|MAPALO|F|34.0|MOTOR LINK DRIVING SCHOOL DRIVING CE CERTIFICATE 1 MONTH NEW|4300.0|2025|APPROVED
NCC-CDF-SKL-00317|NDOLA CENTRAL|CHILAMBO REMMY|255141/62/1|965009983|MAPALO|F|34.0|MOTOR LINK DRIVING SCHOOL DRIVING CE CERTIFICATE 1 MONTH NEW|4300.0|2025|APPROVED
NCC-CDF-SKL-00318|NDOLA CENTRAL|KASHINGA GILBERT|615176/67/1|965635962|MAPALO|M|25.0|MOTOR LINK DRIVING SCHOOL DRIVING CE CERTIFICATE 25 DAYS NEW|4300.0|2025|APPROVED
NCC-CDF-SKL-00319|NDOLA CENTRAL|NYIRENDA GLADYS|567970/61/1|967481653|MAPALO|F|23.0|MOTOR LINK DRIVING SCHOOL DRIVING CE CERTIFICATE 1 MONTH NEW|4300.0|2025|APPROVED
NCC-CDF-SKL-00320|NDOLA CENTRAL|MWAPE CHRISTOPHER|632286/61/1|974304440|MAPALO|M|18.0|MOTOR LINK DRIVING SCHOOL DRIVING CE CERTIFICATE 1 MONTH NEW|4300.0|2025|APPROVED
NCC-CDF-SKL-00321|NDOLA CENTRAL|AMULECK MWAPE|337192/62/1|770864584|MAPALO|M|20.0|MOTOR LINK DRIVING SCHOOL DRIVING CE CERTIFICATE 1 MONTH NEW|4300.0|2025|APPROVED
NCC-CDF-SKL-00322|NDOLA CENTRAL|CHIBALE JUSTINA|492801/61/1|767130166|MAPALO|F|28.0|NORTEC CRAFT CERTFICATE IN CERTIFICATE 2 YEARS RETURNING|8700.0|2025|APPROVED
NCC-CDF-SKL-00323|NDOLA CENTRAL|KALUBA RUTH|609033/61/1|961435640|MAPALO|F|20.0|NORTEC CRAFT CERTIFICATE IN CERTIFICATE 2 YEARS NEW|8700.0|2025|APPROVED
NCC-CDF-SKL-00324|NDOLA CENTRAL|MALATE CHARLES|568033/61/1|964759815|MAPALO|M|25.0|NORTEC CRAFT CERTIFICATE IN HEAVY CERTIFICATE 2 YEARS RETURNING|7600.0|2025|APPROVED
NCC-CDF-SKL-00325|NDOLA CENTRAL|PHIRI DULANI|571306/61/1|964804852|MAPALO|M|24.0|NORTEC CRAFT CERTIFICATE IN CERTIFICATE 2 YEARS RETURNING|8700.0|2025|APPROVED
NCC-CDF-SKL-00326|NDOLA CENTRAL|MWESHI EMMANUEL|358539/24/1|970402503|MAPALO|M|26.0|NORTEC CRAFT CERTIFICATE IN CERTIFICATE 2 YEARS RETURNING|7600.0|2025|APPROVED
NCC-CDF-SKL-00327|NDOLA CENTRAL|CHILESHE MAPALO|633414/61/1|975121959|MAPALO|M|18.0|NORTEC CRAFT CERTIFICATE IN CERTIFICATE 2 YEARS NEW|7600.0|2025|APPROVED
NCC-CDF-SKL-00328|NDOLA CENTRAL|MWANZA MELODY|551019/61/1|767270451|MAPALO|F|24.0|NORTEC CRAFT CERTIFICATE IN CERTIFICATE 2 YEARS RETURNING|8700.0|2025|APPROVED
NCC-CDF-SKL-00329|NDOLA CENTRAL|MOSES KAPANDA|547080/61/1|760961796|MAPALO|M|24.0|NORTEC DIPLOMA IN AUTOMOTIVE DIPLOMA 3 YEARS RETURNING|7600.0|2025|APPROVED
NCC-CDF-SKL-00330|NDOLA CENTRAL|CHIKWETE HUMPHREY|576743/61/1|961776968|MAPALO|M|21.0|NORTEC DIPLOMA IN AUTOMOTIVE DIPLOMA 3 YEARS NEW|8700.0|2025|APPROVED
NCC-CDF-SKL-00331|NDOLA CENTRAL|CHANDA FELISTUS|431016/61/1|965099300|MAPALO|F|31.0|NORTEC DIPLOMA IN ELECTRICAL & DIPLOMA 3 YEARS NEW|8700.0|2025|APPROVED
NCC-CDF-SKL-00332|NDOLA CENTRAL|CHISENGA THOMPSON|573177/61/1|760856164|MAPALO|M|22.0|NORTEC DIPLOMA IN ELECTRICAL DIPLOMA 3 YEARS RETURNING|8700.0|2025|APPROVED
NCC-CDF-SKL-00333|NDOLA CENTRAL|MUMBA OSCAR|247041/46/1|761552371|MAPALO|M|26.0|NORTEC DIPLOMA IN ELECTRICAL DIPLOMA 3 YEARS NEW|8700.0|2025|APPROVED
NCC-CDF-SKL-00334|NDOLA CENTRAL|MUSONDA PAUL|576881/61/1|768893286|MAPALO|M|21.0|NORTEC DIPLOMA IN ELECTRICAL DIPLOMA 3 YEARS NEW|8700.0|2025|APPROVED
NCC-CDF-SKL-00335|NDOLA CENTRAL|MWANSA GIFT|611353/61/1|768940282|MAPALO|M|20.0|NORTEC DIPLOMA IN ELECTRICAL DIPLOMA 3 YEARS NEW|8700.0|2025|APPROVED
NCC-CDF-SKL-00336|NDOLA CENTRAL|MFUNA IREEN|579308/61/1|962441795|MAPALO|F|20.0|NORTEC DIPLOMA IN ELECTRICAL DIPLOMA 3 YEARS NEW|8700.0|2025|APPROVED
NCC-CDF-SKL-00337|NDOLA CENTRAL|TAIKA MICHAEL|421939/61/1|964595356|MAPALO|M|31.0|NORTEC DIPLOMA IN ELECTRICAL DIPLOMA 3 YEARS RETURNING|8700.0|2025|APPROVED
NCC-CDF-SKL-00338|NDOLA CENTRAL|MUTUKA MARON|594523/61/1|966053044|MAPALO|M|19.0|NORTEC DIPLOMA IN ELECTRICAL DIPLOMA 3 YEARS NEW|8700.0|2025|APPROVED
NCC-CDF-SKL-00339|NDOLA CENTRAL|KAMOCHA NORAH|361276/68/1|961027676|MAPALO|F|19.0|NORTEC DIPLOMA IN HEAVY DIPLOMA 3 YEARS NEW|14350.0|2025|APPROVED
NCC-CDF-SKL-00340|NDOLA CENTRAL|CHILEMBO STANLEY|629265/61/1|961863102|MAPALO|M|20.0|NORTEC DIPLOMA IN HEAVY DIPLOMA 3 YEARS NEW|14350.0|2025|APPROVED
NCC-CDF-SKL-00341|NDOLA CENTRAL|CHISENGA GEORGE|635013/61/1|962505683|MAPALO|M|19.0|NORTEC DIPLOMA IN HEAVY DIPLOMA 3 YEARS NEW|14350.0|2025|APPROVED
NCC-CDF-SKL-00342|NDOLA CENTRAL|KATONGO SYVESTER|628867/61/1|965298811|MAPALO|M|18.0|NORTEC DIPLOMA IN HEAVY DIPLOMA 3 YEARS NEW|14350.0|2025|APPROVED
NCC-CDF-SKL-00343|NDOLA CENTRAL|KASEBA BRIGHT|360261/68/1|965618196|MAPALO|M|21.0|NORTEC DIPLOMA IN HEAVY DIPLOMA 3 YEARS NEW|14350.0|2025|APPROVED
NCC-CDF-SKL-00344|NDOLA CENTRAL|MUMBA CLIFFORD|576650/61/1|977766999|MAPALO|M|22.0|NORTEC DIPLOMA IN HEAVY DIPLOMA 3 YEARS NEW|14350.0|2025|APPROVED
NCC-CDF-SKL-00345|NDOLA CENTRAL|ALLAN MWALE|634889/61/1|775332688|MAPALO|M|19.0|NORTEC DIPLOMA IN INFORMATION DIPLOMA 3 YEARS NEW|8400.0|2025|APPROVED
NCC-CDF-SKL-00346|NDOLA CENTRAL|CHILESHE GLADYS|567302/61/1|770411814|MAPALO|F|22.0|NORTEC TRADE TEST CERTIFICATE IN CERTIFICATE 1 YEAR NEW|7600.0|2025|APPROVED
NCC-CDF-SKL-00347|NDOLA CENTRAL|ILUNGA GIFT|562910/61/1|965449192|MAPALO|M|21.0|NORTEC TRADE TEST CERTIFICATE IN CERTIFICATE 1 YEAR NEW|7600.0|2025|APPROVED
NCC-CDF-SKL-00348|NDOLA CENTRAL|KALENGE LILIAN|155084/78/1|760032027|MAPALO|F|21.0|NORTEC TRADE TEST CERTIFICATE IN CERTIFICATE 1 YEAR NEW|7600.0|2025|APPROVED
NCC-CDF-SKL-00349|NDOLA CENTRAL|CHEPESHI MATHEWS|326298/68/1|764125242|MAPALO|M|27.0|NORTEC TRADE TEST CERTIFICATE IN CERTIFICATE 1 YEAR NEW|7600.0|2025|APPROVED
NCC-CDF-SKL-00350|NDOLA CENTRAL|NSWANA MIKE|430444/61/1|962083565|MAPALO|M|32.0|NORTEC TRADE TEST CERTIFICATE IN CERTIFICATE 1 YEAR NEW|7600.0|2025|APPROVED
NCC-CDF-SKL-00351|NDOLA CENTRAL|MWANSA ANDREW|555627/61/1|973282995|MAPALO|M|24.0|NORTEC TRADE TEST CERTIFICATE IN CERTIFICATE 1 YEAR NEW|7600.0|2025|APPROVED
NCC-CDF-SKL-00352|NDOLA CENTRAL|CHIBUYE MICHEAL|451195/61/1|9650384421|MAPALO|M|32.0|NORTEC TRADE TEST CERTIFICATE IN CERTIFICATE 1 YEAR NEW|7600.0|2025|APPROVED
NCC-CDF-SKL-00353|NDOLA CENTRAL|MUKAKA JAMES|481593/61/1|771590810|MAPALO|M|28.0|NORTHERN POLYTECHNIC AUTOMOTIVE ELECTRICAL CERTIFICATE 1 YEAR NEW|20550.0|2025|APPROVED
NCC-CDF-SKL-00354|NDOLA CENTRAL|CHISENGA KUNDA|605487/61/1|976724483|MAPALO|M|20.0|NORTHERN POLYTECHNIC AUTOMOTIVE ELECTRICAL CERTIFICATE 1 YEAR NEW|20550.0|2025|APPROVED
NCC-CDF-SKL-00355|NDOLA CENTRAL|MUMBWANDI ALFRED|532135/35/1|977796352|MAPALO|M|25.0|NORTHERN POLYTECHNIC AUTOMOTIVE ELECTRICAL CERTIFICATE 1 YEAR NEW|20550.0|2025|APPROVED
NCC-CDF-SKL-00356|NDOLA CENTRAL|NGWENYA JAMES|624579/61/1|961066748|MAPALO|M|20.0|NORTHERN POLYTECHNIC AUTOMOTIVE MECHANICS CERTIFICATE 1 YEAR NEW|17450.0|2025|APPROVED
NCC-CDF-SKL-00357|NDOLA CENTRAL|TEMBO TAONGA|583530/61/1|961634088|MAPALO|F|22.0|NORTHERN POLYTECHNIC AUTOMOTIVE MECHANICS CERTIFICATE 1 YEAR NEW|17450.0|2025|APPROVED
NCC-CDF-SKL-00358|NDOLA CENTRAL|GONDWE TAONA|320104/62/1|962569042|MAPALO|F|24.0|NORTHERN POLYTECHNIC AUTOMOTIVE MECHANICS CERTIFICATE 1 YEAR NEW|17450.0|2025|APPROVED
NCC-CDF-SKL-00359|NDOLA CENTRAL|MULUBWE HOPY|606483/61/1|964264665|MAPALO|F|21.0|NORTHERN POLYTECHNIC AUTOMOTIVE MECHANICS CERTIFICATE 1 YEAR NEW|17450.0|2025|APPROVED
NCC-CDF-SKL-00360|NDOLA CENTRAL|NSWANA JOSEPH|640869/61/1|969878829|MAPALO|M|17.0|NORTHERN POLYTECHNIC AUTOMOTIVE MECHANICS CERTIFICATE 1 YEAR NEW|17450.0|2025|APPROVED
NCC-CDF-SKL-00361|NDOLA CENTRAL|KATENDE EVELYN|520855/61/1|973652261|MAPALO|F|27.0|NORTHERN POLYTECHNIC AUTOMOTIVE MECHANICS CERTIFICATE 1 YEAR NEW|17450.0|2025|APPROVED
NCC-CDF-SKL-00362|NDOLA CENTRAL|MUSUNSWA NATHAN|206309/25/1|767345122|MAPALO|M|20.0|NORTHERN POLYTECHNIC BRICLAYING AND CERTIFICATE 1 YEAR NEW|18830.0|2025|APPROVED
NCC-CDF-SKL-00363|NDOLA CENTRAL|MULENGA WENDY|544510/61/1|767133610|MAPALO|F|24.0|NORTHERN POLYTECHNIC ELECTRICAL ENGINEERING CERTIFICATE 1 YEAR NEW|17550.0|2025|APPROVED
NCC-CDF-SKL-00364|NDOLA CENTRAL|MWAPE ROSEMARY|403039/65/1|769144531|MAPALO|F|23.0|NORTHERN POLYTECHNIC ELECTRICAL ENGINEERING CERTIFICATE 1 YEAR NEW|17550.0|2025|APPROVED
NCC-CDF-SKL-00365|NDOLA CENTRAL|MWEWA JACQUILINE|631225/61/1|772457513|MAPALO|M|22.0|NORTHERN POLYTECHNIC ELECTRICAL ENGINEERING CERTIFICATE 1 YEAR NEW|17550.0|2025|APPROVED
NCC-CDF-SKL-00366|NDOLA CENTRAL|MWENDA JOHN|314527/16/1|969172224|MAPALO|M|30.0|NORTHERN POLYTECHNIC ELECTRICAL ENGINEERING CERTIFICATE 1 YEAR NEW|17550.0|2025|APPROVED
NCC-CDF-SKL-00367|NDOLA CENTRAL|NSWANA MAUREEN|578045/61/1|774319435|MAPALO|F|21.0|NORTHERN POLYTECHNIC FASHION DESIGN AND TEXILE CERTIFICATE 1 YEAR NEW|17550.0|2025|APPROVED
NCC-CDF-SKL-00368|NDOLA CENTRAL|MUSONDA RACHEAL|602491/61/1|965197339|MAPALO|M|24.0|NORTHERN POLYTECHNIC FASHION DESIGN AND TEXILE CERTIFICATE 1 YEAR NEW|17550.0|2025|APPROVED
NCC-CDF-SKL-00369|NDOLA CENTRAL|KALUNGA NSWANA|488040/61/1|966000440|MAPALO|F|29.0|NORTHERN POLYTECHNIC FASHION DESIGN AND TEXILE CERTIFICATE 1 YEAR NEW|17550.0|2025|APPROVED
NCC-CDF-SKL-00370|NDOLA CENTRAL|CHIBUYE PRISCILLA|629928/61/1|760121023|MAPALO|F|21.0|NORTHERN POLYTECHNIC FOOD PRODUCTION CERTIFICATE 1 YEAR NEW|18550.0|2025|APPROVED
NCC-CDF-SKL-00371|NDOLA CENTRAL|MUSENGE GRACE|584387/61/1|769911915|MAPALO|F|22.0|NORTHERN POLYTECHNIC FOOD PRODUCTION CERTIFICATE 1 YEAR NEW|18550.0|2025|APPROVED
NCC-CDF-SKL-00372|NDOLA CENTRAL|TEMBO MIRRIAM|611447/61/1|960307921|MAPALO|F|20.0|NORTHERN POLYTECHNIC FOOD PRODUCTION CERTIFICATE 1 YEAR NEW|18550.0|2025|APPROVED
NCC-CDF-SKL-00373|NDOLA CENTRAL|NTALASHA PRISCA|632916/61/1|962163950|MAPALO|F|19.0|NORTHERN POLYTECHNIC FOOD PRODUCTION CERTIFICATE 1 YEAR NEW|18550.0|2025|APPROVED
NCC-CDF-SKL-00374|NDOLA CENTRAL|KUNDA GRACE|591319/61/1|964736359|MAPALO|F|22.0|NORTHERN POLYTECHNIC FOOD PRODUCTION CERTIFICATE 1 YEAR NEW|18550.0|2025|APPROVED
NCC-CDF-SKL-00375|NDOLA CENTRAL|NAWILA IDAH|620247/61/1|966404002|MAPALO|F|19.0|NORTHERN POLYTECHNIC FOOD PRODUCTION CERTIFICATE 1 YEAR NEW|18550.0|2025|APPROVED
NCC-CDF-SKL-00376|NDOLA CENTRAL|MBOLA JEMIMAH|496950/61/1|969811111|MAPALO|M|27.0|NORTHERN POLYTECHNIC FOOD PRODUCTION CERTIFICATE 1 YEAR NEW|18550.0|2025|APPROVED
NCC-CDF-SKL-00377|NDOLA CENTRAL|MPILI FLORENCE|635079/61/1|977275564|MAPALO|F|18.0|NORTHERN POLYTECHNIC FOOD PRODUCTION CERTIFICATE 1 YEAR NEW|18550.0|2025|APPROVED
NCC-CDF-SKL-00378|NDOLA CENTRAL|MAPULANGA BEATRICE|602501/61/1|772877300|MAPALO|F|21.0|NORTHERN POLYTECHNIC METAL FABRICATION CERTIFICATE 1 YEAR NEW|20550.0|2025|APPROVED
NCC-CDF-SKL-00379|NDOLA CENTRAL|CHAMA INNOCENT|478977/61/1|966335004|MAPALO|M|29.0|NORTHERN POLYTECHNIC METAL FABRICATION CERTIFICATE 1 YEAR NEW|20550.0|2025|APPROVED
NCC-CDF-SKL-00380|NDOLA CENTRAL|CHANSA SAMUEL|219854/48/1|974615953|MAPALO|M|27.0|NORTHERN POLYTECHNIC METAL FABRICATION CERTIFICATE 1 YEAR NEW|20550.0|2025|APPROVED
NCC-CDF-SKL-00381|NDOLA CENTRAL|MUSEBO FREDRICK|887977/10/1|969304249|MAPALO|M|22.0|PASCAL INSTITUTE OF OPERATOR BULL DOZER OPERATOR CERTIFICATE 1 MONTH NEW|6750.0|2025|APPROVED
NCC-CDF-SKL-00382|NDOLA CENTRAL|KABUSWE ALLAN|573489/61/1|974800163|MAPALO|M|23.0|PASCAL INSTITUTE OF OPERATOR BULL DOZER OPERATOR CERTIFICATE 1 MONTH NEW|6750.0|2025|APPROVED
NCC-CDF-SKL-00383|NDOLA CENTRAL|MUNUKAYUMBWA NASILELE|247674/84/1|770389111|MAPALO|M|33.0|PASCAL INSTITUTE OF OPERATOR CRANE OPERATOR CERTIFICATE 1 MONTH NEW|6750.0|2025|APPROVED
NCC-CDF-SKL-00384|NDOLA CENTRAL|MWANSA FELIX|516554/61/1|768296737|MAPALO|M|31.0|PASCAL INSTITUTE OF OPERATOR DUMP TRUCK OPERATOR CERTIFICATE 1 MONTH NEW|6750.0|2025|APPROVED
NCC-CDF-SKL-00385|NDOLA CENTRAL|CHOLA KENNEDY|598060/61/1|960127150|MAPALO|M|22.0|PASCAL INSTITUTE OF OPERATOR DUMP TRUCK OPERATOR CERTIFICATE 1 MONTH NEW|6750.0|2025|APPROVED
NCC-CDF-SKL-00386|NDOLA CENTRAL|SAMPA ELIZABETH|531858/61/1|962474345|MAPALO|F|25.0|PASCAL INSTITUTE OF OPERATOR DUMP TRUCK OPERATOR CERTIFICATE 1 MONTH NEW|6750.0|2025|APPROVED
NCC-CDF-SKL-00387|NDOLA CENTRAL|MUTAMBO WILLIAM|451443/61/1|962474345|MAPALO|M|31.0|PASCAL INSTITUTE OF OPERATOR DUMP TRUCK OPERATOR CERTIFICATE 1 MONTH NEW|6750.0|2025|APPROVED
NCC-CDF-SKL-00388|NDOLA CENTRAL|ZIMBA DONALD|455764/53/1|965883235|MAPALO|M|26.0|PASCAL INSTITUTE OF OPERATOR DUMP TRUCK OPERATOR CERTIFICATE 1 MONTH NEW|6750.0|2025|APPROVED
NCC-CDF-SKL-00389|NDOLA CENTRAL|MOFYA FINESS|627835/61/1|966647088|MAPALO|M|19.0|PASCAL INSTITUTE OF OPERATOR DUMP TRUCK OPERATOR CERTIFICATE 1 MONTH NEW|6750.0|2025|APPROVED
NCC-CDF-SKL-00390|NDOLA CENTRAL|TEMBO SAMALILAJI|541021/61/1|966655954|MAPALO|M|25.0|PASCAL INSTITUTE OF OPERATOR DUMP TRUCK OPERATOR CERTIFICATE 1 MONTH NEW|6750.0|2025|APPROVED
NCC-CDF-SKL-00391|NDOLA CENTRAL|CHENGA VICTOR|339839/31/1|966885272|MAPALO|M|25.0|PASCAL INSTITUTE OF OPERATOR DUMP TRUCK OPERATOR CERTIFICATE 1 MONTH NEW|6750.0|2025|APPROVED
NCC-CDF-SKL-00392|NDOLA CENTRAL|KALABA BRIAN|184309/35/1|971780615|MAPALO|M|33.0|PASCAL INSTITUTE OF OPERATOR DUMP TRUCK OPERATOR CERTIFICATE 1 MONTH NEW|6750.0|2025|APPROVED
NCC-CDF-SKL-00393|NDOLA CENTRAL|GIDEON SICHONE|424015/61/1|976735075|MAPALO|M|31.0|PASCAL INSTITUTE OF OPERATOR DUMP TRUCK OPERATOR CERTIFICATE 1 MONTH NEW|6750.0|2025|APPROVED
NCC-CDF-SKL-00394|NDOLA CENTRAL|CHALWE PROSPERY|476857/61/1|762290875|MAPALO|M|29.0|PASCAL INSTITUTE OF OPERATOR EXCAVATOR OPERATOR CERTIFICATE 1 MONTH NEW|6750.0|2025|APPROVED
NCC-CDF-SKL-00395|NDOLA CENTRAL|CHILAMBE EVARISTO|353545/64/1|762578355|MAPALO|M|25.0|PASCAL INSTITUTE OF OPERATOR EXCAVATOR OPERATOR CERTIFICATE 1 MONTH NEW|6750.0|2025|APPROVED
NCC-CDF-SKL-00396|NDOLA CENTRAL|KAUNDA MATHEWS|518445/61/1|777370771|MAPALO|M|26.0|PASCAL INSTITUTE OF OPERATOR EXCAVATOR OPERATOR CERTIFICATE 1 MONTH NEW|6750.0|2025|APPROVED
NCC-CDF-SKL-00397|NDOLA CENTRAL|PHIRI JOSEPH|451036/61/1|779207999|MAPALO|M|32.0|PASCAL INSTITUTE OF OPERATOR EXCAVATOR OPERATOR CERTIFICATE 1 MONTH NEW|6750.0|2025|APPROVED
NCC-CDF-SKL-00398|NDOLA CENTRAL|MUSONDA ALICE BEATRICE|545422/61/1|960628233|MAPALO|M|23.0|PASCAL INSTITUTE OF OPERATOR EXCAVATOR OPERATOR CERTIFICATE 1 MONTH NEW|6750.0|2025|APPROVED
NCC-CDF-SKL-00399|NDOLA CENTRAL|SIMBEYE BENJAMIN|557548/61/1|962192591|MAPALO|M|23.0|PASCAL INSTITUTE OF OPERATOR EXCAVATOR OPERATOR CERTIFICATE 1 MONTH NEW|6750.0|2025|APPROVED
NCC-CDF-SKL-00400|NDOLA CENTRAL|LUWAILE VINCENT|522470/61/1|965765038|MAPALO|M|27.0|PASCAL INSTITUTE OF OPERATOR EXCAVATOR OPERATOR CERTIFICATE 1 MONTH NEW|6750.0|2025|APPROVED
NCC-CDF-SKL-00401|NDOLA CENTRAL|PHIRI DARIUS|532000/61/1|967100012|MAPALO|M|26.0|PASCAL INSTITUTE OF OPERATOR EXCAVATOR OPERATOR CERTIFICATE 1 MONTH NEW|6750.0|2025|APPROVED
NCC-CDF-SKL-00402|NDOLA CENTRAL|MUSEBO EMMANUEL|531907/61/1|969304249|MAPALO|M|25.0|PASCAL INSTITUTE OF OPERATOR EXCAVATOR OPERATOR CERTIFICATE 1 MONTH NEW|6750.0|2025|APPROVED
NCC-CDF-SKL-00403|NDOLA CENTRAL|MUNYENDA VINCENT|384129/61/1|969703314|MAPALO|M|34.0|PASCAL INSTITUTE OF OPERATOR EXCAVATOR OPERATOR CERTIFICATE 1 MONTH NEW|6750.0|2025|APPROVED
NCC-CDF-SKL-00404|NDOLA CENTRAL|CHUMBWE LAZAROUS|498974/61/1|971053805|MAPALO|M|27.0|PASCAL INSTITUTE OF OPERATOR EXCAVATOR OPERATOR CERTIFICATE 1 MONTH NEW|6750.0|2025|APPROVED
NCC-CDF-SKL-00405|NDOLA CENTRAL|PHIRI OSWARD|470157/61/1|973644024|MAPALO|M|30.0|PASCAL INSTITUTE OF OPERATOR EXCAVATOR OPERATOR CERTIFICATE 1 MONTH NEW|6750.0|2025|APPROVED
NCC-CDF-SKL-00406|NDOLA CENTRAL|NAYAME MINESS|590765/61/1|764789236|MAPALO|F|22.0|PASCAL INSTITUTE OF OPERATOR FOLK LIFTER OPERATOR CERTIFICATE 1 MONTH NEW|6750.0|2025|APPROVED
NCC-CDF-SKL-00407|NDOLA CENTRAL|THOLE CLEMENT|586129/61/1|770913196|MAPALO|M|23.0|PASCAL INSTITUTE OF OPERATOR FOLK LIFTER OPERATOR CERTIFICATE 1 MONTH NEW|6750.0|2025|APPROVED
NCC-CDF-SKL-00408|NDOLA CENTRAL|ZIMBA PETRONELLA|537013/61/1|776307206|MAPALO|F|26.0|PASCAL INSTITUTE OF OPERATOR FOLK LIFTER OPERATOR CERTIFICATE 1 MONTH NEW|6750.0|2025|APPROVED
NCC-CDF-SKL-00409|NDOLA CENTRAL|SIAME KELLEYS|632081/61/1|962213473|MAPALO|M|19.0|PASCAL INSTITUTE OF OPERATOR FOLK LIFTER OPERATOR CERTIFICATE 1 MONTH NEW|6750.0|2025|APPROVED
NCC-CDF-SKL-00410|NDOLA CENTRAL|BANDA SHALOM TIRU|517328/61/1|969853520|MAPALO|F|29.0|PASCAL INSTITUTE OF OPERATOR FOLK LIFTER OPERATOR CERTIFICATE 1 MONTH NEW|6750.0|2025|APPROVED
NCC-CDF-SKL-00411|NDOLA CENTRAL|TEMBO MAKOCHEZY|639194/61/1|764304063|MAPALO|F|18.0|PASCAL INSTITUTE OF OPERATOR FRONT-END LOADER CERTIFICATE 1 MONTH NEW|6750.0|2025|APPROVED
NCC-CDF-SKL-00412|NDOLA CENTRAL|NZOVU MOSES|345856/64/1|767428051|MAPALO|M|28.0|PASCAL INSTITUTE OF OPERATOR FRONT-END LOADER CERTIFICATE 1 MONTH NEW|6750.0|2025|APPROVED
NCC-CDF-SKL-00413|NDOLA CENTRAL|SILWAMBA JUSTINE|426113/61/1|962901630|MAPALO|M|31.0|PASCAL INSTITUTE OF OPERATOR FRONT-END LOADER CERTIFICATE 1 MONTH NEW|6750.0|2025|APPROVED
NCC-CDF-SKL-00414|NDOLA CENTRAL|CHANDA EMMANUEL|498612/61/1|967111548|MAPALO|M|26.0|PASCAL INSTITUTE OF OPERATOR FRONT-END LOADER CERTIFICATE 1 MONTH NEW|6750.0|2025|APPROVED
NCC-CDF-SKL-00415|NDOLA CENTRAL|MWEEMBA PETER|138855/69/1|970556372|MAPALO|M|31.0|PASCAL INSTITUTE OF OPERATOR TLB/BACK HOE OPERATOR CERTIFICATE 1 MONTH NEW|6750.0|2025|APPROVED
NCC-CDF-SKL-00416|NDOLA CENTRAL|NCHIMA JAMES|522501/61/1|968618282|MAPALO|M|27.0|ROAD SKILLS DRIVING SCHOOL DRIVING CE CERTIFICATE 1 MONTH NEW|4300.0|2025|APPROVED
NCC-CDF-SKL-00417|NDOLA CENTRAL|MWILA NICOLAS|180484/34/1|978553659|MAPALO|M|24.0|ROAD SKILLS DRIVING SCHOOL DRIVING CE CERTIFICATE 1 MONTH NEW|4300.0|2025|APPROVED
NCC-CDF-SKL-00418|NDOLA CENTRAL|MULUBWA MUMBA|516344/61/1|961652206|MAPALO|M|28.0|TVTC ELECTRICAL AND CERTIFICATE 1 YEAR NEW|26700.0|2025|APPROVED
NCC-CDF-SKL-00419|NDOLA CENTRAL|LUKETA NORMAN|361609/17/1|962978803|MAPALO|M|26.0|TVTC ELECTRICAL AND CERTIFICATE 1 YEAR NEW|26700.0|2025|APPROVED
NCC-CDF-SKL-00420|NDOLA CENTRAL|CHILUFYA RONALD|472159/61/1|967193865|MAPALO|M|28.0|TVTC ELECTRICAL AND CERTIFICATE 1 YEAR NEW|26700.0|2025|APPROVED
NCC-CDF-SKL-00421|NDOLA CENTRAL|SAKULANDA AGNESS|643093/61/1|760027878|MAPALO|F|19.0|TVTC FOOD AND BEVERAGES CERTIFICATE 1 YEAR NEW|26700.0|2025|APPROVED
NCC-CDF-SKL-00422|NDOLA CENTRAL|CHANGWE AGATHER|188951/91/1|961480135|MAPALO|F|29.0|TVTC FOOD AND BEVERAGES CERTIFICATE 1 YEAR NEW|26700.0|2025|APPROVED
NCC-CDF-SKL-00423|NDOLA CENTRAL|BWALYA MUTALE|636057/61/1|762626311|MAPALO|F|17.0|TVTC ICT DIPLOMA 1 YEAR NEW|26700.0|2025|APPROVED
NCC-CDF-SKL-00424|NDOLA CENTRAL|CHIKOTOLO RHODAH|571374/61/1|962894646|MAPALO|F|20.0|TVTC ICT DIPLOMA 1 YEAR NEW|26700.0|2025|APPROVED
NCC-CDF-SKL-00425|NDOLA CENTRAL|BANDA MIRRIAM|436902/53/1|963952689|MAPALO|F|26.0|TVTC ICT CERTIFICATE 1 YEAR NEW|26700.0|2025|APPROVED
NCC-CDF-SKL-00426|NDOLA CENTRAL|ILUNGA MOSES|570974/61/1|969608927|MAPALO|M|21.0|TVTC METAL FABRICATION CERTIFICATE 1 YEAR NEW|26700.0|2025|APPROVED
NCC-CDF-SKL-00427|NDOLA CENTRAL|SIMUKONDA SAMUEL|593619/61/1|766505557|MAPALO|M|21.0|ZAMBIA UNIVERSITY COLLEGE OF COMPUTER HARDWARE CERTIFICATE 3 MONTHS NEW|5800.0|2025|APPROVED
NCC-CDF-SKL-00428|NDOLA CENTRAL|MUNYEMA MUBANGA|541880/61/1|766265162|MAPALO|M|24.0|ZAMBIA UNIVERSITY COLLEGE OF DIPLOMA IN ELECTRICAL & DIPLOMA 3 YEARS RETURNING|8400.0|2025|APPROVED
NCC-CDF-SKL-00429|NDOLA CENTRAL|NSAI CALEB|644041/67/1|973863161|MAPALO|M|20.0|ZAMBIA UNIVERSITY COLLEGE OF DIPLOMA IN ELECTRICAL & DIPLOMA 3 YEARS RETURNING|8400.0|2025|APPROVED
NCC-CDF-SKL-00430|NDOLA CENTRAL|JOSEPH COMFORT MWENYA|346773/31/1|761395947|MAPALO|M|22.0|ZAMBIA UNIVERSITY COLLEGE OF DIPLOMA IN INFORMATION DIPLOMA 3 YEARS RETURNING|8400.0|2025|APPROVED
NCC-CDF-SKL-00431|NDOLA CENTRAL|KELVIN NYIRENDA|393342/53/1|977850112|MAPALO|M|30.0|ZAMBIA UNIVERSITY COLLEGE OF DIPLOMA IN INFORMATION DIPLOMA 3 YEARS RETURNING|8400.0|2025|APPROVED
NCC-CDF-SKL-00432|NDOLA CENTRAL|LAZAROUS MPANDE|344265/31/1|977941101|MAPALO|M|24.0|ZAMBIA UNIVERSITY COLLEGE OF DIPLOMA IN INFORMATION DIPLOMA 3 YEARS RETURNING|8400.0|2025|APPROVED
NCC-CDF-SKL-00433|NDOLA CENTRAL|MUSHILI NOAH|631156/31/1|772626340|MAPALO|M|21.0|ZAMBIA UNIVERSITY COLLEGE OF ELECTRICAL AND DIPLOMA 4 YEARS NEW|8400.0|2025|APPROVED
NCC-CDF-SKL-00434|NDOLA CENTRAL|MUMBA ALBERT|637760/61/1|964504295|MAPALO|M|21.0|ZAMBIA UNIVERSITY COLLEGE OF ELECTRICAL AND CERTIFICATE 3 YEARS NEW|8400.0|2025|APPROVED
NCC-CDF-SKL-00435|NDOLA CENTRAL|CHALIKOSA JOEL|633428/61/1|974860446|MAPALO|M|19.0|ZAMBIA UNIVERSITY COLLEGE OF ELECTRICAL AND DIPLOMA 3 YEARS NEW|8400.0|2025|APPROVED
NCC-CDF-SKL-00436|NDOLA CENTRAL|KAMANGA BOAZ|640537/61/1|962946111|MAPALO|M|19.0|ZAMBIA UNIVERSITY COLLEGE OF INFORMATION TECHNOLOGY DIPLOMA 3 YEARS NEW|8400.0|2025|APPROVED
NCC-CDF-SKL-00437|NDOLA CENTRAL|MWANSA ABRAHAM|424745/61/1|967528158|MAPALO|M|30.0|ZAMBIA UNIVERSITY COLLEGE OF INFORMATION TECHNOLOGY DIPLOMA 3 YEARS NEW|8400.0|2025|APPROVED
NCC-CDF-SKL-00438|NDOLA CENTRAL|AKATAMA SAMUEL ILIMUPU|229190/15/1|768889941|NKWAZI|M|32.0|FOCUS DRIVING SCHOOL DRIVING CE CERTIFICATE 1 MONTH NEW|4300.0|2025|APPROVED
NCC-CDF-SKL-00439|NDOLA CENTRAL|SHINGANO BENJAMIN|295661/62/1|969879321|NKWAZI|M|30.0|FOCUS DRIVING SCHOOL DRIVING CE CERTIFICATE 1 MONTH NEW|4300.0|2025|APPROVED
NCC-CDF-SKL-00440|NDOLA CENTRAL|MULOMBWA M CLIFFORD|173198/34/1|978752597|NKWAZI|M|31.0|LUANSHYA SKILLS TRAINING ICT CERTIFICATE 1 YEAR NEW|6570.0|2025|APPROVED
NCC-CDF-SKL-00441|NDOLA CENTRAL|MWABA DOREEN|391720/61/1|978094694|NKWAZI|F|34.0|MOTOR LINK DRIVING SCHOOL DRIVING B CERTIFICATE 1 MONTH NEW|4300.0|2025|APPROVED
NCC-CDF-SKL-00442|NDOLA CENTRAL|CHILESHE BORNFACE|461921/61/1|961294394|NKWAZI|M|32.0|MOTOR LINK DRIVING SCHOOL DRIVING C CERTIFICATE 1 MONTH NEW|4300.0|2025|APPROVED
NCC-CDF-SKL-00443|NDOLA CENTRAL|BANDA SHADRICK|655720/52/1|962000650|NKWAZI|M|29.0|MOTOR LINK DRIVING SCHOOL DRIVING C CERTIFICATE 1 MONTH NEW|4300.0|2025|APPROVED
NCC-CDF-SKL-00444|NDOLA CENTRAL|PHIRI AMOS|346202/62/1|761476343|NKWAZI|M|21.0|MOTOR LINK DRIVING SCHOOL DRIVING C1 CERTIFICATE 1 MONTH NEW|4300.0|2025|APPROVED
NCC-CDF-SKL-00445|NDOLA CENTRAL|BANDA HECTOR|526520/61/1|761486876|NKWAZI|M|30.0|MOTOR LINK DRIVING SCHOOL DRIVING C1 CERTIFICATE 1 MONTH NEW|4300.0|2025|APPROVED
NCC-CDF-SKL-00446|NDOLA CENTRAL|TAIMIL MATHEWS|538083/61/1|762667562|NKWAZI|M|26.0|MOTOR LINK DRIVING SCHOOL DRIVING C1 CERTIFICATE 1 MONTH NEW|4300.0|2025|APPROVED
NCC-CDF-SKL-00447|NDOLA CENTRAL|SIMANGOLWA STILILO|609064/61/1|769054548|NKWAZI|M|20.0|MOTOR LINK DRIVING SCHOOL DRIVING C1 CERTIFICATE 1 MONTH NEW|4300.0|2025|APPROVED
NCC-CDF-SKL-00448|NDOLA CENTRAL|CHANDA RABBY|610375/61/1|769912157|NKWAZI|M|20.0|MOTOR LINK DRIVING SCHOOL DRIVING C1 CERTIFICATE 1 MONTH NEW|4300.0|2025|APPROVED
NCC-CDF-SKL-00449|NDOLA CENTRAL|SIMWAWA MAYBIN|596269/67/1|962296623|NKWAZI|M|24.0|MOTOR LINK DRIVING SCHOOL DRIVING C1 CERTIFICATE 1 MONTH NEW|4300.0|2025|APPROVED
NCC-CDF-SKL-00450|NDOLA CENTRAL|MWANSA LUCKSON|623610/61/1|964228542|NKWAZI|M|21.0|MOTOR LINK DRIVING SCHOOL DRIVING C1 CERTIFICATE 1 MONTH NEW|4300.0|2025|APPROVED
NCC-CDF-SKL-00451|NDOLA CENTRAL|MWAPE BOXTONE|642663/61/1|965582739|NKWAZI|M|19.0|MOTOR LINK DRIVING SCHOOL DRIVING C1 CERTIFICATE 1 MONTH NEW|4300.0|2025|APPROVED
NCC-CDF-SKL-00452|NDOLA CENTRAL|SAKALA MARGARET|489065/61/1|965798277|NKWAZI|F|28.0|MOTOR LINK DRIVING SCHOOL DRIVING C1 CERTIFICATE 1 MONTH NEW|4300.0|2025|APPROVED
NCC-CDF-SKL-00453|NDOLA CENTRAL|SIMAILI HARRY|450716/61/1|968217914|NKWAZI|M|33.0|MOTOR LINK DRIVING SCHOOL DRIVING C1 CERTIFICATE 1 MONTH NEW|4300.0|2025|APPROVED
NCC-CDF-SKL-00454|NDOLA CENTRAL|LIWANGA THABO|542106/61/1|970818922|NKWAZI|F|24.0|MOTOR LINK DRIVING SCHOOL DRIVING C1 CERTIFICATE 1 MONTH NEW|4300.0|2025|APPROVED
NCC-CDF-SKL-00455|NDOLA CENTRAL|MULENGA BEATRICE|496898/61/1|974409079|NKWAZI|F|26.0|MOTOR LINK DRIVING SCHOOL DRIVING C1 CERTIFICATE 1 MONTH NEW|4300.0|2025|APPROVED
NCC-CDF-SKL-00456|NDOLA CENTRAL|KASHANGA LONTIA|352439/82/1|974474004|NKWAZI|F|26.0|MOTOR LINK DRIVING SCHOOL DRIVING C1 CERTIFICATE 1 MONTH NEW|4300.0|2025|APPROVED
NCC-CDF-SKL-00457|NDOLA CENTRAL|LUKWESA GIFT|486199/61/1|974807620|NKWAZI|M|27.0|MOTOR LINK DRIVING SCHOOL DRIVING C1 CERTIFICATE 1 MONTH NEW|4300.0|2025|APPROVED
NCC-CDF-SKL-00458|NDOLA CENTRAL|MUWOWO CHALO|375141/61/1|974849913|NKWAZI|M|34.0|MOTOR LINK DRIVING SCHOOL DRIVING C1 CERTIFICATE 1 MONTH NEW|4300.0|2025|APPROVED
NCC-CDF-SKL-00459|NDOLA CENTRAL|TEMBO PHILIPPA|500076/61/1|975525807|NKWAZI|F|27.0|MOTOR LINK DRIVING SCHOOL DRIVING C1 CERTIFICATE 1 MONTH NEW|4300.0|2025|APPROVED
NCC-CDF-SKL-00460|NDOLA CENTRAL|CHANDA CHARLES|554575/61/1|976816015|NKWAZI|M|24.0|MOTOR LINK DRIVING SCHOOL DRIVING C1 CERTIFICATE 1 MONTH NEW|4300.0|2025|APPROVED
NCC-CDF-SKL-00461|NDOLA CENTRAL|BWALYA TIMOTHY|428542/61/1|979631595|NKWAZI|M|34.0|MOTOR LINK DRIVING SCHOOL DRIVING C1 CERTIFICATE 1 MONTH NEW|4300.0|2025|APPROVED
NCC-CDF-SKL-00462|NDOLA CENTRAL|KAMESA CHONGO|584392/61/1|760462481|NKWAZI|M|23.0|MOTOR LINK DRIVING SCHOOL DRIVING CE CERTIFICATE 1 MONTH NEW|4300.0|2025|APPROVED
NCC-CDF-SKL-00463|NDOLA CENTRAL|CHANDA KAUNDA|633020/61/1|762555371|NKWAZI|M|18.0|MOTOR LINK DRIVING SCHOOL DRIVING CE CERTIFICATE 1 MONTH NEW|4300.0|2025|APPROVED
NCC-CDF-SKL-00464|NDOLA CENTRAL|MUKOSHA JOHN|577606/61/1|762867784|NKWAZI|M|22.0|MOTOR LINK DRIVING SCHOOL DRIVING CE CERTIFICATE 1 MONTH NEW|4300.0|2025|APPROVED
NCC-CDF-SKL-00465|NDOLA CENTRAL|BWALYA HOPE|517303/61/1|764299335|NKWAZI|M|26.0|MOTOR LINK DRIVING SCHOOL DRIVING CE CERTIFICATE 1 MONTH NEW|4300.0|2025|APPROVED
NCC-CDF-SKL-00466|NDOLA CENTRAL|RICHARD NYIRENDA LUNGU|636347/61/1|765549193|NKWAZI|M|17.0|MOTOR LINK DRIVING SCHOOL DRIVING CE CERTIFICATE 1 MONTH NEW|4300.0|2025|APPROVED
NCC-CDF-SKL-00467|NDOLA CENTRAL|N'GUNDU|590274/61/1|769912449|NKWAZI|M|22.0|MOTOR LINK DRIVING SCHOOL DRIVING CE CERTIFICATE 1 MONTH NEW|4300.0|2025|APPROVED
NCC-CDF-SKL-00468|NDOLA CENTRAL|MUONGA ABEL|379124/16/1|770920675|NKWAZI|M|34.0|MOTOR LINK DRIVING SCHOOL DRIVING CE CERTIFICATE 1 MONTH NEW|4300.0|2025|APPROVED
NCC-CDF-SKL-00469|NDOLA CENTRAL|MWAMBA ANTHONY|576773/61/1|772474858|NKWAZI|M|21.0|MOTOR LINK DRIVING SCHOOL DRIVING CE CERTIFICATE 1 MONTH NEW|4300.0|2025|APPROVED
NCC-CDF-SKL-00470|NDOLA CENTRAL|LUNGU LEVSON|517217/61/1|772869743|NKWAZI|M|26.0|MOTOR LINK DRIVING SCHOOL DRIVING CE CERTIFICATE 1 MONTH NEW|4300.0|2025|APPROVED
NCC-CDF-SKL-00471|NDOLA CENTRAL|MALAMA BURTON|606482/61/1|962568275|NKWAZI|M|19.0|MOTOR LINK DRIVING SCHOOL DRIVING CE CERTIFICATE 1 MONTH NEW|4300.0|2025|APPROVED
NCC-CDF-SKL-00472|NDOLA CENTRAL|MWANDYA JOYCE|641490/61/1|962909604|NKWAZI|F|19.0|MOTOR LINK DRIVING SCHOOL DRIVING CE CERTIFICATE 1 MONTH NEW|4300.0|2025|APPROVED
NCC-CDF-SKL-00473|NDOLA CENTRAL|ZIWA MARGET|115518/54/1|963214826|NKWAZI|F|32.0|MOTOR LINK DRIVING SCHOOL DRIVING CE CERTIFICATE 1 MONTH NEW|4300.0|2025|APPROVED
NCC-CDF-SKL-00474|NDOLA CENTRAL|SHIYENGE JACKSON|483172/61/1|964127356|NKWAZI|M|26.0|MOTOR LINK DRIVING SCHOOL DRIVING CE CERTIFICATE 1 MONTH NEW|4300.0|2025|APPROVED
NCC-CDF-SKL-00475|NDOLA CENTRAL|KAPENDA FIGHTWEL|573737/61/1|966611805|NKWAZI|M|24.0|MOTOR LINK DRIVING SCHOOL DRIVING CE CERTIFICATE 1 MONTH NEW|4300.0|2025|APPROVED
NCC-CDF-SKL-00476|NDOLA CENTRAL|MUDENDA ELIJAH|484406/61/1|967038764|NKWAZI|M|31.0|MOTOR LINK DRIVING SCHOOL DRIVING CE CERTIFICATE 1 MONTH NEW|4300.0|2025|APPROVED
NCC-CDF-SKL-00477|NDOLA CENTRAL|NGOSA SIMS|192063/35/1|967114211|NKWAZI|M|31.0|MOTOR LINK DRIVING SCHOOL DRIVING CE CERTIFICATE 1 MONTH NEW|4300.0|2025|APPROVED
NCC-CDF-SKL-00478|NDOLA CENTRAL|KABASO GOODSON|199193/35/1|967731662|NKWAZI|M|29.0|MOTOR LINK DRIVING SCHOOL DRIVING CE CERTIFICATE 1 MONTH NEW|4300.0|2025|APPROVED
NCC-CDF-SKL-00479|NDOLA CENTRAL|KAWAMA DARRINGTON|102063/31/1|967936003|NKWAZI|M|30.0|MOTOR LINK DRIVING SCHOOL DRIVING CE CERTIFICATE 1 MONTH NEW|4300.0|2025|APPROVED
NCC-CDF-SKL-00480|NDOLA CENTRAL|MWILA JOHN|442462/61/1|968027537|NKWAZI|M|30.0|MOTOR LINK DRIVING SCHOOL DRIVING CE CERTIFICATE 1 MONTH NEW|4300.0|2025|APPROVED
NCC-CDF-SKL-00481|NDOLA CENTRAL|MFULA DENNIS|106374/91/1|968182642|NKWAZI|M|34.0|MOTOR LINK DRIVING SCHOOL DRIVING CE CERTIFICATE 1 MONTH NEW|4300.0|2025|APPROVED
NCC-CDF-SKL-00482|NDOLA CENTRAL|KASASE BOSTON|447025/61/1|968588805|NKWAZI|M|32.0|MOTOR LINK DRIVING SCHOOL DRIVING CE CERTIFICATE 1 MONTH NEW|4300.0|2025|APPROVED
NCC-CDF-SKL-00483|NDOLA CENTRAL|CHANDA BITTERSON|500969/61/1|969255928|NKWAZI|M|26.0|MOTOR LINK DRIVING SCHOOL DRIVING CE CERTIFICATE 1 MONTH NEW|4300.0|2025|APPROVED
NCC-CDF-SKL-00484|NDOLA CENTRAL|KONKOLA GILBERT|318729/64/1|969587883|NKWAZI|M|31.0|MOTOR LINK DRIVING SCHOOL DRIVING CE CERTIFICATE 1 MONTH NEW|4300.0|2025|APPROVED
NCC-CDF-SKL-00485|NDOLA CENTRAL|ISAAC NSAKULULA|251350/91/1|970525623|NKWAZI|M|24.0|MOTOR LINK DRIVING SCHOOL DRIVING CE CERTIFICATE 1 MONTH NEW|4300.0|2025|APPROVED
NCC-CDF-SKL-00486|NDOLA CENTRAL|CHANDA HARDSON|591975/61/1|972466840|NKWAZI|M|24.0|MOTOR LINK DRIVING SCHOOL DRIVING CE CERTIFICATE 1 MONTH NEW|4300.0|2025|APPROVED
NCC-CDF-SKL-00487|NDOLA CENTRAL|CHANSA CHIKWANKA|524761/61/1|978063020|NKWAZI|M|33.0|MOTOR LINK DRIVING SCHOOL DRIVING CE CERTIFICATE 1 MONTH NEW|4300.0|2025|APPROVED
NCC-CDF-SKL-00488|NDOLA CENTRAL|CHANDA BENSON|586115/61/1|978590459|NKWAZI|M|21.0|MOTOR LINK DRIVING SCHOOL DRIVING CE CERTIFICATE 1 MONTH NEW|4300.0|2025|APPROVED
NCC-CDF-SKL-00489|NDOLA CENTRAL|KAWANA CLEMENT|590258/61/1|7627004058|NKWAZI|M|21.0|MOTOR LINK DRIVING SCHOOL DRIVING CE CERTIFICATE 1 MONTH NEW|4300.0|2025|APPROVED
NCC-CDF-SKL-00490|NDOLA CENTRAL|MAPALO SEFU|405396/65/1|966899990|NKWAZI|M|20.0|NORTEC CRAFT CERTIFICATE IN CERTIFICATE 2 YEARS NEW|8700.0|2025|APPROVED
NCC-CDF-SKL-00491|NDOLA CENTRAL|MWANZA LUYANDO|627743/61/1|776150529|NKWAZI|F|18.0|NORTEC CRAFT CERTIFICATE IN CERTIFICATE 2 YEARS NEW|8700.0|2025|APPROVED
NCC-CDF-SKL-00492|NDOLA CENTRAL|NATASHA MULENGA|655114/67/1|960589180|NKWAZI|F|20.0|NORTEC CRAFT CERTIFICATE IN CERTIFICATE 2 YEARS NEW|8700.0|2025|APPROVED
NCC-CDF-SKL-00493|NDOLA CENTRAL|JOSPHAT SICHONE|584834/61/1|764853748|NKWAZI|M|21.0|NORTEC CRAFT CERTIFICATE IN HEAVY CERTIFICATE 2 YEARS RETURNING|7600.0|2025|APPROVED
NCC-CDF-SKL-00494|NDOLA CENTRAL|CHISHALA CATHERINE|404055/64/1|962823020|NKWAZI|F|20.0|NORTEC CRAFT CERTIFICATE IN HEAVY CERTIFICATE 2 YEARS NEW|7600.0|2025|APPROVED
NCC-CDF-SKL-00495|NDOLA CENTRAL|MUSAWA CLIVERT KAOMA|517682/61/1|979710169|NKWAZI|M|25.0|NORTEC CRAFT CERTIFICATE IN HEAVY CERTIFICATE 2 YEARS RETURNING|7600.0|2025|APPROVED
NCC-CDF-SKL-00496|NDOLA CENTRAL|AKATUMWA KENNY|419444/61/1|974824440|NKWAZI|M|31.0|NORTEC CRAFT CERTIFICATE IN CERTIFICATE 2 YEARS RETURNING|8700.0|2025|APPROVED
NCC-CDF-SKL-00497|NDOLA CENTRAL|MULAISHO RONALD|454056/61/1|969770848|NKWAZI|M|34.0|NORTEC CRAFT CERTIFICATE IN CERTIFICATE 2 YEARS RETURNING|8700.0|2025|APPROVED
NCC-CDF-SKL-00498|NDOLA CENTRAL|STEVEN CHANDA|619950/61/1|777424846|NKWAZI|M|19.0|NORTEC DIPLOMA IN AUTOMOTIVE DIPLOMA 3 YEARS NEW|8700.0|2025|APPROVED
NCC-CDF-SKL-00499|NDOLA CENTRAL|MWAPE CLEMENT|567585/61/1|774126508|NKWAZI|M|22.0|NORTEC DIPLOMA IN AUTOMOTIVE DIPLOMA 3 YEARS NEW|8700.0|2025|APPROVED
NCC-CDF-SKL-00500|NDOLA CENTRAL|KINKOMONE GIFT|561534/61/1|764554641|NKWAZI|F|22.0|NORTEC DIPLOMA IN ELECTRICAL DIPLOMA 3 YEARS NEW|8700.0|2025|APPROVED
NCC-CDF-SKL-00501|NDOLA CENTRAL|KONDWANI MULENGA|608903/61/1|765202250|NKWAZI|M|20.0|NORTEC DIPLOMA IN ELECTRICAL DIPLOMA 3 YEARS NEW|8700.0|2025|APPROVED
NCC-CDF-SKL-00502|NDOLA CENTRAL|FULILWA NOAH|172022/56/1|772632295|NKWAZI|M|21.0|NORTEC DIPLOMA IN ELECTRICAL DIPLOMA 3 YEARS NEW|8700.0|2025|APPROVED
NCC-CDF-SKL-00503|NDOLA CENTRAL|ENOCK ZULU|605040/61/1|779236715|NKWAZI|M|21.0|NORTEC DIPLOMA IN ELECTRICAL DIPLOMA 3 YEARS RETURNING|8700.0|2025|APPROVED
NCC-CDF-SKL-00504|NDOLA CENTRAL|NYIRENDA EDISON|572024/61/1|967490022|NKWAZI|M|21.0|NORTEC DIPLOMA IN ELECTRICAL DIPLOMA 3 YEARS RETURNING|8700.0|2025|APPROVED
NCC-CDF-SKL-00505|NDOLA CENTRAL|CHANDA MUBANGA|625339/10/1|977930865|NKWAZI|M|24.0|NORTEC DIPLOMA IN ELECTRICAL DIPLOMA 3 YEARS NEW|8700.0|2025|APPROVED
NCC-CDF-SKL-00506|NDOLA CENTRAL|MUPINI EMMANUEL|590533/61/1|760207565|NKWAZI|M|20.0|NORTEC DIPLOMA IN HEAVY DIPLOMA 3 YEARS RETURNING|14350.0|2025|APPROVED
NCC-CDF-SKL-00507|NDOLA CENTRAL|KONKOLA DAVID|373231/64/1|761315870|NKWAZI|M|26.0|NORTEC DIPLOMA IN HEAVY DIPLOMA 3 YEARS RETURNING|14350.0|2025|APPROVED
NCC-CDF-SKL-00508|NDOLA CENTRAL|KALOKONI LAZARUS|485226/61/1|961024878|NKWAZI|M|27.0|NORTEC DIPLOMA IN HEAVY DIPLOMA 3 YEARS NEW|14350.0|2025|APPROVED
NCC-CDF-SKL-00509|NDOLA CENTRAL|KACHIWANGE SICHONE|634666/67/1|962327651|NKWAZI|M|24.0|NORTEC DIPLOMA IN HEAVY DIPLOMA 3 YEARS RETURNING|14350.0|2025|APPROVED
NCC-CDF-SKL-00510|NDOLA CENTRAL|CHANDA MORGAN|409712/65/1|963354152|NKWAZI|M|21.0|NORTEC DIPLOMA IN HEAVY DIPLOMA 3 YEARS RETURNING|14350.0|2025|APPROVED
NCC-CDF-SKL-00511|NDOLA CENTRAL|CHISANGA BWALYA|532203/61/1|963929344|NKWAZI|F|29.0|NORTEC DIPLOMA IN HEAVY DIPLOMA 3 YEARS RETURNING|14350.0|2025|APPROVED
NCC-CDF-SKL-00512|NDOLA CENTRAL|MUKANGE CHISHALA|586360/61/1|965177977|NKWAZI|M|21.0|NORTEC DIPLOMA IN HEAVY DIPLOMA 3 YEARS RETURNING|14350.0|2025|APPROVED
NCC-CDF-SKL-00513|NDOLA CENTRAL|MUKONDYA ANTHONY|526386/61/1|969089946|NKWAZI|M|29.0|NORTEC DIPLOMA IN HEAVY DIPLOMA 3 YEARS RETURNING|14350.0|2025|APPROVED
NCC-CDF-SKL-00514|NDOLA CENTRAL|PAUL MUGALA|590183/61/1|973478153|NKWAZI|M|22.0|NORTEC DIPLOMA IN HEAVY DIPLOMA 3 YEARS RETURNING|14350.0|2025|APPROVED
NCC-CDF-SKL-00515|NDOLA CENTRAL|PATSON MUFWAYA|588579/61/1|761378317|NKWAZI|M|21.0|NORTEC DIPLOMA IN HEAVY DIPLOMA 3 YEARS RETURNING|14950.0|2025|APPROVED
NCC-CDF-SKL-00516|NDOLA CENTRAL|MULENGA WILSON|615289/61/1|762942340|NKWAZI|M|21.0|NORTEC DIPLOMA IN MECHANICAL DIPLOMA 3 YEARS RETURNING|14950.0|2025|APPROVED
NCC-CDF-SKL-00517|NDOLA CENTRAL|KANYANTA MOSES|565931/61/1|974603843|NKWAZI|M|24.0|NORTEC DIPLOMA IN MECHANICAL DIPLOMA 3 YEARS RETURNING|8700.0|2025|APPROVED
NCC-CDF-SKL-00518|NDOLA CENTRAL|SUMAILI GLADYS|268223/61/1|962904101|NKWAZI|M|19.0|NORTEC TRADE TEST CERTIFICATE IN CERTIFICATE 1 YEAR NEW|7600.0|2025|APPROVED
NCC-CDF-SKL-00519|NDOLA CENTRAL|NYONDO JEREMIAH|573546/61/1|974547348|NKWAZI|M|22.0|NORTEC TRADE TEST CERTIFICATE IN CERTIFICATE 1 YEAR NEW|7600.0|2025|APPROVED
NCC-CDF-SKL-00520|NDOLA CENTRAL|CHITALU OSCAR|488426/61/1|965487270|NKWAZI|M|27.0|NORTEC TRADE TEST CERTIFICATE IN CERTIFICATE 1 YEAR NEW|7600.0|2025|APPROVED
NCC-CDF-SKL-00521|NDOLA CENTRAL|KACHUNGA MARY|585097/61/1|762667784|NKWAZI|F|20.0|NORTEC TRADE TEST CERTIFICATE IN CERTIFICATE 1 YEAR NEW|7600.0|2025|APPROVED
NCC-CDF-SKL-00522|NDOLA CENTRAL|ZULU MAILESS|463891/61/1|964247814|NKWAZI|F|29.0|NORTEC TRADE TEST CERTIFICATE IN CERTIFICATE YEAR NEW|7600.0|2025|APPROVED
NCC-CDF-SKL-00523|NDOLA CENTRAL|CHULU MOSES|546164/61/1|763154271|NKWAZI|M|26.0|NORTEC TRADE TEST CERTIFICATE IN CERTIFICATE 1 YEAR NEW|7600.0|2025|APPROVED
NCC-CDF-SKL-00524|NDOLA CENTRAL|SHULA MOSES|517312/61/1|767426648|NKWAZI|M|27.0|NORTEC TRADE TEST CERTIFICATE IN CERTIFICATE 1 YEARS NEW|7600.0|2025|APPROVED
NCC-CDF-SKL-00525|NDOLA CENTRAL|SHULA PETER|390432/61/1|776074925|NKWAZI|M|21.0|NORTEC TRADE TEST CERTIFICATE IN CERTIFICATE 1 YEAR NEW|7600.0|2025|APPROVED
NCC-CDF-SKL-00526|NDOLA CENTRAL|CHIFWEMBE ALICK|570752/61/1|963471614|NKWAZI|M|24.0|NORTEC TRADE TEST CERTIFICATE IN CERTIFICATE 1 YEAR NEW|7600.0|2025|APPROVED
NCC-CDF-SKL-00527|NDOLA CENTRAL|CHILFYA ERNEST|545184/61/1|963876517|NKWAZI|M|26.0|NORTEC TRADE TEST CERTIFICATE IN CERTIFICATE 1 YEAR NEW|7600.0|2025|APPROVED
NCC-CDF-SKL-00528|NDOLA CENTRAL|MWANDU NKONJERA|558194/61/1|964647016|NKWAZI|M|23.0|NORTEC TRADE TEST CERTIFICATE IN CERTIFICATE 1 YEAR NEW|8700.0|2025|APPROVED
NCC-CDF-SKL-00529|NDOLA CENTRAL|TEMBO JAMES|516446/61/1|966018378|NKWAZI|M|26.0|NORTEC TRADE TEST CERTIFICATE IN CERTIFICATE 1 YEAR NEW|7600.0|2025|APPROVED
NCC-CDF-SKL-00530|NDOLA CENTRAL|MUSONDA JONAS|475268/61/1|965311853|NKWAZI|M|28.0|NORTHERN POLYTECHNIC AUTOMOTIVE ELECTRICAL CERTIFICATE 1 YEAR NEW|20550.0|2025|APPROVED
NCC-CDF-SKL-00531|NDOLA CENTRAL|KASONDE IGNITIUS|550792/61/1|964120366|NKWAZI|M|22.0|NORTHERN POLYTECHNIC AUTOMOTIVE MECHANICS CERTIFICATE 1 YEAR NEW|17450.0|2025|APPROVED
NCC-CDF-SKL-00532|NDOLA CENTRAL|SANGWAPO SUSAN|571185/61/1|774309695|NKWAZI|F|21.0|NORTHERN POLYTECHNIC FASHION DESIGN AND TEXILE CERTIFICATE 1 YEAR NEW|17550.0|2025|APPROVED
NCC-CDF-SKL-00533|NDOLA CENTRAL|HARRIET PANDE|631802/61/1|763281180|NKWAZI|F|19.0|NORTHERN POLYTECHNIC FOOD PRODUCTION CERTIFICATE 1 YEAR NEW|18550.0|2025|APPROVED
NCC-CDF-SKL-00534|NDOLA CENTRAL|LAMBO GRACE|571417/61/1|767427234|NKWAZI|F|23.0|NORTHERN POLYTECHNIC FOOD PRODUCTION CERTIFICATE 1 YEAR NEW|18550.0|2025|APPROVED
NCC-CDF-SKL-00535|NDOLA CENTRAL|BWALYA JACKLINE|548277/61/1|772963186|NKWAZI|F|24.0|NORTHERN POLYTECHNIC FOOD PRODUCTION CERTIFICATE 1 YEAR NEW|18550.0|2025|APPROVED
NCC-CDF-SKL-00536|NDOLA CENTRAL|PHIRI NSAMA GRACE|632300/61/1|773290512|NKWAZI|F|19.0|NORTHERN POLYTECHNIC FOOD PRODUCTION CERTIFICATE 1 YEAR NEW|18550.0|2025|APPROVED
NCC-CDF-SKL-00537|NDOLA CENTRAL|KASONDE AUXILLIA|613216/61/1|964120366|NKWAZI|F|19.0|NORTHERN POLYTECHNIC FOOD PRODUCTION CERTIFICATE 1 YEAR NEW|18550.0|2025|APPROVED
NCC-CDF-SKL-00538|NDOLA CENTRAL|ZULU LAMECK|453481/61/1|962911762|NKWAZI|M|32.0|PASCAL INSTITUTE OF OPERATOR ADT OPERATOR CERTIFICATE 1 MONTH NEW|6750.0|2025|APPROVED
NCC-CDF-SKL-00539|NDOLA CENTRAL|KAUNDA MILDRED|561436/61/1|776621603|NKWAZI|F|24.0|PASCAL INSTITUTE OF OPERATOR DUMP TRUCK OPERATOR CERTIFICATE 1 MONTH NEW|6750.0|2025|APPROVED
NCC-CDF-SKL-00540|NDOLA CENTRAL|MWAPE CHANDA|403432/61/1|966162925|NKWAZI|M|32.0|PASCAL INSTITUTE OF OPERATOR DUMP TRUCK OPERATOR CERTIFICATE 1 MONTH NEW|6750.0|2025|APPROVED
NCC-CDF-SKL-00541|NDOLA CENTRAL|BWEMBYA MICHAEL|352413/43/1|967287526|NKWAZI|M|26.0|PASCAL INSTITUTE OF OPERATOR EXAVAVATOR OPERATOR CERTIFICATE 1 MONTH NEW|6750.0|2025|APPROVED
NCC-CDF-SKL-00542|NDOLA CENTRAL|FRANCIS KAPONGOLO|505035/61/1|961094866|NKWAZI|M|28.0|PASCAL INSTITUTE OF OPERATOR EXCAVATOR OPERATOR CERTIFICATE 1 MONTH NEW|6750.0|2025|APPROVED
NCC-CDF-SKL-00543|NDOLA CENTRAL|MUMBI NEWTON|584465/61/1|768533929|NKWAZI|M|22.0|PASCAL INSTITUTE OF OPERATOR HEAVY DUTY OPERATOR CERTIFICATE 1 MONTH NEW|6750.0|2025|APPROVED
NCC-CDF-SKL-00544|NDOLA CENTRAL|JOHN CHIKONDE|431623/61/1|979207202|NKWAZI|M|21.0|ROAD SKILLS DRIVING SCHOOL DRIVING C1 CERTIFICATE 1 MONTH NEW|4300.0|2025|APPROVED
NCC-CDF-SKL-00545|NDOLA CENTRAL|MUSONDA GODRFREY|560497/61/1|763197590|NKWAZI|M|23.0|ROAD SKILLS DRIVING SCHOOL DRIVING CE CERTIFICATE 1 MONTH NEW|4300.0|2025|APPROVED
NCC-CDF-SKL-00546|NDOLA CENTRAL|MWENYA INNOCENT|428696/61/1|964642624|NKWAZI|M|32.0|ROAD SKILLS DRIVING SCHOOL DRIVING CE CERTIFICATE 1 MONTH NEW|4300.0|2025|APPROVED
NCC-CDF-SKL-00547|NDOLA CENTRAL|NSHIMBAMI KELVIN|642668/61/1|975095782|NKWAZI|M|18.0|ROAD SKILLS DRIVING SCHOOL DRIVING CE CERTIFICATE 1 MONTH NEW|4300.0|2025|APPROVED
NCC-CDF-SKL-00548|NDOLA CENTRAL|RASHID NYIRENDA|411623/51/1|768418945|NKWAZI|M|27.0|SINO-ZAM VOCATIONAL COLLEGE EXCAVATOR OPERATOR CERTIFICATE 1 MONTH NEW|6750.0|2025|APPROVED
NCC-CDF-SKL-00549|NDOLA CENTRAL|SITALI MUBIAN|573425/61/1|776292433|NKWAZI|F|22.0|TWIKATANE NDOLA VACATIONAL CATERING CERTIFICATE 1 YEAR NEW|7675.0|2025|APPROVED
NCC-CDF-SKL-00550|NDOLA CENTRAL|POMBOLOKANI CYPRIAN|559841/61/1|777321574|NKWAZI|M|23.0|ZAMBIA UNIVERSITY COLLEGE OF DIPLOMA IN INFORMATION DIPLOMA 3 YEARS RETURNING|8400.0|2025|APPROVED
NCC-CDF-SKL-00551|NDOLA CENTRAL|KUNDA ABIGAIL|468027/61/1|770867792|NKWAZI|M|31.0|ZAMBIA UNIVERSITY COLLEGE OF DOMESTIC ELECTRICAL CERTIFICATE 3 MONTHS NEW|5800.0|2025|APPROVED
NCC-CDF-SKL-00552|NDOLA CENTRAL|SIMON GONDWE|584940/12/1|966341379|NKWAZI|M|23.0|ZAMBIA UNIVERSITY COLLEGE OF DOMESTIC ELECTRICAL CERTIFICATE 3 MONTHS NEW|5800.0|2025|APPROVED
NCC-CDF-SKL-00553|NDOLA CENTRAL|MUMBA NEBERT|111546/37/1|967754618|NKWAZI|M|33.0|ZAMBIA UNIVERSITY COLLEGE OF DOMESTIC ELECTRICAL CERTIFICATE 3 MONTHS NEW|5800.0|2025|APPROVED
NCC-CDF-SKL-00554|NDOLA CENTRAL|MAYUNI MAPUTA|579070/61/1|765723868|NKWAZI|M|21.0|ZAMBIA UNIVERSITY COLLEGE OF ELECTRICAL & ELECTRONICS DIPLOMA 3 YEARS NEW|8400.0|2025|APPROVED
NCC-CDF-SKL-00555|NDOLA CENTRAL|CHANDA HERRED|265022/45/1|970689679|NKWAZI|M|25.0|ZAMBIA UNIVERSITY COLLEGE OF ELECTRICAL & ELECTRONICS DIPLOMA 3 YEARS NEW|8400.0|2025|APPROVED
NCC-CDF-SKL-00556|NDOLA CENTRAL|INGOYI EDDIE|515628/61/1|963358279|NKWAZI|M|26.0|ZAMBIA UNIVERSITY COLLEGE OF ELECTRICAL AND DIPLOMA 3 YEARS NEW|8400.0|2025|APPROVED
NCC-CDF-SKL-00557|NDOLA CENTRAL|KANDANDU FLORENCE|301048/71/1|978472722|NKWAZI|F|22.0|ZAMBIA UNIVERSITY COLLEGE OF ELECTRICAL AND DIPLOMA 3 YEARS NEW|8400.0|2025|APPROVED
NCC-CDF-SKL-00558|NDOLA CENTRAL|MUTALE KANYAMA|617313/61/1|765688711|NKWAZI|M|20.0|ZAMBIA UNIVERSITY COLLEGE OF INFORMATION TECHNOLOGY DIPLOMA 3 YEARS NEW|8400.0|2025|APPROVED
NCC-CDF-SKL-00559|NDOLA CENTRAL|MPUKU DAVIES|584393/61/1|766243783|NKWAZI|M|20.0|ZAMBIA UNIVERSITY COLLEGE OF INFORMATION TECHNOLOGY DIPLOMA 3 YEARS NEW|8400.0|2025|APPROVED
NCC-CDF-SKL-00560|NDOLA CENTRAL|LANDE MEYAH|575103/61/1|969621028|NKWAZI|F|23.0|ZAMBIA UNIVERSITY COLLEGE OF INFORMATION TECHNOLOGY DIPLOMA 3 YEARS NEW|8400.0|2025|APPROVED
NCC-CDF-SKL-00561|NDOLA CENTRAL|CHISANGA WINNIE|615478/61/1|973622740|NKWAZI|M|22.0|ZAMBIA UNIVERSITY COLLEGE OF INFORMATION TECHNOLOGY DIPLOMA 3 YEARS NEW|8400.0|2025|APPROVED
NCC-CDF-SKL-00562|NDOLA CENTRAL|SILAVWE MICHEAL|571401/61/1|776311895|TWAPIA|M|21.0|CHRESO MINISTRIES AUTO MECHANICS CERTIFCATE 1 YEAR NEW|6900.0|2025|APPROVED
NCC-CDF-SKL-00563|NDOLA CENTRAL|HAMAMBA CHARLES|634924/61/1|970436671|TWAPIA|M|17.0|CHRESO MINISTRIES AUTO MECHANICS CERTIFICATE 1 YEAR NEW|6900.0|2025|APPROVED
NCC-CDF-SKL-00564|NDOLA CENTRAL|NKHOMA MOSES|497648/61/1|972155651|TWAPIA|M|27.0|CHRESO MINISTRIES AUTO MECHANICS CERTIFICATE 1 YEAR NEW|6900.0|2025|APPROVED
NCC-CDF-SKL-00565|NDOLA CENTRAL|PHIRI SAMUEL|570771/61/1|974263710|TWAPIA|M|22.0|CHRESO MINISTRIES AUTO MECHANICS CERTIFICATE 1 YEAR NEW|6900.0|2025|APPROVED
NCC-CDF-SKL-00566|NDOLA CENTRAL|MANDALA GRACE|589086/61/1|977667895|TWAPIA|F|24.0|CHRESO MINISTRIES AUTO MECHANICS CERTIFICATE 1 YEAR NEW|6900.0|2025|APPROVED
NCC-CDF-SKL-00567|NDOLA CENTRAL|SAMENDI MICAH|362349/68/1|762337636|TWAPIA|F|20.0|CHRESO MINISTRIES GENERAL HOSPITALITY CERTIFICATE 1 YEAR NEW|8000.0|2025|APPROVED
NCC-CDF-SKL-00568|NDOLA CENTRAL|KASONGO IVERTY|521449/61/1|763162543|TWAPIA|M|23.0|CHRESO MINISTRIES GENERAL HOSPITALITY CERTIFICATE 1 YEAR NEW|8000.0|2025|APPROVED
NCC-CDF-SKL-00569|NDOLA CENTRAL|MWENYA BERTHA|638395/61/1|769333097|TWAPIA|F|21.0|CHRESO MINISTRIES GENERAL HOSPITALITY CERTIFICATE 1 YEAR NEW|8000.0|2025|APPROVED
NCC-CDF-SKL-00570|NDOLA CENTRAL|MUBIKA ENIA|548013/61/1|966432244|TWAPIA|F|25.0|CHRESO MINISTRIES GENERAL HOSPITALITY CERTIFICATE 1 YEAR NEW|8000.0|2025|APPROVED
NCC-CDF-SKL-00571|NDOLA CENTRAL|TEMBO THANDIWE|459373/61/1|970301808|TWAPIA|F|26.0|CHRESO MINISTRIES GENERAL HOSPITALITY CERTIFICATE 1 YEAR NEW|8000.0|2025|APPROVED
NCC-CDF-SKL-00572|NDOLA CENTRAL|BWALYA CYNTHIA|588808/61/1|972449621|TWAPIA|F|21.0|CHRESO MINISTRIES GENERAL HOSPITALITY CERTIFICATE 1 YEAR NEW|8000.0|2025|APPROVED
NCC-CDF-SKL-00573|NDOLA CENTRAL|LUKAFU FRICIA|576098/61/1|973752201|TWAPIA|F|21.0|CHRESO MINISTRIES GENERAL HOSPITALITY CERTIFICATE 1 YEAR NEW|8000.0|2025|APPROVED
NCC-CDF-SKL-00574|NDOLA CENTRAL|SAMUKONGA MAGRET|633941/61/1|976260605|TWAPIA|F|18.0|CHRESO MINISTRIES GENERAL HOSPITALITY CERTIFICATE 1 YEAR NEW|8000.0|2025|APPROVED
NCC-CDF-SKL-00575|NDOLA CENTRAL|KUNDA THOMSON|600419/61/1|761638715|TWAPIA|M|21.0|KALDIS INVESTMENT LIMITED DRIVING B CERTIFICATE 1 MONTH NEW|4300.0|2025|APPROVED
NCC-CDF-SKL-00576|NDOLA CENTRAL|CHILUMBI EDWARD|491134/61/1|762700617|TWAPIA|M|27.0|KALDIS INVESTMENT LIMITED DRIVING B CERTIFICATE 1 MONTH NEW|4300.0|2025|APPROVED
NCC-CDF-SKL-00577|NDOLA CENTRAL|MWEWA CONSCIOUS|483144/61/1|762965926|TWAPIA|M|28.0|KALDIS INVESTMENT LIMITED DRIVING B CERTIFICATE 1 MONTH NEW|4300.0|2025|APPROVED
NCC-CDF-SKL-00578|NDOLA CENTRAL|GEORGE BWALYA|619409/61/1|764474306|TWAPIA|M|21.0|KALDIS INVESTMENT LIMITED DRIVING B CERTIFICATE 1 MONTH NEW|4300.0|2025|APPROVED
NCC-CDF-SKL-00579|NDOLA CENTRAL|CHISHA ALICK|576032/61/1|767132254|TWAPIA|M|21.0|KALDIS INVESTMENT LIMITED DRIVING B CERTIFICATE 1 MONTH NEW|4300.0|2025|APPROVED
NCC-CDF-SKL-00580|NDOLA CENTRAL|NKHUWA FRIDAH|486272/61/1|771167250|TWAPIA|F|27.0|KALDIS INVESTMENT LIMITED DRIVING B CERTIFICATE 1 MONTH NEW|4300.0|2025|APPROVED
NCC-CDF-SKL-00581|NDOLA CENTRAL|SAMALELU ELIJAH|582418/61/1|771423119|TWAPIA|M|21.0|KALDIS INVESTMENT LIMITED DRIVING B CERTIFICATE 1 MONTH NEW|4300.0|2025|APPROVED
NCC-CDF-SKL-00582|NDOLA CENTRAL|MUSONDA TIMOTHY|572559/61/1|772153570|TWAPIA|M|24.0|KALDIS INVESTMENT LIMITED DRIVING B CERTIFICATE 1 MONTH NEW|4300.0|2025|APPROVED
NCC-CDF-SKL-00583|NDOLA CENTRAL|MWANSA CLEMENT|525656/61/1|772331149|TWAPIA|M|26.0|KALDIS INVESTMENT LIMITED DRIVING B CERTIFICATE 1 MONTH NEW|4300.0|2025|APPROVED
NCC-CDF-SKL-00584|NDOLA CENTRAL|MULENGA WESLEY|582693/61/1|773067398|TWAPIA|M|21.0|KALDIS INVESTMENT LIMITED DRIVING B CERTIFICATE 1 MONTH NEW|4300.0|2025|APPROVED
NCC-CDF-SKL-00585|NDOLA CENTRAL|CHILUMBU WANA|378638/24/1|960887118|TWAPIA|M|23.0|KALDIS INVESTMENT LIMITED DRIVING B CERTIFICATE 1 MONTH NEW|4300.0|2025|APPROVED
NCC-CDF-SKL-00586|NDOLA CENTRAL|MWELWA NOBLY|637451/61/1|962073015|TWAPIA|M|17.0|KALDIS INVESTMENT LIMITED DRIVING B CERTIFICATE 1 MONTH NEW|4300.0|2025|APPROVED
NCC-CDF-SKL-00587|NDOLA CENTRAL|MWALULA JULIUS|630612/61/1|962110516|TWAPIA|M|20.0|KALDIS INVESTMENT LIMITED DRIVING B CERTIFICATE 1 MONTH NEW|4300.0|2025|APPROVED
NCC-CDF-SKL-00588|NDOLA CENTRAL|MATENDE LEVISON|326453/33/1|964120021|TWAPIA|M|34.0|KALDIS INVESTMENT LIMITED DRIVING B CERTIFICATE 1 MONTH NEW|4300.0|2025|APPROVED
NCC-CDF-SKL-00589|NDOLA CENTRAL|KASONGU OBED|534498/61/1|965887540|TWAPIA|M|27.0|KALDIS INVESTMENT LIMITED DRIVING B CERTIFICATE 1 MONTH NEW|4300.0|2025|APPROVED
NCC-CDF-SKL-00590|NDOLA CENTRAL|CHONGO CLIVE|573840/61/1|968057797|TWAPIA|M|22.0|KALDIS INVESTMENT LIMITED DRIVING B CERTIFICATE 1 MONTH NEW|4300.0|2025|APPROVED
NCC-CDF-SKL-00591|NDOLA CENTRAL|CHITETA FORDSON JNR|352627/61/1|968913536|TWAPIA|M|33.0|KALDIS INVESTMENT LIMITED DRIVING B CERTIFICATE 1 MONTH NEW|4300.0|2025|APPROVED
NCC-CDF-SKL-00592|NDOLA CENTRAL|KABWE CLEMENT|558180/61/1|968991634|TWAPIA|M|23.0|KALDIS INVESTMENT LIMITED DRIVING B CERTIFICATE 1 MONTH NEW|4300.0|2025|APPROVED
NCC-CDF-SKL-00593|NDOLA CENTRAL|MULENGA CHRISTOPHER|616388/61/1|969626352|TWAPIA|M|22.0|KALDIS INVESTMENT LIMITED DRIVING B CERTIFICATE 1 MONTH NEW|4300.0|2025|APPROVED
NCC-CDF-SKL-00594|NDOLA CENTRAL|MWALULA ANDREW|502516/61/1|974151117|TWAPIA|M|28.0|KALDIS INVESTMENT LIMITED DRIVING B CERTIFICATE 1 MONTH NEW|4300.0|2025|APPROVED
NCC-CDF-SKL-00595|NDOLA CENTRAL|KAMPAMBA MUTALE|613566/61/1|974414928|TWAPIA|M|22.0|KALDIS INVESTMENT LIMITED DRIVING B CERTIFICATE 1 MONTH NEW|4300.0|2025|APPROVED
NCC-CDF-SKL-00596|NDOLA CENTRAL|CHILIMBA MIKE|247399/18/1|974809245|TWAPIA|M|26.0|KALDIS INVESTMENT LIMITED DRIVING B CERTIFICATE 1 MONTH NEW|4300.0|2025|APPROVED
NCC-CDF-SKL-00597|NDOLA CENTRAL|KANGWA DAVID|541135/61/1|977544664|TWAPIA|M|23.0|KALDIS INVESTMENT LIMITED DRIVING B CERTIFICATE 1 MONTH NEW|4300.0|2025|APPROVED
NCC-CDF-SKL-00598|NDOLA CENTRAL|BWALYA BAUDEN|500276/61/1|||M|27.0|77142388 TWAPIA M 27 KALDIS INVESTMENT LIMITED DRIVING C1 CERTIFICATE 1 MONTH NEW|4300.0|2025|APPROVED
NCC-CDF-SKL-00599|NDOLA CENTRAL|CHIMBALA CHRISTINE|589039/61/1|760414811|TWAPIA|M|20.0|KALDIS INVESTMENT LIMITED DRIVING C1 CERTIFICATE 1 MONTH NEW|4300.0|2025|APPROVED
NCC-CDF-SKL-00600|NDOLA CENTRAL|NCHOKA FRANCIS|548755/61/1|762049806|TWAPIA|M|24.0|KALDIS INVESTMENT LIMITED DRIVING C1 CERTIFICATE 1 MONTH NEW|4300.0|2025|APPROVED
NCC-CDF-SKL-00601|NDOLA CENTRAL|KUNDA STEVEN|620442/61/1|762120477|TWAPIA|M|20.0|KALDIS INVESTMENT LIMITED DRIVING C1 CERTIFICATE 1 MONTH NEW|4300.0|2025|APPROVED
NCC-CDF-SKL-00602|NDOLA CENTRAL|CHANSA NOAMI|634911/61/1|762137880|TWAPIA|F|19.0|KALDIS INVESTMENT LIMITED DRIVING C1 CERTIFICATE 1 MONTH NEW|4300.0|2025|APPROVED
NCC-CDF-SKL-00603|NDOLA CENTRAL|KALUNGA JUSTIN|421525/61/1|762616174|TWAPIA|M|33.0|KALDIS INVESTMENT LIMITED DRIVING C1 CERTIFICATE 1 MONTH NEW|4300.0|2025|APPROVED
NCC-CDF-SKL-00604|NDOLA CENTRAL|MUKUNTA CHARLES|351266/24/1|763624038|TWAPIA|M|25.0|KALDIS INVESTMENT LIMITED DRIVING C1 CERTIFICATE 1 MONTH NEW|4300.0|2025|APPROVED
NCC-CDF-SKL-00605|NDOLA CENTRAL|SICHONE AKIM|286687/68/1|764801899|TWAPIA|M|32.0|KALDIS INVESTMENT LIMITED DRIVING C1 CERTIFICATE 1 MONTH NEW|4300.0|2025|APPROVED
NCC-CDF-SKL-00606|NDOLA CENTRAL|JOSEPH CHANDA SIMWIMBA|612784/61/1|767188395|TWAPIA|M|32.0|KALDIS INVESTMENT LIMITED DRIVING C1 CERTIFICATE 1 MONTH NEW|4300.0|2025|APPROVED
NCC-CDF-SKL-00607|NDOLA CENTRAL|GIFT MPOFU KAPYA|377106/33/1|767414889|TWAPIA|M|27.0|KALDIS INVESTMENT LIMITED DRIVING C1 CERTIFICATE 1 MONTH NEW|4300.0|2025|APPROVED
NCC-CDF-SKL-00608|NDOLA CENTRAL|CHIMBALA PRUDENCE|589038/61/1|768206060|TWAPIA|F|20.0|KALDIS INVESTMENT LIMITED DRIVING C1 CERTIFICATE 1 MONTH NEW|4300.0|2025|APPROVED
NCC-CDF-SKL-00609|NDOLA CENTRAL|BALA GIFT|439894/61/1|768657149|TWAPIA|M|33.0|KALDIS INVESTMENT LIMITED DRIVING C1 CERTIFICATE 1 MONTH NEW|4300.0|2025|APPROVED
NCC-CDF-SKL-00610|NDOLA CENTRAL|KATONGO CHRISTAINE|439760/61/1|768660067|TWAPIA|F|34.0|KALDIS INVESTMENT LIMITED DRIVING C1 CERTIFICATE 1 MONTH NEW|4300.0|2025|APPROVED
NCC-CDF-SKL-00611|NDOLA CENTRAL|MALAYA DAVID|593434/61/1|771172990|TWAPIA|M|20.0|KALDIS INVESTMENT LIMITED DRIVING C1 CERTIFICATE 1 MONTH NEW|4300.0|2025|APPROVED
NCC-CDF-SKL-00612|NDOLA CENTRAL|MELEKI HUMPHERY|604249/61/1|960243547|TWAPIA|M|21.0|KALDIS INVESTMENT LIMITED DRIVING C1 CERTIFICATE 1 MONTH NEW|4300.0|2025|APPROVED
NCC-CDF-SKL-00613|NDOLA CENTRAL|CHIPILI CHAMPO|317397/64/1|961051116|TWAPIA|M|31.0|KALDIS INVESTMENT LIMITED DRIVING C1 CERTIFICATE 1 MONTH NEW|4300.0|2025|APPROVED
NCC-CDF-SKL-00614|NDOLA CENTRAL|SAMPA MULENGA|544151/61/1|961219488|TWAPIA|M|25.0|KALDIS INVESTMENT LIMITED DRIVING C1 CERTIFICATE 1 MONTH NEW|4300.0|2025|APPROVED
NCC-CDF-SKL-00615|NDOLA CENTRAL|MWEWA EMMANUEL|434543/61/1|963822819|TWAPIA|M|32.0|KALDIS INVESTMENT LIMITED DRIVING C1 CERTIFICATE 1 MONTH NEW|4300.0|2025|APPROVED
NCC-CDF-SKL-00616|NDOLA CENTRAL|MULENGA RICHAARD|537939/61/1|963828209|TWAPIA|M|24.0|KALDIS INVESTMENT LIMITED DRIVING C1 CERTIFICATE 1 MONTH NEW|4300.0|2025|APPROVED
NCC-CDF-SKL-00617|NDOLA CENTRAL|CHABALA FAITH|638583/61/1|966966535|TWAPIA|F|18.0|KALDIS INVESTMENT LIMITED DRIVING C1 CERTIFICATE 1 MONTH NEW|4300.0|2025|APPROVED
NCC-CDF-SKL-00618|NDOLA CENTRAL|KUNDA RICHARD|362080/16/1|968863603|TWAPIA|M|31.0|KALDIS INVESTMENT LIMITED DRIVING C1 CERTIFICATE 1 MONTH NEW|4300.0|2025|APPROVED
NCC-CDF-SKL-00619|NDOLA CENTRAL|MUMA FRANCIS|521220/61/1|972373918|TWAPIA|M|28.0|KALDIS INVESTMENT LIMITED DRIVING C1 CERTIFICATE 1 MONTH NEW|4300.0|2025|APPROVED
NCC-CDF-SKL-00620|NDOLA CENTRAL|CHRISTOPHER BWALYA|624084/67/1|975050405|TWAPIA|M|28.0|KALDIS INVESTMENT LIMITED DRIVING C1 CERTIFICATE 1 MONTH NEW|4300.0|2025|APPROVED
NCC-CDF-SKL-00621|NDOLA CENTRAL|PANJI MUSAWA|537902/61/1|975734929|TWAPIA|M|23.0|KALDIS INVESTMENT LIMITED DRIVING C1 CERTIFICATE 1 MONTH NEW|4300.0|2025|APPROVED
NCC-CDF-SKL-00622|NDOLA CENTRAL|PETER MUBITA|208419/85/1|978808972|TWAPIA|M|26.0|KALDIS INVESTMENT LIMITED DRIVING C1 CERTIFICATE 1 MONTH NEW|4300.0|2025|APPROVED
NCC-CDF-SKL-00623|NDOLA CENTRAL|SIWALE SUWILANGI|398589/10/1|979190228|TWAPIA|M|26.0|KALDIS INVESTMENT LIMITED DRIVING C1 CERTIFICATE 1 MONTH NEW|4300.0|2025|APPROVED
NCC-CDF-SKL-00624|NDOLA CENTRAL|SIMWAMBI SIMON|256107/47/1|979234447|TWAPIA|M|34.0|KALDIS INVESTMENT LIMITED DRIVING C1 CERTIFICATE 1 MONTH NEW|4300.0|2025|APPROVED
NCC-CDF-SKL-00625|NDOLA CENTRAL|MWANZA FAIDES|615630/61/1|979312795|TWAPIA|F|21.0|KALDIS INVESTMENT LIMITED DRIVING C1 CERTIFICATE 1 MONTH NEW|4300.0|2025|APPROVED
NCC-CDF-SKL-00626|NDOLA CENTRAL|PHIRIR PAULSTAN|380940/17/1|979457676|TWAPIA|M|31.0|KALDIS INVESTMENT LIMITED DRIVING C1 CERTIFICATE 1 MONTH NEW|4300.0|2025|APPROVED
NCC-CDF-SKL-00627|NDOLA CENTRAL|MIKE MAYABA|496094/61/1|972197756|TWAPIA|M|25.0|KALDIS INVESTMENT LIMITED DRIVING C1 CERTIFICATE 1 MONTH NEW|4300.0|2025|APPROVED
NCC-CDF-SKL-00628|NDOLA CENTRAL|LUNGU SMART|442531/61/1|960165154|TWAPIA|M|30.0|KALDIS INVESTMENT LIMITED DRIVING CE CERTIFICATE 1 MONTH NEW|4300.0|2025|APPROVED
NCC-CDF-SKL-00629|NDOLA CENTRAL|NJAMBA MUYUPA ELIYA|604678/61/1|977733862|TWAPIA|M|21.0|MONGU TRADES TRAINING ICT DIPLOMA 3 YEARS NEW|13350.0|2025|APPROVED
NCC-CDF-SKL-00630|NDOLA CENTRAL|NJAMBA JUDITH|521830/61/1|964717671|TWAPIA|M|26.0|MONGU TRADES TRAINING POWER ELECTRICAL CRAFT 2 YEARS NEW|8700.0|2025|APPROVED
NCC-CDF-SKL-00631|NDOLA CENTRAL|CHANSA JEDIDIAH|641921/61/1|973405656|TWAPIA|M|21.0|MOTOR LINK DRIVING SCHOOL DRIVING B CERTIFICATE 1 MONTH NEW|4300.0|2025|APPROVED
NCC-CDF-SKL-00632|NDOLA CENTRAL|KHONDOWE YAMIKANI|600407/61/1|974922745|TWAPIA|M|22.0|MOTOR LINK DRIVING SCHOOL DRIVING B CERTIFICATE 1 MONTH NEW|4300.0|2025|APPROVED
NCC-CDF-SKL-00633|NDOLA CENTRAL|KUTELA BLESSING|541558/61/1|779702112|TWAPIA|F|25.0|MOTOR LINK DRIVING SCHOOL DRIVING C CERTIFICATE 1 MONTH NEW|4300.0|2025|APPROVED
NCC-CDF-SKL-00634|NDOLA CENTRAL|CHONGO MILDREED|553218/61/1|962185205|TWAPIA|F|24.0|MOTOR LINK DRIVING SCHOOL DRIVING C CERTIFICATE 1 MONTH NEW|4300.0|2025|APPROVED
NCC-CDF-SKL-00635|NDOLA CENTRAL|MUTALE SHEPHERD|572825/61/1|764478411|TWAPIA|M|24.0|MOTOR LINK DRIVING SCHOOL DRIVING C1 CERTIFICATE 1 MONTH NEW|4300.0|2025|APPROVED
NCC-CDF-SKL-00636|NDOLA CENTRAL|CHISENGA JULIUS|557468/61/1|966222703|TWAPIA|M|22.0|MOTOR LINK DRIVING SCHOOL DRIVING C1 CERTIFICATE 1 MONTH NEW|4300.0|2025|APPROVED
NCC-CDF-SKL-00637|NDOLA CENTRAL|BWALYA CHARLES|419785/10/1|968484496|TWAPIA|M|26.0|MOTOR LINK DRIVING SCHOOL DRIVING C1 CERTIFICATE 1 MONTH NEW|4300.0|2025|APPROVED
NCC-CDF-SKL-00638|NDOLA CENTRAL|PHIRI NAOMI|529965/61/1|972321676|TWAPIA|F|26.0|MOTOR LINK DRIVING SCHOOL DRIVING C1 CERTIFICATE 1 MONTH NEW|4300.0|2025|APPROVED
NCC-CDF-SKL-00639|NDOLA CENTRAL|MALOLO EVANS|544016/61/1|974797958|TWAPIA|M|25.0|MOTOR LINK DRIVING SCHOOL DRIVING C1 CERTIFICATE 1 MONTH NEW|4300.0|2025|APPROVED
NCC-CDF-SKL-00640|NDOLA CENTRAL|NGUNI NGOSA|546644/61/1|960695790|TWAPIA|M|24.0|MOTOR LINK DRIVING SCHOOL DRIVING CE CERTIFICATE 1 MONTH NEW|4300.0|2025|APPROVED
NCC-CDF-SKL-00641|NDOLA CENTRAL|MULENGA MUTALE|562237/61/1|961772012|TWAPIA|M|23.0|MOTOR LINK DRIVING SCHOOL DRIVING CE CERTIFICATE 1 MONTH NEW|4300.0|2025|APPROVED
NCC-CDF-SKL-00642|NDOLA CENTRAL|MAKINA NOAH MUMBA|489549/61/1|973939496|TWAPIA|M|28.0|NDOLA SKILLS TRAINING CENTRE AUTOMOTIVE ENGINEERING CERTIFICATE 1 YEAR NEW|4300.0|2025|APPROVED
NCC-CDF-SKL-00643|NDOLA CENTRAL|CHIBUYE MAGRET|548853/61/1|771537075|TWAPIA|M|23.0|NDOLA SKILLS TRAINING CENTRE ELECTRICAL ENGINEERING CERTIFICATE 1 YEAR NEW|4300.0|2025|APPROVED
NCC-CDF-SKL-00644|NDOLA CENTRAL|KATEBE LWIZA|588843/61/1|976746135|TWAPIA|F|23.0|NDOLA SKILLS TRAINING CENTRE GENERAL HOSPITALITY CERTIFICATE 1 YEAR NEW|4300.0|2025|APPROVED
NCC-CDF-SKL-00645|NDOLA CENTRAL|PHIRI JAMES|463355/61/1|973686343|TWAPIA|M|28.0|NDOLA SKILLS TRAINING CENTRE METAL FABRICATION CERTIFICATE 1 YEAR NEW|4300.0|2025|APPROVED
NCC-CDF-SKL-00646|NDOLA CENTRAL|NKOMBA FRANCIS|559488/61/1|979349833|TWAPIA|M|23.0|NORTEC CRAFT CERTFICATE IN CERTIFICATE 2 YEARS RETURNING|8700.0|2025|APPROVED
NCC-CDF-SKL-00647|NDOLA CENTRAL|LUPUPA MCMILLIAN|572557/61/1|771433396|TWAPIA|M|21.0|NORTEC CRAFT CERTIFICATE IN HEAVY CERTIFICATE 2 YEARS RETURNING|7600.0|2025|APPROVED
NCC-CDF-SKL-00648|NDOLA CENTRAL|MUTETE MASUMBA|375085/66/1|962501707|TWAPIA|F|24.0|NORTEC CRAFT CERTIFICATE IN HEAVY CERTIFICATE 2 YEARS RETURNING|7600.0|2025|APPROVED
NCC-CDF-SKL-00649|NDOLA CENTRAL|SIMOVWE SUBSTONE|281914/47/1|967861730|TWAPIA|M|26.0|NORTEC CRAFT CERTIFICATE IN CERTIFICATE 2 YEARS RETURNING|8700.0|2025|APPROVED
NCC-CDF-SKL-00650|NDOLA CENTRAL|ERICK KASANDA|509144/61/1|965405678|TWAPIA|M|26.0|NORTEC DIPLOMA IN AUTOMOTIVE DIPLOMA 3 YEARS NEW|8700.0|2025|APPROVED
NCC-CDF-SKL-00651|NDOLA CENTRAL|TEMBO ELIJAH|823747/10/1|972828356|TWAPIA|M|21.0|NORTEC DIPLOMA IN AUTOMOTIVE DIPLOMA 3 YEARS RETURNING|8700.0|2025|APPROVED
NCC-CDF-SKL-00652|NDOLA CENTRAL|BWALYA JOSHUA|627283/61/1|773088160|TWAPIA|M|19.0|NORTEC DIPLOMA IN ELECTRICAL DIPLOMA 3 YEARS RETURNING|8700.0|2025|APPROVED
NCC-CDF-SKL-00653|NDOLA CENTRAL|LUVWEYI MICHEAL|493570/61/1|978188300|TWAPIA|M|25.0|NORTEC DIPLOMA IN ELECTRICAL DIPLOMA 3 YEARS RETURNING|8700.0|2025|APPROVED
NCC-CDF-SKL-00654|NDOLA CENTRAL|KALWA AARON|492959/61/1|950666900|TWAPIA|M|27.0|NORTEC DIPLOMA IN HEAVY DIPLOMA 3 YEARS RETURNING|14350.0|2025|APPROVED
NCC-CDF-SKL-00655|NDOLA CENTRAL|BWALYA YOTAM|366542/68/1|964506605|TWAPIA|M|17.0|NORTEC DIPLOMA IN HEAVY DIPLOMA 3 YEARS NEW|14350.0|2025|APPROVED
NCC-CDF-SKL-00656|NDOLA CENTRAL|WAMUNDILA SISHEKANO|363252/82/1|979784487|TWAPIA|M|24.0|NORTEC DIPLOMA IN HEAVY DIPLOMA 3 YEARS RETURNING|14350.0|2025|APPROVED
NCC-CDF-SKL-00657|NDOLA CENTRAL|MAMBWA RABECCA|537143/61/1|760922674|TWAPIA|F|25.0|NORTEC DIPLOMA IN MECHANICAL DIPLOMA 3 YEARS NEW|8700.0|2025|APPROVED
NCC-CDF-SKL-00658|NDOLA CENTRAL|KAMBOLE MOSES|577101/61/1|766406165|TWAPIA|M|22.0|NORTEC DIPLOMA IN MECHANICAL DIPLOMA 3 YEARS NEW|8700.0|2025|APPROVED
NCC-CDF-SKL-00659|NDOLA CENTRAL|MWAPE GLORIA|619964/61/1|767160788|TWAPIA|F|19.0|NORTEC DIPLOMA IN MECHANICAL DIPLOMA 3 YEARS NEW|8700.0|2025|APPROVED
NCC-CDF-SKL-00660|NDOLA CENTRAL|MATANDA MERCY|572234/61/1|774862500|TWAPIA|F|24.0|NORTEC DIPLOMA IN MECHANICAL DIPLOMA 3 YEARS NEW|8700.0|2025|APPROVED
NCC-CDF-SKL-00661|NDOLA CENTRAL|SHABA REUBEN|539178/61/1|963576847|TWAPIA|M|26.0|NORTEC DIPLOMA IN MECHANICAL DIPLOMA 3 YEARS NEW|8700.0|2025|APPROVED
NCC-CDF-SKL-00662|NDOLA CENTRAL|DAKA MARY|639051/61/1|975040607|TWAPIA|F|29.0|NORTEC DIPLOMA IN MECHANICAL DIPLOMA 3 YEARS NEW|8700.0|2025|APPROVED
NCC-CDF-SKL-00663|NDOLA CENTRAL|NKOLE FRANCISCA|442844/61/1|979167581|TWAPIA|F|34.0|NORTEC DIPLOMA IN MECHANICAL DIPLOMA 3 YEARS NEW|8700.0|2025|APPROVED
NCC-CDF-SKL-00664|NDOLA CENTRAL|KAMOTA NAOMI|369836/64/1|963725674|TWAPIA|F|25.0|NORTEC DIPLOMA IN MECHANICAL DIPLOMA 3 YEARS NEW|8700.0|2025|APPROVED
NCC-CDF-SKL-00665|NDOLA CENTRAL|SIMBARASHE MOYO|923254/10/1|975077612|TWAPIA|M|19.0|NORTEC DIPLOMA IN MECHNAICAL DIPLOMA 3 YEARS NEW|8700.0|2025|APPROVED
NCC-CDF-SKL-00666|NDOLA CENTRAL|SIAME STEVEN|565388/61/1|773189260|TWAPIA|M|24.0|NORTEC TRADE TEST CERTIFICATE IN CERTIFICATE 1 YEAR NEW|7600.0|2025|APPROVED
NCC-CDF-SKL-00667|NDOLA CENTRAL|KASEMUKA NOAH|482244/67/1|963287795|TWAPIA|M|31.0|NORTEC TRADE TEST CERTIFICATE IN CERTIFICATE 1 YEAR NEW|7600.0|2025|APPROVED
NCC-CDF-SKL-00668|NDOLA CENTRAL|CHILOMBE EPHRAIN|592276/61/1|761000673|TWAPIA|M|21.0|NORTHERN POLYTECHNIC AUTOMOTIVE MECHANICS CERTIFICATE 1 YEAR NEW|17450.0|2025|APPROVED
NCC-CDF-SKL-00669|NDOLA CENTRAL|CHITALU PRISCA|568310/61/1|768658575|TWAPIA|F|25.0|NORTHERN POLYTECHNIC FOOD PRODUCTION CERTIFICATE 1 YEAR NEW|18550.0|2025|APPROVED
NCC-CDF-SKL-00670|NDOLA CENTRAL|MULENGA DANIEL|534565/61/1|764238587|TWAPIA|M|28.0|PASCAL INSTITUTE OF OPERATOR DUMP TRUCK OPERATOR CERTIFICATE 1 MONTH NEW|6750.0|2025|APPROVED
NCC-CDF-SKL-00671|NDOLA CENTRAL|SOMBA JAMES|568057/61/1|772524934|TWAPIA|M|23.0|PASCAL INSTITUTE OF OPERATOR DUMP TRUCK OPERATOR CERTIFICATE 1 MONTH NEW|6750.0|2025|APPROVED
NCC-CDF-SKL-00672|NDOLA CENTRAL|NGOMA JOSHUA KONDWANI|596563/61/1|965206964|TWAPIA|M|22.0|PASCAL INSTITUTE OF OPERATOR DUMP TRUCK OPERATOR CERTIFICATE 1 MONTH NEW|6750.0|2025|APPROVED
NCC-CDF-SKL-00673|NDOLA CENTRAL|BANDA DANNY|566772/61/1|970411668|TWAPIA|M|24.0|PASCAL INSTITUTE OF OPERATOR DUMP TRUCK OPERATOR CERTIFICATE 1 MONTH NEW|6750.0|2025|APPROVED
NCC-CDF-SKL-00674|NDOLA CENTRAL|MUDENDA EUVINA|455234/61/1|974875979|TWAPIA|F|31.0|PASCAL INSTITUTE OF OPERATOR DUMP TRUCK OPERATOR CERTIFICATE 1 MONTH NEW|6750.0|2025|APPROVED
NCC-CDF-SKL-00675|NDOLA CENTRAL|KAUNDA KAPAMBWE|489581/61/1|979636636|TWAPIA|F|27.0|PASCAL INSTITUTE OF OPERATOR DUMP TRUCK OPERATOR CERTIFICATE 1 MONTH NEW|6750.0|2025|APPROVED
NCC-CDF-SKL-00676|NDOLA CENTRAL|KAKOMPE FORTUNE|623848/61/1|762644006|TWAPIA|F|20.0|PASCAL INSTITUTE OF OPERATOR EXAVAVATOR OPERATOR CERTIFICATE 1 MONTH NEW|6750.0|2025|APPROVED
NCC-CDF-SKL-00677|NDOLA CENTRAL|CHITOTI SANDRA|521435/61/1|967920261|TWAPIA|F|24.0|PASCAL INSTITUTE OF OPERATOR EXAVAVATOR OPERATOR CERTIFICATE 1 MONTH NEW|6750.0|2025|APPROVED
NCC-CDF-SKL-00678|NDOLA CENTRAL|BANDA WIDSON|476762/61/1|761359520|TWAPIA|M|28.0|PASCAL INSTITUTE OF OPERATOR EXCAVATOR OPERATOR CERTIFICATE 1 MONTH NEW|6750.0|2025|APPROVED
NCC-CDF-SKL-00679|NDOLA CENTRAL|NAKAMBA MARTHA|641538/61/1|761722544|TWAPIA|F|19.0|PASCAL INSTITUTE OF OPERATOR EXCAVATOR OPERATOR CERTIFICATE 1 MONTH NEW|6750.0|2025|APPROVED
NCC-CDF-SKL-00680|NDOLA CENTRAL|MULENGA ESTONE MARK|306873/68/1|771166622|TWAPIA|M|30.0|PASCAL INSTITUTE OF OPERATOR EXCAVATOR OPERATOR CERTIFICATE 1 MONTH NEW|6750.0|2025|APPROVED
NCC-CDF-SKL-00681|NDOLA CENTRAL|MUNDONGO BLESSINGS|554722/61/1|773155783|TWAPIA|F|24.0|PASCAL INSTITUTE OF OPERATOR EXCAVATOR OPERATOR CERTIFICATE 1 MONTH NEW|6750.0|2025|APPROVED
NCC-CDF-SKL-00682|NDOLA CENTRAL|CHITI CLEMENT|538100/61/1|962905664|TWAPIA|M|27.0|PASCAL INSTITUTE OF OPERATOR EXCAVATOR OPERATOR CERTIFICATE 1 MONTH NEW|6750.0|2025|APPROVED
NCC-CDF-SKL-00683|NDOLA CENTRAL|LUBASI COLLINS|633314/61/1|971561929|TWAPIA|M|18.0|PASCAL INSTITUTE OF OPERATOR EXCAVATOR OPERATOR CERTIFICATE 1 MONTH NEW|6750.0|2025|APPROVED
NCC-CDF-SKL-00684|NDOLA CENTRAL|LYUUMBO LANGSON|305622/71/1|771022605|TWAPIA|M|22.0|PASCAL INSTITUTE OF OPERATOR FOLK LIFTER OPERATOR CERTIFICATE 1 MONTH NEW|6750.0|2025|APPROVED
NCC-CDF-SKL-00685|NDOLA CENTRAL|CHINGU JONATHAN|582237/61/1|975271763|TWAPIA|M|21.0|PASCAL INSTITUTE OF OPERATOR FOLK LIFTER OPERATOR CERTIFICATE 1 MONTH NEW|6750.0|2025|APPROVED
NCC-CDF-SKL-00686|NDOLA CENTRAL|CHISENGA JONES|636298/61/1|962510455|TWAPIA|M|17.0|PASCAL INSTITUTE OF OPERATOR HEAVY DUTY OPERATOR CERTIFICATE 1 MONTH NEW|6750.0|2025|APPROVED
NCC-CDF-SKL-00687|NDOLA CENTRAL|KAPINGA MAXILAH|286844/68/1|966232210|TWAPIA|F|31.0|PASCAL INSTITUTE OF OPERATOR HEAVY DUTY OPERATOR CERTIFICATE 1 MONTH NEW|6750.0|2025|APPROVED
NCC-CDF-SKL-00688|NDOLA CENTRAL|KALINDA KEBBY|478274/61/1|978133474|TWAPIA|M|29.0|PASCAL INSTITUTE OF OPERATOR HEAVY DUTY OPERATOR CERTIFICATE 1 MONTH NEW|6750.0|2025|APPROVED
NCC-CDF-SKL-00689|NDOLA CENTRAL|MUKUPA DILLAX|469837/61/1|979124696|TWAPIA|M|29.0|PASCAL INSTITUTE OF OPERATOR HEAVY DUTY OPERATOR CERTIFICATE 1 MONTH NEW|6750.0|2025|APPROVED
NCC-CDF-SKL-00690|NDOLA CENTRAL|KAPAJI JUSTINE|500130/61/1|763335768|TWAPIA|M|30.0|ROAD SKILLS DRIVING SCHOOL DRIVING C1 CERTIFICATE 1 MONTH NEW|4300.0|2025|APPROVED
NCC-CDF-SKL-00691|NDOLA CENTRAL|MWAMBA GEOFFERY|570016/61/1|764437917|TWAPIA|M|25.0|ROAD SKILLS DRIVING SCHOOL DRIVING C1 CERTIFICATE 1 MONTH NEW|4300.0|2025|APPROVED
NCC-CDF-SKL-00692|NDOLA CENTRAL|KAINDA DEVY|522898/61/1|779792758|TWAPIA|M|26.0|ROAD SKILLS DRIVING SCHOOL DRIVING C1 CERTIFICATE 1 MONTH NEW|4300.0|2025|APPROVED
NCC-CDF-SKL-00693|NDOLA CENTRAL|LOMBE MUSONDA|591327/67/1|962595383|TWAPIA|M|25.0|ROAD SKILLS DRIVING SCHOOL DRIVING C1 CERTIFICATE 1 MONTH NEW|4300.0|2025|APPROVED
NCC-CDF-SKL-00694|NDOLA CENTRAL|BUNDA HUMPHREY|505167/61/1|964787468|TWAPIA|M|25.0|ROAD SKILLS DRIVING SCHOOL DRIVING C1 CERTIFICATE 1 MONTH NEW|4300.0|2025|APPROVED
NCC-CDF-SKL-00695|NDOLA CENTRAL|MMWWEALNWZAA MIZHUEL|112953/58/1|966349003|TWAPIA|M|33.0|ROAD SKILLS DRIVING SCHOOL DRIVING C1 CERTIFICATE 1 MONTH NEW|4300.0|2025|APPROVED
NCC-CDF-SKL-00696|NDOLA CENTRAL|MWELWA KABUTA LIGHTON|145852/48/1|969144532|TWAPIA|M|31.0|ROAD SKILLS DRIVING SCHOOL DRIVING C1 CERTIFICATE 1 MONTH NEW|4300.0|2025|APPROVED
NCC-CDF-SKL-00697|NDOLA CENTRAL|CHOOLWE MUNKOMBWE|380175/73/1|768889941|TWAPIA|M|23.0|ROAD SKILLS DRIVING SCHOOL DRIVING CE CERTIFICATE 1 MONTH NEW|4300.0|2025|APPROVED
NCC-CDF-SKL-00698|NDOLA CENTRAL|MUYUPA KELVIN|318992/68/1|773723792|TWAPIA|M|26.0|ROAD SKILLS DRIVING SCHOOL DRIVING CE CERTIFICATE 1 MONTH NEW|4300.0|2025|APPROVED
NCC-CDF-SKL-00699|NDOLA CENTRAL|CHUULU NERVOUS|328736/66/1|972522653|TWAPIA|M|31.0|ROAD SKILLS DRIVING SCHOOL DRIVING CE CERTIFICATE 1 MONTH NEW|4300.0|2025|APPROVED
NCC-CDF-SKL-00700|NDOLA CENTRAL|MAUNDU MISHECK|176995/34/1|974864977|TWAPIA|M|25.0|ROAD SKILLS DRIVING SCHOOL DRIVING CE CERTIFICATE 1 MONTH NEW|4300.0|2025|APPROVED
NCC-CDF-SKL-00701|NDOLA CENTRAL|NANKUTWA ESTHER|582159/61/1|760340877|TWAPIA|M|21.0|ZAMBIA UNIVERSITY COLLEGE OF COMPUTER SKILLS CERTIFICATE 3 MONTHS NEW|5800.0|2025|APPROVED
NCC-CDF-SKL-00702|NDOLA CENTRAL|CHIPETA MARGRET|606746/61/1|772033642|TWAPIA|F|22.0|ZAMBIA UNIVERSITY COLLEGE OF COMPUTER SKILLS CERTIFICATE 3 MONTHS NEW|5800.0|2025|APPROVED
NCC-CDF-SKL-00703|NDOLA CENTRAL|SEME CHILUBA|323806/68/1|764120851|TWAPIA|F|26.0|ZAMBIA UNIVERSITY COLLEGE OF DIPLOMA IN COMPUTER DIPLOMA 3 YEARS RETURNING|8400.0|2025|APPROVED
NCC-CDF-SKL-00704|NDOLA CENTRAL|CHILUBA ROYDAH|617142/61/1|769974652|TWAPIA|F|30.0|ZAMBIA UNIVERSITY COLLEGE OF ELECTRICAL AND DIPLOMA 3 YEARS NEW|8400.0|2025|APPROVED
NCC-CDF-SKL-00705|NDOLA CENTRAL|CHINYAMA JOHN|347993/10/1|976781291|TWAPIA|M|30.0|ZAMBIA UNIVERSITY COLLEGE OF ELECTRICAL AND DIPLOMA 3 YEARS NEW|8400.0|2025|APPROVED
NCC-CDF-SKL-00706|NDOLA CENTRAL|BWEMBYA PRINCE|588732/44/1|769443002|TWAPIA|M|22.0|ZAMBIA UNIVERSITY COLLEGE OF INFORMATION TECHNOLOGY DIPLOMA 3 YEARS NEW|8400.0|2025|APPROVED
NCC-CDF-SKL-00707|NDOLA CENTRAL|CHULU FRACKY|239625/15/1|964597042|YENGWE|M|34.0|MOTOR LINK DRIVING SCHOOL DRIVING C CERTIFICATE 1 MONTH NEW|4300.0|2025|APPROVED
NCC-CDF-SKL-00708|NDOLA CENTRAL|MWANZA TAZINGWA|471254/61/1|973164144|YENGWE|F|29.0|MOTOR LINK DRIVING SCHOOL DRIVING C1 CERTIFICATE 1 MONTH NEW|4300.0|2025|APPROVED
NCC-CDF-SKL-00709|NDOLA CENTRAL|NGOSA MICHAEL|204259/18/1|760305783|YENGWE|M|31.0|MOTOR LINK DRIVING SCHOOL DRIVING CE CERTIFICATE 1 MONTH NEW|4300.0|2025|APPROVED
NCC-CDF-SKL-00710|NDOLA CENTRAL|CHABALA BENSON|516152/61/1|764110410|YENGWE|M|26.0|MOTOR LINK DRIVING SCHOOL DRIVING CE CERTIFICATE 1 MONTH NEW|4300.0|2025|APPROVED
NCC-CDF-SKL-00711|NDOLA CENTRAL|ZULU KELVIN|617581/61/1|764602960|YENGWE|M|20.0|MOTOR LINK DRIVING SCHOOL DRIVING CE CERTIFICATE 1 MONTH NEW|4300.0|2025|APPROVED
NCC-CDF-SKL-00712|NDOLA CENTRAL|MUKUYA SUNDAY|463950/61/1|772103937|YENGWE|M|28.0|MOTOR LINK DRIVING SCHOOL DRIVING CE CERTIFICATE 1 MONTH NEW|4300.0|2025|APPROVED
NCC-CDF-SKL-00713|NDOLA CENTRAL|MUMBI ERNEST|624019/10/1|777029399|YENGWE|M|23.0|MOTOR LINK DRIVING SCHOOL DRIVING CE CERTIFICATE 1 MONTH NEW|4300.0|2025|APPROVED
NCC-CDF-SKL-00714|NDOLA CENTRAL|MPANDE TWAAMBO|579508/61/1|779463888|YENGWE|M|22.0|MOTOR LINK DRIVING SCHOOL DRIVING CE CERTIFICATE 1 MONTH NEW|4300.0|2025|APPROVED
NCC-CDF-SKL-00715|NDOLA CENTRAL|SIMWINGA JAMES|566371/61/1|963783676|YENGWE|M|23.0|MOTOR LINK DRIVING SCHOOL DRIVING CE CERTIFICATE 1 MONTH NEW|4300.0|2025|APPROVED
NCC-CDF-SKL-00716|NDOLA CENTRAL|SIMUTE CHARLES|584862/61/1|967483295|YENGWE|M|22.0|MOTOR LINK DRIVING SCHOOL DRIVING CE CERTIFICATE 1 MONTH NEW|4300.0|2025|APPROVED
NCC-CDF-SKL-00717|NDOLA CENTRAL|MULENGA DAVID|591457/61/1|967579795|YENGWE|M|22.0|MOTOR LINK DRIVING SCHOOL DRIVING CE CERTIFICATE 1 MONTH NEW|4300.0|2025|APPROVED
NCC-CDF-SKL-00718|NDOLA CENTRAL|LIFUNA BERNARD|730172/10/1|974824006|YENGWE|M|21.0|MOTOR LINK DRIVING SCHOOL DRIVING CE CERTIFICATE 1 MONTH NEW|4300.0|2025|APPROVED
NCC-CDF-SKL-00719|NDOLA CENTRAL|SICHEMBE SAVIOUR|122781/93/1|977209656|YENGWE|M|31.0|MOTOR LINK DRIVING SCHOOL DRIVING CE CERTIFICATE 1 MONTH NEW|4300.0|2025|APPROVED
NCC-CDF-SKL-00720|NDOLA CENTRAL|MULANGA BENJAMIN|632004/61/1|978095537|YENGWE|M|18.0|MOTOR LINK DRIVING SCHOOL DRIVING CE CERTIFICATE 1 MONTH NEW|4300.0|2025|APPROVED
NCC-CDF-SKL-00721|NDOLA CENTRAL|CHOLA ESTHER|604878/67/1|967815121|YENGWE|F|21.0|NORTEC CRAFT CERTIFICATE IN AUTO CERTIFICATE 2 YEARS NEW|8700.0|2025|APPROVED
NCC-CDF-SKL-00722|NDOLA CENTRAL|MWELWA MATIN BWALYA|562601/61/1|771434733|YENGWE|M|23.0|NORTEC CRAFT CERTIFICATE IN HEAVY CERTIFICATE 2 YEARS RETURNING|7600.0|2025|APPROVED
NCC-CDF-SKL-00723|NDOLA CENTRAL|BWALYA LESILY|573335/61/1|964774580|YENGWE|M|21.0|NORTEC CRAFT CERTIFICATE IN HEAVY CERTIFICATE 2 YEARS NEW|7600.0|2025|APPROVED
NCC-CDF-SKL-00724|NDOLA CENTRAL|RUTH SAKALA|504861/61/1|970472975|YENGWE|F|26.0|NORTEC DIPLOMA IN AUTOMOTIVE DIPLOMA 3 YEARS NEW|8700.0|2025|APPROVED
NCC-CDF-SKL-00725|NDOLA CENTRAL|CHIBEZA AMON|501539/61/1|967362206|YENGWE|M|26.0|NORTEC DIPLOMA IN ELECTRICAL DIPLOMA 3 YEARS NEW|8700.0|2025|APPROVED
NCC-CDF-SKL-00726|NDOLA CENTRAL|NGALANDE HELLEN|455475/61/1|976777744|YENGWE|F|30.0|NORTEC DIPLOMA IN ELECTRICAL DIPLOMA 3 YEARS NEW|8700.0|2025|APPROVED
NCC-CDF-SKL-00727|NDOLA CENTRAL|MALAMA ALEX|578530/61/1|769574936|YENGWE|M|21.0|NORTEC DIPLOMA IN HEAVY DIPLOMA 3 YEARS RETURNING|14350.0|2025|APPROVED
NCC-CDF-SKL-00728|NDOLA CENTRAL|JIMWAYA SILOZI LUWI|615821/61/1|766177548|YENGWE|M|20.0|NORTEC DIPLOMA IN HEAVY DIPLOMA 3 YEARS NEW|14350.0|2025|APPROVED
NCC-CDF-SKL-00729|NDOLA CENTRAL|CHANSA JAMES|166684/95/1|765850407|YENGWE|M|22.0|NORTEC DIPLOMA IN MECHANICAL DIPLOMA 3 YEARS RETURNING|14950.0|2025|APPROVED
NCC-CDF-SKL-00730|NDOLA CENTRAL|CHIPULU YANJANI MALUCHA|605721/61/1|962487517|YENGWE|M|20.0|NORTEC TRADE TEST CERTIFICATE IN CERTIFICATE 1 YEAR NEW|7600.0|2025|APPROVED
NCC-CDF-SKL-00731|NDOLA CENTRAL|GWAI LESLIE|615858/61/1|967045132|YENGWE|F|20.0|NORTEC TRADE TEST CERTIFICATE IN CERTIFICATE 1 YEAR NEW|7600.0|2025|APPROVED
NCC-CDF-SKL-00732|NDOLA CENTRAL|GWAI ZOE|538342/61/1|966323239|YENGWE|F|24.0|NORTEC TRADE TEST CERTIFICATE IN CERTIFICATE 1 YEAR NEW|7600.0|2025|APPROVED
NCC-CDF-SKL-00733|NDOLA CENTRAL|CHISHALA THOMAS|267209/63/1|967127012|YENGWE|M|26.0|NORTEC TRADE TEST CERTIFICATE IN CERTIFICATE 1 YEAR NEW|7600.0|2025|APPROVED
NCC-CDF-SKL-00734|NDOLA CENTRAL|BWALYA TEDDY|573264/61/1|777138032|YENGWE|M|21.0|NORTHERN POLYTECHNIC FOOD PRODUCTION CERTIFICATE 1 YEAR NEW|18550.0|2025|APPROVED
NCC-CDF-SKL-00735|NDOLA CENTRAL|MBALUWA FRANCIS|564543/61/1|766724027|YENGWE|M|24.0|PASCAL INSTITUTE OF OPERATOR ADT OPERATOR CERTIFICATE 1 MONTH NEW|6750.0|2025|APPROVED
NCC-CDF-SKL-00736|NDOLA CENTRAL|MAIPAMBE ANGEL|541809/61/1|769458585|YENGWE|M|24.0|PASCAL INSTITUTE OF OPERATOR ADT OPERATOR CERTIFICATE 1 MONTH NEW|6750.0|2025|APPROVED
NCC-CDF-SKL-00737|NDOLA CENTRAL|CHIPO PATRICK|336797/62/1|973242729|YENGWE|M|29.0|PASCAL INSTITUTE OF OPERATOR ADT OPERATOR CERTIFICATE 1 MONTH NEW|6750.0|2025|APPROVED
NCC-CDF-SKL-00738|NDOLA CENTRAL|TEMBO EMILY|569297/61/1|771776794|YENGWE|F|24.0|ZAMBIA UNIVERSITY COLLEGE OF COMPUTER HARDWARE CERTIFICATE 3 MONTHS NEW|5800.0|2025|APPROVED
NCC-CDF-SKL-00739|NDOLA CENTRAL|CHILESHE MWAMBA|616021/61/1|760448066|YENGWE|F|19.0|ZAMBIA UNIVERSITY COLLEGE OF DIPLOMA IN COMPUTER DIPLOMA 3 YEARS RETURNING|8400.0|2025|APPROVED
NCC-CDF-SKL-00740|NDOLA CENTRAL|BWALYA GEENA|538482/61/1|975176598|YENGWE|F|25.0|ZAMBIA UNIVERSITY COLLEGE OF DIPLOMA IN COMPUTER DIPLOMA 3 YEARS RETURNING|8400.0|2025|APPROVED
NCC-CDF-SKL-00741|NDOLA CENTRAL|MWIZABI GOSHEN|482219/61/1|977802116|YENGWE|M|27.0|ZAMBIA UNIVERSITY COLLEGE OF DIPLOMA IN COMPUTER DIPLOMA 3 YEARS RETURNING|8400.0|2025|APPROVED
NCC-CDF-SKL-00742|NDOLA CENTRAL|MWABA PETER|555786/61/1|966590185|YENGWE|M|23.0|ZAMBIA UNIVERSITY COLLEGE OF DIPLOMA IN INFORMATION DIPLOMA 3 YEARS NEW|8400.0|2025|APPROVED
NCC-CDF-SKL-00743|NDOLA CENTRAL|MWABA KAPAMBWE|392657/65/1|977590185|YENGWE|M|23.0|ZAMBIA UNIVERSITY COLLEGE OF DIPLOMA IN INFORMATION DIPLOMA 3 YEARS NEW|8400.0|2025|APPROVED
NCC-CDF-SKL-00744|NDOLA CENTRAL|KASEBA OWEN JACKSONS|600190/61/1|966603115|YENGWE|M|24.0|ZAMBIA UNIVERSITY COLLEGE OF DOMESTIC ELECTRICAL CERTIFICATE 3 MONTHS NEW|5800.0|2025|APPROVED
NCC-CDF-SKL-00745|NDOLA CENTRAL|MULENGA BARON|451584/61/1|969166246|YENGWE|M|32.0|ZAMBIA UNIVERSITY COLLEGE OF SOLAR INSTALLATION CERTIFICATE 3 MONTHS NEW|5800.0|2025|APPROVED
NCC-CDF-SKL-00746|BWANA MKUBWA|CHIPOWE TINA|442529/61/1|969370439|CHICHELE|F|32.0|KABUSHI COMPUTER STUDIES CERTIFICATE 6 MONTHS NEW|3600.0|2025|APPROVED
NCC-CDF-SKL-00747|BWANA MKUBWA|MWAPE BILLIA|596147/61/1|965317080|CHICHELE|F|20.0|KABUSHI GENERAL HOSPITALITY CERTIFICATE 1 YEAR NEW|8000.0|2025|APPROVED
NCC-CDF-SKL-00748|BWANA MKUBWA|NGOMA GIVEN|345700/68/1|960282034|CHICHELE|F|21.0|KABUSHI GENERAL HOSPITALITY CERTIFICATE 1 YEAR NEW|8000.0|2025|APPROVED
NCC-CDF-SKL-00749|BWANA MKUBWA|KAYASWA AGNESS|632150/61/1|965317080|CHICHELE|F|21.0|KABUSHI GENERAL HOSPITALITY CERTIFICATE 1 YEAR NEW|8000.0|2025|APPROVED
NCC-CDF-SKL-00750|BWANA MKUBWA|LUNGU DAMALA|611533/61/1|971570235|CHICHELE|F|22.0|KABUSHI GENERAL HOSPITALITY CERTIFICATE 1 YEAR NEW|8000.0|2025|APPROVED
NCC-CDF-SKL-00751|BWANA MKUBWA|NAYAME NORAH|639718/61/1|974021460|CHICHELE|F|20.0|KABUSHI HAIRDRESSING & CERTIFICATE 1 YEAR NEW|5400.0|2025|APPROVED
NCC-CDF-SKL-00752|BWANA MKUBWA|MWAPE JONAS|611456/67/1|969144648|CHICHELE|M|23.0|KABUSHI PLUMBING CERTIFICATE 6 MONTHS NEW|4600.0|2025|APPROVED
NCC-CDF-SKL-00753|BWANA MKUBWA|CHIKENGE JOHN|372008/64/1|962516616|CHICHELE|M|25.0|KABUSHI PLUMBING CERTIFICATE 6 MONTHS NEW|4600.0|2025|APPROVED
NCC-CDF-SKL-00754|BWANA MKUBWA|CHAMA ISHMAEL|515529/61/1|962315307|CHICHELE|M|28.0|KABUSHI PLUMBING CERTIFICATE 6 MONTHS NEW|4600.0|2025|APPROVED
NCC-CDF-SKL-00755|BWANA MKUBWA|KAWELE OSCAR|497658/61/1|966624980|CHICHELE|M|29.0|KABUSHI PLUMBING CERTIFICATE 6 MONTHS NEW|4600.0|2025|APPROVED
NCC-CDF-SKL-00756|BWANA MKUBWA|LOMBE BORNIFACE|215945/41/1|968570732|CHICHELE|M|34.0|KABUSHI PLUMBING CERTIFICATE 6 MONTHS NEW|4600.0|2025|APPROVED
NCC-CDF-SKL-00757|BWANA MKUBWA|CHANGWE JEMIMAH|616280/61/1|769086110|CHICHELE|F|21.0|NORTEC CRAFT CERTIFICATE IN CERTIFICATE 2 YEARS RETURNIN|8700.0|2025|APPROVED
NCC-CDF-SKL-00758|BWANA MKUBWA|GIFT NKONDE|333125/61/1|978246883|CHICHELE|M|21.0|NORTEC DIPLOMA IN ELECTRICAL DIPLOMA 3 YEARS RETURNIN|8700.0|2025|APPROVED
NCC-CDF-SKL-00759|BWANA MKUBWA|NYANGU JOSEPH|584238/11/1|968771181|CHICHELE|M|30.0|NORTHERN AUTOMOTIVE CERTIFICATE 1 YEAR NEW|21050.0|2025|APPROVED
NCC-CDF-SKL-00760|BWANA MKUBWA|CHAMA MISHECK|400926/66/1|764929197|CHICHELE|M|20.0|NORTHERN ELECTRICAL CERTIFICATE 1 YEAR NEW|21750.0|2025|APPROVED
NCC-CDF-SKL-00761|BWANA MKUBWA|KALUNGA WILLIAM|624830/61/1|764724896|CHICHELE|M|20.0|NORTHERN ELECTRICAL CERTIFICATE 1 YEAR NEW|21750.0|2025|APPROVED
NCC-CDF-SKL-00762|BWANA MKUBWA|JERE ALICE|626075/61/1|774127780|CHICHELE|M|20.0|NORTHERN ELECTRICAL CERTIFICATE 1 YEAR NEW|21750.0|2025|APPROVED
NCC-CDF-SKL-00763|BWANA MKUBWA|SIMUTOWE AGAPE|639150/61/1|964111045|CHICHELE|M|20.0|NORTHERN ELECTRICAL CERTIFICATE 1 YEAR NEW|21750.0|2025|APPROVED
NCC-CDF-SKL-00764|BWANA MKUBWA|CHILESHE MORGAN|337682/13/1|774356845|CHICHELE|M|20.0|NORTHERN ELECTRICAL CERTIFICATE 1 YEAR NEW|21750.0|2025|APPROVED
NCC-CDF-SKL-00765|BWANA MKUBWA|ZIMBA EMMANUEL|575969/61/1|764674729|CHICHELE|M|24.0|NORTHERN ELECTRICAL CERTIFICATE 1 YEAR NEW|21750.0|2025|APPROVED
NCC-CDF-SKL-00766|BWANA MKUBWA|MUKONDO CHARLES|226092/92/1|968618573|CHICHELE|M|31.0|NORTHERN ELECTRICAL CERTIFICATE 1 YEAR NEW|21750.0|2025|APPROVED
NCC-CDF-SKL-00767|BWANA MKUBWA|MWENYA PRISCILLAR|225121/35/1|765724752|CHICHELE|F|26.0|NORTHERN FOOD PRODUCTION CERTIFICATE 1 YEAR NEW|20575.0|2025|APPROVED
NCC-CDF-SKL-00768|BWANA MKUBWA|MOYO GODFREY|144361/92/1|964518186|CHICHELE|M|25.0|NORTHERN METAL FABRICATION CERTIFICATE 1 YEAR NEW|25550.0|2025|APPROVED
NCC-CDF-SKL-00769|BWANA MKUBWA|CHILESHE MORGAN|125860/10/1|771456763|CHICHELE|M|34.0|PASCAL INSTITUTE OF BOOMER OPERATOR CERTIFICATE 1 MONTH NEW|6750.0|2025|APPROVED
NCC-CDF-SKL-00770|BWANA MKUBWA|SIMFUKWE HENRY|557295/61/1|763948595|CHICHELE|M|24.0|PASCAL INSTITUTE OF DUMP TRUCK DRIVING CERTIFICATE 1 MONTH NEW|6750.0|2025|APPROVED
NCC-CDF-SKL-00771|BWANA MKUBWA|PHIRI MABVUTO|348412/43/1|973334397|CHICHELE|M|29.0|PASCAL INSTITUTE OF DUMP TRUCK DRIVING CERTIFICATE 1 MONTH NEW|6750.0|2025|APPROVED
NCC-CDF-SKL-00772|BWANA MKUBWA|EVANS MWANTO|168078/48/1|771542136|CHICHELE|M|29.0|ROAD SKILLS DRIVING DRIVING CE CERTIFICATE 1 MONTH NEW|4300.0|2025|APPROVED
NCC-CDF-SKL-00773|BWANA MKUBWA|NKANDU DANNY|125562/36/1|970454188|CHICHELE|M|34.0|ROAD SKILLS DRIVING DRIVING CE CERTIFICATE 1 MONTH NEW|4300.0|2025|APPROVED
NCC-CDF-SKL-00774|BWANA MKUBWA|MWANGO JOSEPH|484292/61/1|979522953|CHICHELE|M|28.0|ROAD SKILLS DRIVING DRIVING CE CERTIFICATE 1 MONTH NEW|4300.0|2025|APPROVED
NCC-CDF-SKL-00775|BWANA MKUBWA|PHIRI JACOB|383426/61/1|762798410|CHICHELE|M|19.0|ROAD SKILLS DRIVING DRIVING CE CERTIFICATE 1 MONTH NEW|4300.0|2025|APPROVED
NCC-CDF-SKL-00776|BWANA MKUBWA|CHIMBA JOHN|629399/61/1|760167637|CHICHELE|M|19.0|ROAD SKILLS DRIVING DRIVING CE CERTIFICATE 1 MONTH NEW|4300.0|2025|APPROVED
NCC-CDF-SKL-00777|BWANA MKUBWA|KAUMBA JINGA|629966/61/1|766620034|CHICHELE|M|19.0|ROAD SKILLS DRIVING DRIVING CE CERTIFICATE 1 MONTH NEW|4300.0|2025|APPROVED
NCC-CDF-SKL-00778|BWANA MKUBWA|MULENGA MOSES|642133/61/1|962360125|CHICHELE|M|19.0|ROAD SKILLS DRIVING DRIVING CE CERTIFICATE 1 MONTH NEW|4300.0|2025|APPROVED
NCC-CDF-SKL-00779|BWANA MKUBWA|SINOGE AGNESS|617246/51/1|771176132|CHICHELE|F|20.0|ROAD SKILLS DRIVING DRIVING CE CERTIFICATE 1 MONTH NEW|4300.0|2025|APPROVED
NCC-CDF-SKL-00780|BWANA MKUBWA|NGULUBE CHEMBE|474314/16/1|968396868|CHICHELE|M|20.0|ROAD SKILLS DRIVING DRIVING CE CERTIFICATE 1 MONTH NEW|4300.0|2025|APPROVED
NCC-CDF-SKL-00781|BWANA MKUBWA|MUTONGA LOVEMORE|592885/61/1|979601910|CHICHELE|M|20.0|ROAD SKILLS DRIVING DRIVING CE CERTIFICATE 1 MONTH NEW|4300.0|2025|APPROVED
NCC-CDF-SKL-00782|BWANA MKUBWA|SIMBAYA ABUNDANCE|594787/61/1|965400901|CHICHELE|M|20.0|ROAD SKILLS DRIVING DRIVING CE CERTIFICATE 1 MONTH NEW|4300.0|2025|APPROVED
NCC-CDF-SKL-00783|BWANA MKUBWA|MUSONDA VERNON|605795/61/1|767611370|CHICHELE|M|20.0|ROAD SKILLS DRIVING DRIVING CE CERTIFICATE 1 MONTH NEW|4300.0|2025|APPROVED
NCC-CDF-SKL-00784|BWANA MKUBWA|CHIBWE MOSES|636784/61/1|774839186|CHICHELE|M|20.0|ROAD SKILLS DRIVING DRIVING CE CERTIFICATE 1 MONTH NEW|4300.0|2025|APPROVED
NCC-CDF-SKL-00785|BWANA MKUBWA|MAWALA CHIBUYE|564431/61/1|764513740|CHICHELE|M|21.0|ROAD SKILLS DRIVING DRIVING CE CERTIFICATE 1 MONTH NEW|4300.0|2025|APPROVED
NCC-CDF-SKL-00786|BWANA MKUBWA|MIYOBA MOSES|567049/61/1|973023466|CHICHELE|M|21.0|ROAD SKILLS DRIVING DRIVING CE CERTIFICATE 1 MONTH NEW|4300.0|2025|APPROVED
NCC-CDF-SKL-00787|BWANA MKUBWA|KAPEMBWA STEVEN|594641/61/1|966397319|CHICHELE|M|21.0|ROAD SKILLS DRIVING DRIVING CE CERTIFICATE 1 MONTH NEW|4300.0|2025|APPROVED
NCC-CDF-SKL-00788|BWANA MKUBWA|CHENDA WISDOM|629251/67/1|975368520|CHICHELE|M|21.0|ROAD SKILLS DRIVING DRIVING CE CERTIFICATE 1 MONTH NEW|4300.0|2025|APPROVED
NCC-CDF-SKL-00789|BWANA MKUBWA|KANDULU IGNITIUS|346445/62/1|767112694|CHICHELE|M|22.0|ROAD SKILLS DRIVING DRIVING CE CERTIFICATE 1 MONTH NEW|4300.0|2025|APPROVED
NCC-CDF-SKL-00790|BWANA MKUBWA|BUPE KELVIN|387209/32/1|965449818|CHICHELE|M|22.0|ROAD SKILLS DRIVING DRIVING CE CERTIFICATE 1 MONTH NEW|4300.0|2025|APPROVED
NCC-CDF-SKL-00791|BWANA MKUBWA|CHIPAMPE GILBERT|585256/61/1|762658636|CHICHELE|M|22.0|ROAD SKILLS DRIVING DRIVING CE CERTIFICATE 1 MONTH NEW|4300.0|2025|APPROVED
NCC-CDF-SKL-00792|BWANA MKUBWA|NSOFWA GIVEN|589940/61/1|762417384|CHICHELE|M|22.0|ROAD SKILLS DRIVING DRIVING CE CERTIFICATE 1 MONTH NEW|4300.0|2025|APPROVED
NCC-CDF-SKL-00793|BWANA MKUBWA|CHIBELO EMMANUEL|596519/61/1|974622488|CHICHELE|M|22.0|ROAD SKILLS DRIVING DRIVING CE CERTIFICATE 1 MONTH NEW|4300.0|2025|APPROVED
NCC-CDF-SKL-00794|BWANA MKUBWA|MWAPE BOAS|582379/61/1|968054592|CHICHELE|M|23.0|ROAD SKILLS DRIVING DRIVING CE CERTIFICATE 1 MONTH NEW|4300.0|2025|APPROVED
NCC-CDF-SKL-00795|BWANA MKUBWA|NGUNI WEBSON|585162/61/1|770208516|CHICHELE|M|24.0|ROAD SKILLS DRIVING DRIVING CE CERTIFICATE 1 MONTH NEW|4300.0|2025|APPROVED
NCC-CDF-SKL-00796|BWANA MKUBWA|ALICE KALALA|349507/68/1|776898605|CHICHELE|M|24.0|ROAD SKILLS DRIVING DRIVING CE CERTIFICATE 1 MONTH NEW|4300.0|2025|APPROVED
NCC-CDF-SKL-00797|BWANA MKUBWA|MWINGA DOMINGO|464552/74/1|779905868|CHICHELE|M|24.0|ROAD SKILLS DRIVING DRIVING CE CERTIFICATE 1 MONTH NEW|4300.0|2025|APPROVED
NCC-CDF-SKL-00798|BWANA MKUBWA|MUSONDA GOODSON|577976/61/1|964422274|CHICHELE|M|24.0|ROAD SKILLS DRIVING DRIVING CE CERTIFICATE 1 MONTH NEW|4300.0|2025|APPROVED
NCC-CDF-SKL-00799|BWANA MKUBWA|KAMBWELE MUSA|578201/61/1|766971472|CHICHELE|M|24.0|ROAD SKILLS DRIVING DRIVING CE CERTIFICATE 1 MONTH NEW|4300.0|2025|APPROVED
NCC-CDF-SKL-00800|BWANA MKUBWA|SHILIWA SHARON|646442/61/1|964537745|ITAWA|M|18.0|GEMSTONE PROCESSING GERMSTONE CUTING CERTIFICATE 1 YEAR NEW|4720.0|2025|APPROVED
NCC-CDF-SKL-00801|BWANA MKUBWA|PUTA ANNIE|364715/65/1|965076376|ITAWA|F|32.0|GEMSTONE PROCESSING GERMSTONE CUTING CERTIFICATE 1 YEAR NEW|4720.0|2025|APPROVED
NCC-CDF-SKL-00802|BWANA MKUBWA|MULAMATA ENOCK|520087/61/1|763404685|ITAWA|M|27.0|LIVINGSTONE INSTITUTE DIPLOMA IN HEAVY DIPLOMA 3 YEARS RETURNIN|21550.0|2025|APPROVED
NCC-CDF-SKL-00803|BWANA MKUBWA|KATONGO MUCHELEKA|607540/61/1|762558897|ITAWA|M|21.0|LUANSHYA TECHNICAL CRAFT CERTIFICATE IN CERTIFICATE 2 YEARS NEW|17845.0|2025|APPROVED
NCC-CDF-SKL-00804|BWANA MKUBWA|BWALYA CHRISTOPHER|635213/61/1|761784475|ITAWA|M|20.0|NORTEC CRAFT CERTIFICATE IN CERTIFICATE 2 YEARS NEW|8700.0|2025|APPROVED
NCC-CDF-SKL-00805|BWANA MKUBWA|IMENDA NYAMBE|273228/81/1|765051359|ITAWA|M|22.0|NORTEC CRAFT CERTIFICATE IN CERTIFICATE 2 YEARS NEW|8700.0|2025|APPROVED
NCC-CDF-SKL-00806|BWANA MKUBWA|ONEST MUTELO|320924/15/1|975820568|ITAWA|M|18.0|NORTEC DIPLOMA IN DIPLOMA 3 YEARS NEW|23950.0|2025|APPROVED
NCC-CDF-SKL-00807|BWANA MKUBWA|HAMBAYI MILANDU|478036/61/1|963364120|ITAWA|M|28.0|NORTHERN AUTOMOTIVE CERTIFICATE 1 YEAR NEW|25550.0|2025|APPROVED
NCC-CDF-SKL-00808|BWANA MKUBWA|MWANZA CAROLINE|654282/67/1|760844270|ITAWA|F|19.0|NORTHERN ELECTRICAL CERTIFICATE 1 YEAR NEW|21750.0|2025|APPROVED
NCC-CDF-SKL-00809|BWANA MKUBWA|MWANZA ZUMANI|614579/61/1|965786256|ITAWA|M|20.0|NORTHERN ELECTRICAL CERTIFICATE 1 YEAR NEW|21750.0|2025|APPROVED
NCC-CDF-SKL-00810|BWANA MKUBWA|KAMANGA AUDREY|583882/61/1|968190192|ITAWA|F|22.0|NORTHERN ELECTRICAL CERTIFICATE 1 YEAR NEW|21750.0|2025|APPROVED
NCC-CDF-SKL-00811|BWANA MKUBWA|CHIBUULU GERALD|559553/61/1|772441236|ITAWA|M|22.0|NORTHERN ELECTRICAL CERTIFICATE 1 YEAR NEW|21750.0|2025|APPROVED
NCC-CDF-SKL-00812|BWANA MKUBWA|PHIRI FRIDAH|552591/61/1|977349089|ITAWA|F|23.0|NORTHERN ELECTRICAL CERTIFICATE 1 YEAR NEW|21750.0|2025|APPROVED
NCC-CDF-SKL-00813|BWANA MKUBWA|NYIRONGO TIMOTHY|361303/10/1|963584711|ITAWA|M|28.0|NORTHERN ELECTRICAL CERTIFICATE 1 YEAR NEW|21750.0|2025|APPROVED
NCC-CDF-SKL-00814|BWANA MKUBWA|PHIRI MILIKA|621991/61/1|968760550|ITAWA|F|19.0|NORTHERN FOOD PRODUCTION CERTIFICATE 1 YEAR NEW|20575.0|2025|APPROVED
NCC-CDF-SKL-00815|BWANA MKUBWA|NATHALIA KACHAZI|648537/61/1|960608215|ITAWA|F|20.0|NORTHERN FOOD PRODUCTION CERTIFICATE 1 YEAR NEW|20575.0|2025|APPROVED
NCC-CDF-SKL-00816|BWANA MKUBWA|KANYEMBO MONICA|569617/61/1|972121696|ITAWA|F|21.0|NORTHERN FOOD PRODUCTION CERTIFICATE 1 YEAR NEW|20575.0|2025|APPROVED
NCC-CDF-SKL-00817|BWANA MKUBWA|OLIVIA MPHATSO|222731/55/1|974904350|ITAWA|F|23.0|NORTHERN FOOD PRODUCTION CERTIFICATE 1 YEAR NEW|20575.0|2025|APPROVED
NCC-CDF-SKL-00818|BWANA MKUBWA|DALITSO NKHOMA|367652/64/1|770175413|ITAWA|M|24.0|NORTHERN FOOD PRODUCTION CERTIFICATE 1 YEAR NEW|20575.0|2025|APPROVED
NCC-CDF-SKL-00819|BWANA MKUBWA|MWANZA NELLIA|376947/65/1|961725246|ITAWA|F|28.0|NORTHERN FOOD PRODUCTION CERTIFICATE 1 YEAR NEW|20575.0|2025|APPROVED
NCC-CDF-SKL-00820|BWANA MKUBWA|KOFFIE MISOZI|481297/61/1|971955319|ITAWA|F|29.0|NORTHERN FOOD PRODUCTION CERTIFICATE 1 YEAR NEW|20575.0|2025|APPROVED
NCC-CDF-SKL-00821|BWANA MKUBWA|ZIMBA TAONA|399160/64/1|764131858|ITAWA|F|19.0|PASCAL INSTITUTE OF DUMP TRUCK DRIVING CERTIFICATE 1 MONTH NEW|6750.0|2025|APPROVED
NCC-CDF-SKL-00822|BWANA MKUBWA|KASONGO JOSEPH|621938/61/1|765807038|ITAWA|M|20.0|PASCAL INSTITUTE OF DUMP TRUCK DRIVING CERTIFICATE 1 MONTH NEW|6750.0|2025|APPROVED
NCC-CDF-SKL-00823|BWANA MKUBWA|ZIMBA TAONA|567337/61/1|961804317|ITAWA|F|21.0|PASCAL INSTITUTE OF DUMP TRUCK DRIVING CERTIFICATE 1 MONTH NEW|6750.0|2025|APPROVED
NCC-CDF-SKL-00824|BWANA MKUBWA|SEYA PHILIMON|431075/61/1|965973564|ITAWA|M|32.0|PASCAL INSTITUTE OF DUMP TRUCK DRIVING CERTIFICATE 1 MONTH NEW|6750.0|2025|APPROVED
NCC-CDF-SKL-00825|BWANA MKUBWA|JUMA DAVIE|329143/64/1|975198761|ITAWA|M|31.0|ROAD RANGE DRIVING ADT OPERATOR CERTIFICATE 1 MONTH NEW|6750.0|2025|APPROVED
NCC-CDF-SKL-00826|BWANA MKUBWA|KAPAMBWE MISHECK|479214/61/1|961602752|ITAWA|M|28.0|ROAD RANGE DRIVING DUMP TRUCK DRIVING CERTIFICATE 1 MONTH NEW|6750.0|2025|APPROVED
NCC-CDF-SKL-00827|BWANA MKUBWA|LUKELA SIMASIKU|331761/88/1|979135428|ITAWA|M|31.0|ROAD RANGE DRIVING DUMP TRUCK DRIVING CERTIFICATE 1 MONTH NEW|6750.0|2025|APPROVED
NCC-CDF-SKL-00828|BWANA MKUBWA|GONDWE MWIZA|365116/16/1|973728446|ITAWA|M|33.0|ROAD RANGE DRIVING DUMP TRUCK DRIVING CERTIFICATE 1 MONTH NEW|6750.0|2025|APPROVED
NCC-CDF-SKL-00829|BWANA MKUBWA|KAWENGELE MABLE|632094/61/1|974555204|ITAWA|F|19.0|ROAD RANGE DRIVING EXCAVATOR OPERATOR CERTIFICATE 1 MONTH NEW|6750.0|2025|APPROVED
NCC-CDF-SKL-00830|BWANA MKUBWA|MULENGA FRED|490334/61/1|966559639|ITAWA|M|28.0|ROAD RANGE DRIVING FRONT END LOADER CERTIFICATE 1 MONTH NEW|6750.0|2025|APPROVED
NCC-CDF-SKL-00831|BWANA MKUBWA|SICHIZYA ALLAN|628409/61/1|775293905|ITAWA|M|19.0|ROAD RANGE DRIVING HEAVY DUTY OPERATOR CERTIFICATE 1 MONTH NEW|6750.0|2025|APPROVED
NCC-CDF-SKL-00832|BWANA MKUBWA|KILOSHA JOSHUA|640311/61/1|974752972|ITAWA|M|20.0|ROAD RANGE DRIVING HEAVY DUTY OPERATOR CERTIFICATE 1 MONTH NEW|6750.0|2025|APPROVED
NCC-CDF-SKL-00833|BWANA MKUBWA|KABAMBA AARON|586324/61/1|772991193|ITAWA|M|21.0|ROAD RANGE DRIVING HEAVY DUTY OPERATOR CERTIFICATE 1 MONTH NEW|6750.0|2025|APPROVED
NCC-CDF-SKL-00834|BWANA MKUBWA|MULENGA GRACE|520519/61/1|961089985|ITAWA|F|25.0|ROAD RANGE DRIVING HEAVY DUTY OPERATOR CERTIFICATE 1 MONTH NEW|6750.0|2025|APPROVED
NCC-CDF-SKL-00835|BWANA MKUBWA|MULENGA ANGELA|485490/61/1|960160487|ITAWA|F|28.0|ROAD RANGE DRIVING HEAVY DUTY OPERATOR CERTIFICATE 1 MONTH NEW|6750.0|2025|APPROVED
NCC-CDF-SKL-00836|BWANA MKUBWA|MANDA ROBERT|339439/61/1|968481094|ITAWA|M|28.0|ROAD RANGE DRIVING HEAVY DUTY OPERATOR CERTIFICATE 1 MONTH NEW|6750.0|2025|APPROVED
NCC-CDF-SKL-00837|BWANA MKUBWA|CHISANGA OSWARD|370643/43/1|960390148|ITAWA|M|28.0|ROAD RANGE DRIVING HEAVY DUTY OPERATOR CERTIFICATE 1 MONTH NEW|6750.0|2025|APPROVED
NCC-CDF-SKL-00838|BWANA MKUBWA|NKONDE SUSAN|461366/61/1|968409671|ITAWA|F|31.0|ROAD RANGE DRIVING HEAVY DUTY OPERATOR CERTIFICATE 1 MONTH NEW|6750.0|2025|APPROVED
NCC-CDF-SKL-00839|BWANA MKUBWA|NYAKAMBUMBA|466547/61/1|762044964|ITAWA|M|31.0|ROAD RANGE DRIVING TLB OPERATOR CERTIFICATE 1 MONTH NEW|6750.0|2025|APPROVED
NCC-CDF-SKL-00840|BWANA MKUBWA|NSWANA MARTHA|643201/61/1|970357010|ITAWA|F|18.0|ROAD SKILLS DRIVING DRIVING CE CERTIFICATE 1 MONTH NEW|4300.0|2025|APPROVED
NCC-CDF-SKL-00841|BWANA MKUBWA|BANDA DANNY|315747/71/1|762038959|ITAWA|M|19.0|ROAD SKILLS DRIVING DRIVING CE CERTIFICATE 1 MONTH NEW|4300.0|2025|APPROVED
NCC-CDF-SKL-00842|BWANA MKUBWA|KANYINGE HASHERY|107050/29/1|776207572|ITAWA|M|20.0|ROAD SKILLS DRIVING DRIVING CE CERTIFICATE 1 MONTH NEW|4300.0|2025|APPROVED
NCC-CDF-SKL-00843|BWANA MKUBWA|KASANGULA ABRAHAM|566561/61/1|776289869|ITAWA|M|21.0|ROAD SKILLS DRIVING DRIVING CE CERTIFICATE 1 MONTH NEW|4300.0|2025|APPROVED
NCC-CDF-SKL-00844|BWANA MKUBWA|MWANZA ELIJAH|571253/61/1|967663357|ITAWA|M|21.0|ROAD SKILLS DRIVING DRIVING CE CERTIFICATE 1 MONTH NEW|4300.0|2025|APPROVED
NCC-CDF-SKL-00845|BWANA MKUBWA|MULENGA JOSEPH|599220/61/1|750644880|ITAWA|M|21.0|ROAD SKILLS DRIVING DRIVING CE CERTIFICATE 1 MONTH NEW|4300.0|2025|APPROVED
NCC-CDF-SKL-00846|BWANA MKUBWA|MUSOLE CHARITON|583886/61/1|978070358|ITAWA|M|22.0|ROAD SKILLS DRIVING DRIVING CE CERTIFICATE 1 MONTH NEW|4300.0|2025|APPROVED
NCC-CDF-SKL-00847|BWANA MKUBWA|MULOONGO BRADLEY|609133/61/1|968275318|ITAWA|M|22.0|ROAD SKILLS DRIVING DRIVING CE CERTIFICATE 1 MONTH NEW|4300.0|2025|APPROVED
NCC-CDF-SKL-00848|BWANA MKUBWA|MWAMBA ALBERT|546462/61/1|764665443|ITAWA|M|24.0|ROAD SKILLS DRIVING DRIVING CE CERTIFICATE 1 MONTH NEW|4300.0|2025|APPROVED
NCC-CDF-SKL-00849|BWANA MKUBWA|MALAMA CHILOMBO|329907/62/1|762588294|ITAWA|M|24.0|ROAD SKILLS DRIVING DRIVING CE CERTIFICATE 1 MONTH NEW|4300.0|2025|APPROVED
NCC-CDF-SKL-00850|BWANA MKUBWA|PHIRI FANIZO|803202/52/1|967110020|ITAWA|M|26.0|ROAD SKILLS DRIVING DRIVING CE CERTIFICATE 1 MONTH NEW|4300.0|2025|APPROVED
NCC-CDF-SKL-00851|BWANA MKUBWA|KALUNGA MWEWA|520424/61/1|965387487|ITAWA|F|26.0|ROAD SKILLS DRIVING DRIVING CE CERTIFICATE 1 MONTH NEW|4300.0|2025|APPROVED
NCC-CDF-SKL-00852|BWANA MKUBWA|HAMILIMO SANDRA|488287/61/1|973395753|ITAWA|F|27.0|ROAD SKILLS DRIVING DRIVING CE CERTIFICATE 1 MONTH NEW|4300.0|2025|APPROVED
NCC-CDF-SKL-00853|BWANA MKUBWA|MWANSA MULAISO|489086/61/1|964295660|ITAWA|M|27.0|ROAD SKILLS DRIVING DRIVING CE CERTIFICATE 1 MONTH NEW|4300.0|2025|APPROVED
NCC-CDF-SKL-00854|BWANA MKUBWA|CHIWENU RICHARD|349563/66/1|763015253|ITAWA|M|28.0|ROAD SKILLS DRIVING DRIVING CE CERTIFICATE 1 MONTH NEW|4300.0|2025|APPROVED
NCC-CDF-SKL-00855|BWANA MKUBWA|KAPEPA MEMORY|482313/61/1|965592388|ITAWA|F|28.0|ROAD SKILLS DRIVING DRIVING CE CERTIFICATE 1 MONTH NEW|4300.0|2025|APPROVED
NCC-CDF-SKL-00856|BWANA MKUBWA|MUTAMBO LUCY|468541/61/1|964532057|ITAWA|M|29.0|ROAD SKILLS DRIVING DRIVING CE CERTIFICATE 1 MONTH NEW|4300.0|2025|APPROVED
NCC-CDF-SKL-00857|BWANA MKUBWA|MUSHIBWE DUMINGA|462715/61/1|966555951|ITAWA|F|30.0|ROAD SKILLS DRIVING DRIVING CE CERTIFICATE 1 MONTH NEW|4300.0|2025|APPROVED
NCC-CDF-SKL-00858|BWANA MKUBWA|MUSONDA CHANDA|431487/61/1|962941755|ITAWA|M|30.0|ROAD SKILLS DRIVING DRIVING CE CERTIFICATE 1 MONTH NEW|4300.0|2025|APPROVED
NCC-CDF-SKL-00859|BWANA MKUBWA|KALIMA RODGERS|431555/61/1|967351263|ITAWA|M|31.0|ROAD SKILLS DRIVING DRIVING CE CERTIFICATE 1 MONTH NEW|4300.0|2025|APPROVED
NCC-CDF-SKL-00860|BWANA MKUBWA|MWAMBA FLAVIOUR|312463/68/1|773242840|ITAWA|F|32.0|ROAD SKILLS DRIVING DRIVING CE CERTIFICATE 1 MONTH NEW|4300.0|2025|APPROVED
NCC-CDF-SKL-00861|BWANA MKUBWA|NZONZI ETHEL|174755/10/1|972274917|ITAWA|F|33.0|ROAD SKILLS DRIVING DRIVING CE CERTIFICATE 1 MONTH NEW|4300.0|2025|APPROVED
NCC-CDF-SKL-00862|BWANA MKUBWA|DANNY MUSHEKE|218576/15/1|975709795|ITAWA|M|33.0|ROAD SKILLS DRIVING DRIVING CE CERTIFICATE 1 MONTH NEW|4300.0|2025|APPROVED
NCC-CDF-SKL-00863|BWANA MKUBWA|MUSONDA ANITA|337551/66/1|961365561|ITAWA|F|34.0|ROAD SKILLS DRIVING DRIVING CE CERTIFICATE 1 MONTH NEW|4300.0|2025|APPROVED
NCC-CDF-SKL-00864|BWANA MKUBWA|YALOBI KASONDE|376368/65/1|764752945|ITAWA|M|27.0|ROAD SKILLS DRIVING DRIVING CE CERTIFICATE 1 MONTH NEW|4300.0|2025|APPROVED
NCC-CDF-SKL-00865|BWANA MKUBWA|SHIMBA HELIZE|474357/16/1|766287455|ITAWA|M|22.0|ZAMBIA UNIVERSITY DIPLOMA IN DIPLOMA 3 YEARS NEW|8400.0|2025|APPROVED
NCC-CDF-SKL-00866|BWANA MKUBWA|KANGONDO FORTUNE|264539/81/1|777330926|ITAWA|M|22.0|ZAMBIA UNIVERSITY DIPLOMA IN DIPLOMA 3 YEARS NEW|8400.0|2025|APPROVED
NCC-CDF-SKL-00867|BWANA MKUBWA|MUSANVU JAMES|606711/61/1|979912949|ITAWA|F|21.0|ZAMBIA UNIVERSITY DIPLOMA SOFTWARE DIPLOMA 3 YEARS RETURNIN|8400.0|2025|APPROVED
NCC-CDF-SKL-00868|BWANA MKUBWA|ZULU FELISTUS|634266/61/1|960423110|KANTOLOMB|F|18.0|KABUSHI HAIRDRESSING & CERTIFICATE 1 YEAR NEW|5400.0|2025|APPROVED
NCC-CDF-SKL-00869|BWANA MKUBWA|MPOSH DIANA|641127/66/1|962368321|KANTOLOMB|F|18.0|KABUSHI HAIRDRESSING & CERTIFICATE 1 YEAR NEW|5400.0|2025|APPROVED
NCC-CDF-SKL-00870|BWANA MKUBWA|CHEWE NINA|581670/61/1|976799354|KANTOLOMB|F|19.0|KABUSHI HAIRDRESSING & CERTIFICATE 1 YEAR NEW|5400.0|2025|APPROVED
NCC-CDF-SKL-00871|BWANA MKUBWA|BWALYA LOVENESS|634269/61/1|963719819|KANTOLOMB|F|19.0|KABUSHI HAIRDRESSING & CERTIFICATE 1 YEAR NEW|5400.0|2025|APPROVED
NCC-CDF-SKL-00872|BWANA MKUBWA|MOYO MAUREEN|616663/61/1|962370058|KANTOLOMB|F|20.0|KABUSHI HAIRDRESSING & CERTIFICATE 1 YEAR NEW|5400.0|2025|APPROVED
NCC-CDF-SKL-00873|BWANA MKUBWA|CHIMPEPO MEMORY|603416/61/1|976784467|KANTOLOMB|F|20.0|KABUSHI HAIRDRESSING & CERTIFICATE 1 YEAR NEW|5400.0|2025|APPROVED
NCC-CDF-SKL-00874|BWANA MKUBWA|PHIRI NATASHA|466657/16/1|974393586|KANTOLOMB|F|21.0|KABUSHI HAIRDRESSING & CERTIFICATE 1 YEAR NEW|5400.0|2025|APPROVED
NCC-CDF-SKL-00875|BWANA MKUBWA|KANTA RABECCA|570995/61/1|974513242|KANTOLOMB|F|22.0|KABUSHI HAIRDRESSING & CERTIFICATE 1 YEAR NEW|5400.0|2025|APPROVED
NCC-CDF-SKL-00876|BWANA MKUBWA|SHATUBULU MERCY|542956/61/1|967193245|KANTOLOMB|F|23.0|KABUSHI HAIRDRESSING & CERTIFICATE 1 YEAR NEW|5400.0|2025|APPROVED
NCC-CDF-SKL-00877|BWANA MKUBWA|MFULA NATASHA|549234/61/1|969455012|KANTOLOMB|F|23.0|KABUSHI HAIRDRESSING & CERTIFICATE 1 YEAR NEW|5400.0|2025|APPROVED
NCC-CDF-SKL-00878|BWANA MKUBWA|NAMUKOLO CHANGWE|565829/61/1|764438442|KANTOLOMB|F|23.0|KABUSHI HAIRDRESSING & CERTIFICATE 1 YEAR NEW|5400.0|2025|APPROVED
NCC-CDF-SKL-00879|BWANA MKUBWA|ZIMBA MARGRET|546712/61/1|963550099|KANTOLOMB|F|24.0|KABUSHI HAIRDRESSING & CERTIFICATE 1 YEAR NEW|5400.0|2025|APPROVED
NCC-CDF-SKL-00880|BWANA MKUBWA|KOPEKA BETHSHEBAH|532557/61/1|965904663|KANTOLOMB|F|28.0|KABUSHI HAIRDRESSING & CERTIFICATE 1 YEAR NEW|5400.0|2025|APPROVED
NCC-CDF-SKL-00881|BWANA MKUBWA|LIKUMBI SELINA|468698/61/1|962242689|KANTOLOMB|F|28.0|KABUSHI HAIRDRESSING & CERTIFICATE 1 YEAR NEW|5400.0|2025|APPROVED
NCC-CDF-SKL-00882|BWANA MKUBWA|MUKAYA NORAH|424854/61/1|967106690|KANTOLOMB|F|31.0|KABUSHI HAIRDRESSING & CERTIFICATE 1 YEAR NEW|5400.0|2025|APPROVED
NCC-CDF-SKL-00883|BWANA MKUBWA|KABWE HELLEN|337278/66/1|779691346|KANTOLOMB|F|31.0|KABUSHI HAIRDRESSING & CERTIFICATE 1 YEAR NEW|5400.0|2025|APPROVED
NCC-CDF-SKL-00884|BWANA MKUBWA|BRIGHAN CYNTHIA|443106/67/1|771167529|KANTOLOMB|F|34.0|KABUSHI HAIRDRESSING & CERTIFICATE 1 YEAR NEW|5400.0|2025|APPROVED
NCC-CDF-SKL-00885|BWANA MKUBWA|TEMWANI NYIRONGO|634020/61/1|768431093|KANTOLOMB|M|18.0|KABUSHI PLUMBING CERTIFICATE 6 MONTHS NEW|4600.0|2025|APPROVED
NCC-CDF-SKL-00886|BWANA MKUBWA|GOSSPHER MUBANGA|625867/61/1|761094784|KANTOLOMB|M|20.0|KABUSHI PLUMBING CERTIFICATE 6 MONTHS NEW|4600.0|2025|APPROVED
NCC-CDF-SKL-00887|BWANA MKUBWA|ALEX CHEWE|286086/46/1|973322861|KANTOLOMB|M|20.0|KABUSHI PLUMBING CERTIFICATE 6 MONTHS NEW|4600.0|2025|APPROVED
NCC-CDF-SKL-00888|BWANA MKUBWA|CHISHIMBA MAJORY|386188/43/1|964144105|KANTOLOMB|M|24.0|KABUSHI PLUMBING CERTIFICATE 6 MONTHS NEW|4600.0|2025|APPROVED
NCC-CDF-SKL-00889|BWANA MKUBWA|SANFORD MUTINTA|311346/71/1|||M|21.0|77768721 KANTOLOMB M 21 LIVINGSTONE INSTITUTE DIPLOMA IN HEAVY DIPLOMA 3 YEARS RETURNIN|32330.0|2025|APPROVED
NCC-CDF-SKL-00890|BWANA MKUBWA|MWAMBA BLESSINGS|582038/61/1|779451784|KANTOLOMB|M|22.0|NATURAL RESOURCES DIPLOMA IN CERTIFICATE 3 YEARS NEW|15850.0|2025|APPROVED
NCC-CDF-SKL-00891|BWANA MKUBWA|DOUGLAS MUMBA|624688/61/1|961374351|KANTOLOMB|M|18.0|NORTEC CRAFT CERTIFICATE IN CERTIFICATE 2 YEARS RETURNIN|8700.0|2025|APPROVED
NCC-CDF-SKL-00892|BWANA MKUBWA|INNOCENT SIMUKOKO|563313/61/1|765411064|KANTOLOMB|M|23.0|NORTEC CRAFT IN HEAVY CERTIFICATE 2 YEARS RETURNIN|8700.0|2025|APPROVED
NCC-CDF-SKL-00893|BWANA MKUBWA|CHILUFYA KAPUTULA|552613/61/1|977410008|KANTOLOMB|M|19.0|NORTEC DIPLOMA IN ELECTRICAL DIPLOMA 3 YEARS RETURNIN|8700.0|2025|APPROVED
NCC-CDF-SKL-00894|BWANA MKUBWA|MBEWE STEVEN|896231/61/1|761917292|KANTOLOMB|M|21.0|NORTEC DIPLOMA IN ELECTRICAL DIPLOMA 3 YEARS RETURNIN|8700.0|2025|APPROVED
NCC-CDF-SKL-00895|BWANA MKUBWA|NAMUCHENJE ETHEL|558925/61/1|960434285|KANTOLOMB|F|24.0|NORTEC DIPLOMA IN HEAVY DIPLOMA 3 YEARS RETURNIN|13200.0|2025|APPROVED
NCC-CDF-SKL-00896|BWANA MKUBWA|ABLE KUNDA|606398/67/1|962071048|KANTOLOMB|M|22.0|NORTEC DIPLOMA IN HEAVY DIPLOMA 3 YEARS RETURNIN|13200.0|2025|APPROVED
NCC-CDF-SKL-00897|BWANA MKUBWA|CHARLES KAPAPA|483619/61/1|768293533|KANTOLOMB|M|29.0|NORTEC DIPLOMA IN HEAVY DIPLOMA 3 YEARS RETURNIN|13200.0|2025|APPROVED
NCC-CDF-SKL-00898|BWANA MKUBWA|KABWE GEORGE|565409/51/1|761441332|KANTOLOMB|M|21.0|NORTEC DIPLOMA IN DIPLOMA 3 YEARS RETURNIN|11500.0|2025|APPROVED
NCC-CDF-SKL-00899|BWANA MKUBWA|CHIWALA WILSON|570739/61/1|971629971|KANTOLOMB|M|22.0|NORTHERN AUTOMOTIVE CERTIFICATE 1 YEAR NEW|25550.0|2025|APPROVED
NCC-CDF-SKL-00900|BWANA MKUBWA|SAMPA PATSON|399306/66/1|977972415|KANTOLOMB|M|18.0|NORTHERN AUTOMOTIVE CERTIFICATE 1 YEAR NEW|21050.0|2025|APPROVED
NCC-CDF-SKL-00901|BWANA MKUBWA|MARK CHOCHA|625182/61/1|771608528|KANTOLOMB|M|18.0|NORTHERN AUTOMOTIVE CERTIFICATE 1 YEAR NEW|21050.0|2025|APPROVED
NCC-CDF-SKL-00902|BWANA MKUBWA|KANGONGO RUTH|625208/61/1|777507995|KANTOLOMB|F|19.0|NORTHERN AUTOMOTIVE CERTIFICATE 1 YEAR NEW|21050.0|2025|APPROVED
NCC-CDF-SKL-00903|BWANA MKUBWA|ALICK CHINULA|386276/66/1|760161056|KANTOLOMB|M|20.0|NORTHERN AUTOMOTIVE CERTIFICATE 1 YEAR NEW|21050.0|2025|APPROVED
NCC-CDF-SKL-00904|BWANA MKUBWA|NAKAMBA NDANJI|618575/61/1|961415701|KANTOLOMB|F|20.0|NORTHERN AUTOMOTIVE CERTIFICATE 1 YEAR NEW|21050.0|2025|APPROVED
NCC-CDF-SKL-00905|BWANA MKUBWA|CHONGO GIFT|538033/61/1|772572494|KANTOLOMB|F|26.0|NORTHERN AUTOMOTIVE CERTIFICATE 1 YEAR NEW|21050.0|2025|APPROVED
NCC-CDF-SKL-00906|BWANA MKUBWA|MWANSA MOSES|640439/61/1|964438314|KANTOLOMB|M|15.0|NORTHERN ELECTRICAL CERTIFICATE 1 YEAR NEW|21750.0|2025|APPROVED
NCC-CDF-SKL-00907|BWANA MKUBWA|MUMBI CHALI|624903/61/1|973277818|KANTOLOMB|M|19.0|NORTHERN ELECTRICAL CERTIFICATE 1 YEAR NEW|21750.0|2025|APPROVED
NCC-CDF-SKL-00908|BWANA MKUBWA|MWALA MUKELEBAI|553470/61/1|779292972|KANTOLOMB|M|24.0|NORTHERN ELECTRICAL CERTIFICATE 1 YEAR NEW|21750.0|2025|APPROVED
NCC-CDF-SKL-00909|BWANA MKUBWA|SHIKA NEHEMIAH|485003/61/1|974815213|KANTOLOMB|M|30.0|NORTHERN ELECTRICAL CERTIFICATE 1 YEAR NEW|21750.0|2025|APPROVED
NCC-CDF-SKL-00910|BWANA MKUBWA|KAFUNDA DORCAS|570579/61/1|973631623|KANTOLOMB|F|21.0|NORTHERN FASHION DESIGN & CERTIFICATE 1 YEAR NEW|21750.0|2025|APPROVED
NCC-CDF-SKL-00911|BWANA MKUBWA|CHAKUPA ANNIE|501707/61/1|961604395|KANTOLOMB|F|25.0|NORTHERN FASHION DESIGN & CERTIFICATE 1 YEAR NEW|21750.0|2025|APPROVED
NCC-CDF-SKL-00912|BWANA MKUBWA|MANJABILA MUBANGA|476444/61/1|963634274|KANTOLOMB|F|28.0|NORTHERN FASHION DESIGN & CERTIFICATE 1 YEAR NEW|21750.0|2025|APPROVED
NCC-CDF-SKL-00913|BWANA MKUBWA|CHAMA KAMILA|647126/61/1|773249482|KANTOLOMB|F|16.0|NORTHERN FOOD PRODUCTION CERTIFICATE 1 YEAR NEW|20575.0|2025|APPROVED
NCC-CDF-SKL-00914|BWANA MKUBWA|KABASO LYDIA|641463/61/1|971629538|KANTOLOMB|F|18.0|NORTHERN FOOD PRODUCTION CERTIFICATE 1 YEAR NEW|20575.0|2025|APPROVED
NCC-CDF-SKL-00915|BWANA MKUBWA|MWILA MARY|340362/45/1|769169956|KANTOLOMB|F|19.0|NORTHERN FOOD PRODUCTION CERTIFICATE 1 YEAR NEW|20575.0|2025|APPROVED
NCC-CDF-SKL-00916|BWANA MKUBWA|MABELE ESTER|161760/78/1|771266287|KANTOLOMB|F|19.0|NORTHERN FOOD PRODUCTION CERTIFICATE 1 YEAR NEW|20575.0|2025|APPROVED
NCC-CDF-SKL-00917|BWANA MKUBWA|MWEWA NATASHA|625205/61/1|770184806|KANTOLOMB|F|20.0|NORTHERN FOOD PRODUCTION CERTIFICATE 1 YEAR NEW|20575.0|2025|APPROVED
NCC-CDF-SKL-00918|BWANA MKUBWA|PHIRI TAONGA|615056/61/1|968966791|KANTOLOMB|F|20.0|NORTHERN FOOD PRODUCTION CERTIFICATE 1 YEAR NEW|20575.0|2025|APPROVED
NCC-CDF-SKL-00919|BWANA MKUBWA|MWAPE MARTHA|616186/61/1|764668721|KANTOLOMB|F|20.0|NORTHERN FOOD PRODUCTION CERTIFICATE 1 YEAR NEW|20575.0|2025|APPROVED
NCC-CDF-SKL-00920|BWANA MKUBWA|KAMONA LEONTINA|631601/61/1|767356962|KANTOLOMB|F|20.0|NORTHERN FOOD PRODUCTION CERTIFICATE 1 YEAR NEW|20575.0|2025|APPROVED
NCC-CDF-SKL-00921|BWANA MKUBWA|NAMUGALA VIRGINIA|766587/10/1|772181814|KANTOLOMB|F|20.0|NORTHERN FOOD PRODUCTION CERTIFICATE 1 YEAR NEW|20575.0|2025|APPROVED
NCC-CDF-SKL-00922|BWANA MKUBWA|LUUWO SHAKOLA|634339/61/1|777995061|KANTOLOMB|M|20.0|NORTHERN FOOD PRODUCTION CERTIFICATE 1 YEAR NEW|20575.0|2025|APPROVED
NCC-CDF-SKL-00923|BWANA MKUBWA|KASONDE KAMPAMBA|600417/61/1|960967018|KANTOLOMB|F|21.0|NORTHERN FOOD PRODUCTION CERTIFICATE 1 YEAR NEW|20575.0|2025|APPROVED
NCC-CDF-SKL-00924|BWANA MKUBWA|KANTA RUTH|609310/61/1|768534774|KANTOLOMB|F|21.0|NORTHERN FOOD PRODUCTION CERTIFICATE 1 YEAR NEW|20575.0|2025|APPROVED
NCC-CDF-SKL-00925|BWANA MKUBWA|MWALE TAONA|613201/61/1|770316252|KANTOLOMB|F|21.0|NORTHERN FOOD PRODUCTION CERTIFICATE 1 YEAR NEW|20575.0|2025|APPROVED
NCC-CDF-SKL-00926|BWANA MKUBWA|CHIPETA CHARITY|524478/61/1|760717017|KANTOLOMB|F|25.0|NORTHERN FOOD PRODUCTION CERTIFICATE 1 YEAR NEW|20575.0|2025|APPROVED
NCC-CDF-SKL-00927|BWANA MKUBWA|NAKWALA TAMARA|285205/63/1|963629035|KANTOLOMB|F|26.0|NORTHERN FOOD PRODUCTION CERTIFICATE 1 YEAR NEW|20575.0|2025|APPROVED
NCC-CDF-SKL-00928|BWANA MKUBWA|BWALYA THRESA|515311/61/1|764701263|KANTOLOMB|F|26.0|NORTHERN FOOD PRODUCTION CERTIFICATE 1 YEAR NEW|20575.0|2025|APPROVED
NCC-CDF-SKL-00929|BWANA MKUBWA|BWALYA PERCIVIA|515310/61/1|761603366|KANTOLOMB|F|28.0|NORTHERN FOOD PRODUCTION CERTIFICATE 1 YEAR NEW|20575.0|2025|APPROVED
NCC-CDF-SKL-00930|BWANA MKUBWA|MUBANGA SILVIA|477939/61/1|968653571|KANTOLOMB|F|29.0|NORTHERN FOOD PRODUCTION CERTIFICATE 1 YEAR NEW|20575.0|2025|APPROVED
NCC-CDF-SKL-00931|BWANA MKUBWA|BWALYA CHARITY|501934/61/1|763405408|KANTOLOMB|F|31.0|NORTHERN FOOD PRODUCTION CERTIFICATE 1 YEAR NEW|20575.0|2025|APPROVED
NCC-CDF-SKL-00932|BWANA MKUBWA|NAMBELA HANIFA|635775/61/1|767202317|KANTOLOMB|F|18.0|NORTHERN METAL FABRICATION CERTIFICATE 1 YEAR NEW|25550.0|2025|APPROVED
NCC-CDF-SKL-00933|BWANA MKUBWA|MUMBI BLESSING N|603493/61/1|960980820|KANTOLOMB|F|20.0|NORTHERN METAL FABRICATION CERTIFICATE 1 YEAR NEW|25550.0|2025|APPROVED
NCC-CDF-SKL-00934|BWANA MKUBWA|MUMBI VICTOR|615594/61/1|771426748|KANTOLOMB|M|21.0|NORTHERN METAL FABRICATION CERTIFICATE 1 YEAR NEW|25550.0|2025|APPROVED
NCC-CDF-SKL-00935|BWANA MKUBWA|MWANSA DICKSON|640514/61/1|962796299|KANTOLOMB|M|22.0|ROAD RANGE DRIVING HEAVY DUTY OPERATOR CERTIFICATE 1 MONTH NEW|6750.0|2025|APPROVED
NCC-CDF-SKL-00936|BWANA MKUBWA|MWALE NATASHA|635101/61/1|766407471|KANTOLOMB|F|17.0|ROAD SKILLS DRIVING DRIVING CE CERTIFICATE 1 MONTH NEW|4300.0|2025|APPROVED
NCC-CDF-SKL-00937|BWANA MKUBWA|MOOKA|494765/16/1|766397143|KANTOLOMB|M|17.0|ROAD SKILLS DRIVING DRIVING CE CERTIFICATE 1 MONTH NEW|4300.0|2025|APPROVED
NCC-CDF-SKL-00938|BWANA MKUBWA|ZULU MISHECK|633773/61/1|763347976|KANTOLOMB|M|18.0|ROAD SKILLS DRIVING DRIVING CE CERTIFICATE 1 MONTH NEW|4300.0|2025|APPROVED
NCC-CDF-SKL-00939|BWANA MKUBWA|ZULU SAMEERY|641227/61/1|777459146|KANTOLOMB|M|18.0|ROAD SKILLS DRIVING DRIVING CE CERTIFICATE 1 MONTH NEW|4300.0|2025|APPROVED
NCC-CDF-SKL-00940|BWANA MKUBWA|KAPUTULA FAIDES|618873/61/1|970159332|KANTOLOMB|F|19.0|ROAD SKILLS DRIVING DRIVING CE CERTIFICATE 1 MONTH NEW|4300.0|2025|APPROVED
NCC-CDF-SKL-00941|BWANA MKUBWA|SHIKA JOY|624926/61/1|761095564|KANTOLOMB|F|19.0|ROAD SKILLS DRIVING DRIVING CE CERTIFICATE 1 MONTH NEW|4300.0|2025|APPROVED
NCC-CDF-SKL-00942|BWANA MKUBWA|ZULU FRANCIS BUKATA|612803/61/1|771176522|KANTOLOMB|M|19.0|ROAD SKILLS DRIVING DRIVING CE CERTIFICATE 1 MONTH NEW|4300.0|2025|APPROVED
NCC-CDF-SKL-00943|BWANA MKUBWA|MULENGA MATHEWS|631713/61/1|978364374|KANTOLOMB|M|19.0|ROAD SKILLS DRIVING DRIVING CE CERTIFICATE 1 MONTH NEW|4300.0|2025|APPROVED
NCC-CDF-SKL-00944|BWANA MKUBWA|HAPEEZA GERSHOM|650619/67/1|763383378|KANTOLOMB|F|20.0|ROAD SKILLS DRIVING DRIVING CE CERTIFICATE 1 MONTH NEW|4300.0|2025|APPROVED
NCC-CDF-SKL-00945|BWANA MKUBWA|BOTHA MANASSEH|439674/61/1|950637559|KANTOLOMB|F|20.0|ROAD SKILLS DRIVING DRIVING CE CERTIFICATE 1 MONTH NEW|4300.0|2025|APPROVED
NCC-CDF-SKL-00946|BWANA MKUBWA|MVULA THELMA|607265/61/1|761826216|KANTOLOMB|F|20.0|ROAD SKILLS DRIVING DRIVING CE CERTIFICATE 1 MONTH NEW|4300.0|2025|APPROVED
NCC-CDF-SKL-00947|BWANA MKUBWA|PHIRI CHITUWA|617299/61/1|966532879|KANTOLOMB|F|20.0|ROAD SKILLS DRIVING DRIVING CE CERTIFICATE 1 MONTH NEW|4300.0|2025|APPROVED
NCC-CDF-SKL-00948|BWANA MKUBWA|MANJABILA ELISA|609743/61/1|762984736|KANTOLOMB|F|21.0|ROAD SKILLS DRIVING DRIVING CE CERTIFICATE 1 MONTH NEW|4300.0|2025|APPROVED
NCC-CDF-SKL-00949|BWANA MKUBWA|NAMBILA SUWILANJI|613128/61/1|968970870|KANTOLOMB|F|21.0|ROAD SKILLS DRIVING DRIVING CE CERTIFICATE 1 MONTH NEW|4300.0|2025|APPROVED
NCC-CDF-SKL-00950|BWANA MKUBWA|PHIRI CHARITY|279885/63/1|770563323|KANTOLOMB|F|24.0|ROAD SKILLS DRIVING DRIVING CE CERTIFICATE 1 MONTH NEW|4300.0|2025|APPROVED
NCC-CDF-SKL-00951|BWANA MKUBWA|SITUMBEKO MISHECK|534582/61/1|770878361|KANTOLOMB|M|25.0|ROAD SKILLS DRIVING DRIVING CE CERTIFICATE 1 MONTH NEW|4300.0|2025|APPROVED
NCC-CDF-SKL-00952|BWANA MKUBWA|THRESA NYONDO|599733/67/1|966510575|KANTOLOMB|F|29.0|ROAD SKILLS DRIVING DRIVING CE CERTIFICATE 1 MONTH NEW|4300.0|2025|APPROVED
NCC-CDF-SKL-00953|BWANA MKUBWA|TABBY BRIGHAM|366855/65/1|766579391|KANTOLOMB|F|30.0|ROAD SKILLS DRIVING DRIVING CE CERTIFICATE 1 MONTH NEW|4300.0|2025|APPROVED
NCC-CDF-SKL-00954|BWANA MKUBWA|MIBENGE CHINYIMBA|370989/16/1|970987479|KANTOLOMB|F|31.0|ROAD SKILLS DRIVING DRIVING CE CERTIFICATE 1 MONTH NEW|4300.0|2025|APPROVED
NCC-CDF-SKL-00955|BWANA MKUBWA|MUKOSHA JOANA|123656/61/1|767213434|KANTOLOMB|F|32.0|ROAD SKILLS DRIVING DRIVING CE CERTIFICATE 1 MONTH NEW|4300.0|2025|APPROVED
NCC-CDF-SKL-00956|BWANA MKUBWA|KAMANGA NAMATAMA|231055/10/1|971149704|KANTOLOMB|F|33.0|ROAD SKILLS DRIVING DRIVING CE CERTIFICATE 1 MONTH NEW|4300.0|2025|APPROVED
NCC-CDF-SKL-00957|BWANA MKUBWA|BOTHA CHRISTINE|437325/61/1|950657792|KANTOLOMB|F|33.0|ROAD SKILLS DRIVING DRIVING CE CERTIFICATE 1 MONTH NEW|4300.0|2025|APPROVED
NCC-CDF-SKL-00958|BWANA MKUBWA|LIKUMBI FRANCIS|275806/68/1|966293133|KANTOLOMB|M|33.0|ROAD SKILLS DRIVING DRIVING CE CERTIFICATE 1 MONTH NEW|4300.0|2025|APPROVED
NCC-CDF-SKL-00959|BWANA MKUBWA|PHIRI PHALES|785782/10/1|979225384|KANTOLOMB|F|24.0|TWIKATANE NDOLA CATERING CERTIFICATE 1 YEAR NEW|7675.0|2025|APPROVED
NCC-CDF-SKL-00960|BWANA MKUBWA|NCHUKWA LUCY|501278/61/1|766106629|KANTOLOMB|F|27.0|TWIKATANE NDOLA CATERING CERTIFICATE 1 YEAR NEW|7675.0|2025|APPROVED
NCC-CDF-SKL-00961|BWANA MKUBWA|BERNARD MUMBA|316817/10/1|977899376|KANTOLOMB|M|30.0|TWIKATANE NDOLA CATERING CERTIFICATE 1 YEAR NEW|7675.0|2025|APPROVED
NCC-CDF-SKL-00962|BWANA MKUBWA|PUMULO LIMBAMBALA|530077/61/1|977198483|KANTOLOMB|M|25.0|ZAMBIA UNIVERSITY DIPLOMA IN ELECTRICAL DIPLOMA 3 YEARS NEW|16400.0|2025|APPROVED
NCC-CDF-SKL-00963|BWANA MKUBWA|OLIVIA LUNGU|310884/46/1|979484134|KANTOLOMB|F|22.0|ZAMBIA UNIVERSITY DIPLOMA IN DIPLOMA 3 YEARS RETURNIN|16400.0|2025|APPROVED
NCC-CDF-SKL-00964|BWANA MKUBWA|KOWA KALUTWA|257178/77/1|977675600|KAVU|M|19.0|NORTEC CRAFT CERTIFICATE IN CERTIFICATE 2 YEARS RETURNIN|8700.0|2025|APPROVED
NCC-CDF-SKL-00965|BWANA MKUBWA|JUSTINE NYIRENDA|451683/51/1|760492775|KAVU|M|22.0|NORTEC CRAFT CERTIFICATE IN CERTIFICATE 2 YEARS RETURNIN|8700.0|2025|APPROVED
NCC-CDF-SKL-00966|BWANA MKUBWA|SAMUEL MTONGA|545476/61/1|762146150|KAVU|M|26.0|NORTEC CRAFT CERTIFICATE IN CERTIFICATE 2 YEARS RETURNIN|8700.0|2025|APPROVED
NCC-CDF-SKL-00967|BWANA MKUBWA|JUSTINE CHISANGA|556515/61/1|763386636|KAVU|M|24.0|NORTEC DIPLOMA IN DIPLOMA 3 YEARS RETURNIN|8700.0|2025|APPROVED
NCC-CDF-SKL-00968|BWANA MKUBWA|CLIVE CHAMA|588995/61/1|767448781|KAVU|M|21.0|NORTEC DIPLOMA IN ELECTRICAL DIPLOMA 3 YEARS RETURNIN|8700.0|2025|APPROVED
NCC-CDF-SKL-00969|BWANA MKUBWA|KATONGO ANGEL|610759/61/1|969599997|KAVU|M|18.0|NORTEC DIPLOMA IN HEAVY DIPLOMA 3 YEARS RETURNIN|13200.0|2025|APPROVED
NCC-CDF-SKL-00970|BWANA MKUBWA|DANIEL MBEWE|628583/61/1|776162172|KAVU|M|20.0|NORTEC DIPLOMA IN HEAVY DIPLOMA 3 YEARS RETURNIN|13200.0|2025|APPROVED
NCC-CDF-SKL-00971|BWANA MKUBWA|DIFONSO JONATHAN|623901/61/1|968086587|KAVU|M|20.0|ROAD SKILLS DRIVING DRIVING CE CERTIFICATE 1 MONTH NEW|4300.0|2025|APPROVED
NCC-CDF-SKL-00972|BWANA MKUBWA|LUTWIKA GEORGE|849248/10/1|969177725|KAVU|M|20.0|ROAD SKILLS DRIVING DRIVING CE CERTIFICATE 1 MONTH NEW|4300.0|2025|APPROVED
NCC-CDF-SKL-00973|BWANA MKUBWA|BWALYA ALFRED|565663/61/1|966823282|KAVU|M|23.0|ROAD SKILLS DRIVING DRIVING CE CERTIFICATE 1 MONTH NEW|4300.0|2025|APPROVED
NCC-CDF-SKL-00974|BWANA MKUBWA|CALEB PHIRI|562225/61/1|960168981|KAVU|M|23.0|ROAD SKILLS DRIVING DRIVING CE CERTIFICATE 1 MONTH NEW|4300.0|2025|APPROVED
NCC-CDF-SKL-00975|BWANA MKUBWA|MUMBUNO REGINAH|552957/61/1|976877854|KAVU|M|24.0|ROAD SKILLS DRIVING DRIVING CE CERTIFICATE 1 MONTH NEW|4300.0|2025|APPROVED
NCC-CDF-SKL-00976|BWANA MKUBWA|ENASHO CLIFFORD|546531/61/1|968548881|KAVU|M|25.0|ROAD SKILLS DRIVING DRIVING CE CERTIFICATE 1 MONTH NEW|4300.0|2025|APPROVED
NCC-CDF-SKL-00977|BWANA MKUBWA|SIAME CLEOPAS|533409/61/1|965712193|KAVU|M|25.0|ROAD SKILLS DRIVING DRIVING CE CERTIFICATE 1 MONTH NEW|4300.0|2025|APPROVED
NCC-CDF-SKL-00978|BWANA MKUBWA|KAPUNGWE BWALYA|324802/82/1|763058272|KAVU|M|26.0|ROAD SKILLS DRIVING DRIVING CE CERTIFICATE 1 MONTH NEW|4300.0|2025|APPROVED
NCC-CDF-SKL-00979|BWANA MKUBWA|JOSEPH SIMWANZA|530229/61/1|770420887|KAVU|M|26.0|ROAD SKILLS DRIVING DRIVING CE CERTIFICATE 1 MONTH NEW|4300.0|2025|APPROVED
NCC-CDF-SKL-00980|BWANA MKUBWA|MUKOSHA FREDRICK|517688/61/1|978861965|KAVU|M|27.0|ROAD SKILLS DRIVING DRIVING CE CERTIFICATE 1 MONTH NEW|4300.0|2025|APPROVED
NCC-CDF-SKL-00981|BWANA MKUBWA|NSWANA BRIAN|512684/61/1|962334888|KAVU|M|27.0|ROAD SKILLS DRIVING DRIVING CE CERTIFICATE 1 MONTH NEW|4300.0|2025|APPROVED
NCC-CDF-SKL-00982|BWANA MKUBWA|COSTER KANYEMBO|202300/35/1|974384850|KAVU|M|28.0|ROAD SKILLS DRIVING DRIVING CE CERTIFICATE 1 MONTH NEW|4300.0|2025|APPROVED
NCC-CDF-SKL-00983|BWANA MKUBWA|PHIRI CHARLES|413149/62/1|779653438|KAVU|M|29.0|ROAD SKILLS DRIVING DRIVING CE CERTIFICATE 1 MONTH NEW|4300.0|2025|APPROVED
NCC-CDF-SKL-00984|BWANA MKUBWA|MULUBWA GOLDEN|342950/66/1|975587675|KAVU|M|29.0|ROAD SKILLS DRIVING DRIVING CE CERTIFICATE 1 MONTH NEW|4300.0|2025|APPROVED
NCC-CDF-SKL-00985|BWANA MKUBWA|CHALI MONICAH|307424/31/1|964920905|KAVU|F|29.0|ROAD SKILLS DRIVING DRIVING CE CERTIFICATE 1 MONTH NEW|4300.0|2025|APPROVED
NCC-CDF-SKL-00986|BWANA MKUBWA|MAKANGWE HENRY|510644/61/1|962909531|KAVU|M|29.0|ROAD SKILLS DRIVING DRIVING CE CERTIFICATE 1 MONTH NEW|4300.0|2025|APPROVED
NCC-CDF-SKL-00987|BWANA MKUBWA|MUSONDA JAMES|148940/94/1|969843378|KAVU|M|29.0|ROAD SKILLS DRIVING DRIVING CE CERTIFICATE 1 MONTH NEW|4300.0|2025|APPROVED
NCC-CDF-SKL-00988|BWANA MKUBWA|KABWELA MUSONDA|338441/10/1|975505039|KAVU|M|30.0|ROAD SKILLS DRIVING DRIVING CE CERTIFICATE 1 MONTH NEW|4300.0|2025|APPROVED
NCC-CDF-SKL-00989|BWANA MKUBWA|SINGOYI SUNDAY|256844/47/1|768485154|KAVU|M|31.0|ROAD SKILLS DRIVING DRIVING CE CERTIFICATE 1 MONTH NEW|4300.0|2025|APPROVED
NCC-CDF-SKL-00990|BWANA MKUBWA|MUYEBA INNOCENT|436305/61/1|965555001|KAVU|M|31.0|ROAD SKILLS DRIVING DRIVING CE CERTIFICATE 1 MONTH NEW|4300.0|2025|APPROVED
NCC-CDF-SKL-00991|BWANA MKUBWA|STEPHEN MWEWA|352021/33/1|953579344|KAVU|M|32.0|ROAD SKILLS DRIVING DRIVING CE CERTIFICATE 1 MONTH NEW|4300.0|2025|APPROVED
NCC-CDF-SKL-00992|BWANA MKUBWA|PHIRI NELLY BILLY|117147/57/1|967874070|KAVU|F|33.0|ROAD SKILLS DRIVING DRIVING CE CERTIFICATE 1 MONTH NEW|4300.0|2025|APPROVED
NCC-CDF-SKL-00993|BWANA MKUBWA|MAINZA RAPHY|187963/77/1|977841939|KAVU|M|33.0|ROAD SKILLS DRIVING DRIVING CE CERTIFICATE 1 MONTH NEW|4300.0|2025|APPROVED
NCC-CDF-SKL-00994|BWANA MKUBWA|KANYAKULA KINGSLEY|334261/62/1|978822023|KAVU|M|20.0|TECHNICAL AND ICT CERTIFICATE 1 YEAR NEW|21990.0|2025|APPROVED
NCC-CDF-SKL-00995|BWANA MKUBWA|DAKA EVERLYN|489519/61/1|973664656|KAVU|F|25.0|ZAMBIA UNIVERSITY DIPLOMA IN ELECRTICAL DIPLOMA 3 YEARS NEW|8400.0|2025|APPROVED
NCC-CDF-SKL-00996|BWANA MKUBWA|PETER SENSE|572960/61/1|978199258|KAVU|M|23.0|ZAMBIA UNIVERSITY DIPLOMA IN DIPLOMA 3 YEARS RETURNIN|12800.0|2025|APPROVED
NCC-CDF-SKL-00997|BWANA MKUBWA|CHANDA CYNTHIA|603384/61/1|765305123|LUPILI|F|25.0|KABUSHI GENERAL HOSPITALITY CERTIFICATE 1 YEAR NEW|8000.0|2025|APPROVED
NCC-CDF-SKL-00998|BWANA MKUBWA|NAKAMBA NAOMI|288969/45/1|978233735|LUPILI|F|26.0|KABUSHI GENERAL HOSPITALITY CERTIFICATE 1 YEAR NEW|8000.0|2025|APPROVED
NCC-CDF-SKL-00999|BWANA MKUBWA|CHANDA THELMA|489940/61/1|771694575|LUPILI|F|27.0|KABUSHI GENERAL HOSPITALITY CERTIFICATE 1 YEAR NEW|8000.0|2025|APPROVED
NCC-CDF-SKL-01000|BWANA MKUBWA|NKONDE BIBIAN|527708/61/1|769435993|LUPILI|F|31.0|KABUSHI GENERAL HOSPITALITY CERTIFICATE 1 YEAR NEW|8000.0|2025|APPROVED
NCC-CDF-SKL-01001|BWANA MKUBWA|MULENGA NATASHA|511613/61/1|964454727|LUPILI|F|25.0|MUSHILI SKILLS GENERAL HOSIPITALITY CERTIFICATE 1 YEAR NEW|4100.0|2025|APPROVED
NCC-CDF-SKL-01002|BWANA MKUBWA|MULENGA ALEX|548029/61/1|966863139|LUPILI|M|23.0|NORTEC CRAFT CERTIFICATE IN CERTIFICATE 2 YEARS RETURNIN|8700.0|2025|APPROVED
NCC-CDF-SKL-01003|BWANA MKUBWA|MULENGA ESTHER|568565/61/1|966035294|LUPILI|F|23.0|NORTEC DIPLOMA IN HEAVY DIPLOMA 3 YEARS RETURNIN|13200.0|2025|APPROVED
NCC-CDF-SKL-01004|BWANA MKUBWA|BWALYA METHUSELLAH|289967/46/1|964115929|LUPILI|M|21.0|NORTEC DIPLOMA IN HEAVY DIPLOMA 3 YEARS RETURNIN|13200.0|2025|APPROVED
NCC-CDF-SKL-01005|BWANA MKUBWA|TITUS MANDA|563261/61/1|760302081|LUPILI|M|22.0|NORTEC DIPLOMA IN HEAVY DIPLOMA 3 YEARS RETURNIN|13200.0|2025|APPROVED
NCC-CDF-SKL-01006|BWANA MKUBWA|MWABA EVERLYN|566026/61/1|974295459|LUPILI|F|23.0|NORTEC DIPLOMA IN HEAVY DIPLOMA 3 YEARS RETURNIN|13200.0|2025|APPROVED
NCC-CDF-SKL-01007|BWANA MKUBWA|KAPEMBWA DANNY|537324/61/1|762944677|LUPILI|M|24.0|NORTEC DIPLOMA IN HEAVY DIPLOMA 3 YEARS RETURNIN|13200.0|2025|APPROVED
NCC-CDF-SKL-01008|BWANA MKUBWA|MUSOWE MOSES|604610/61/1|776086826|LUPILI|M|21.0|NORTHERN AUTOMOTIVE CERTIFICATE 1 YEAR NEW|21050.0|2025|APPROVED
NCC-CDF-SKL-01009|BWANA MKUBWA|MUMBA BRIDGET|569014/61/1|961128757|LUPILI|F|22.0|NORTHERN AUTOMOTIVE CERTIFICATE 1 YEAR NEW|21050.0|2025|APPROVED
NCC-CDF-SKL-01010|BWANA MKUBWA|MUTUTA MARIA|610500/61/1|762235687|LUPILI|F|20.0|NORTHERN ELECTRICAL CERTIFICATE 1 YEAR NEW|21750.0|2025|APPROVED
NCC-CDF-SKL-01011|BWANA MKUBWA|CHIBWE ENERST|304118/68/1|975587325|LUPILI|M|30.0|NORTHERN ELECTRICAL CERTIFICATE 1 YEAR NEW|21750.0|2025|APPROVED
NCC-CDF-SKL-01012|BWANA MKUBWA|SIAMEJA MUSIYA|548141/10/1|968932637|LUPILI|F|28.0|NORTHERN FASHION DESIGN & CERTIFICATE 1 YEAR NEW|21750.0|2025|APPROVED
NCC-CDF-SKL-01013|BWANA MKUBWA|CHISHALA JOYCE|634823/61/1|767200657|LUPILI|F|19.0|NORTHERN FOOD PRODUCTION CERTIFICATE 1 YEAR NEW|20575.0|2025|APPROVED
NCC-CDF-SKL-01014|BWANA MKUBWA|NAMFUKWE BERTHA|606444/61/1|760481433|LUPILI|F|21.0|NORTHERN FOOD PRODUCTION CERTIFICATE 1 YEAR NEW|20575.0|2025|APPROVED
NCC-CDF-SKL-01015|BWANA MKUBWA|PHIRI GLENDA|614675/61/1|767069600|LUPILI|F|21.0|NORTHERN FOOD PRODUCTION CERTIFICATE 1 YEAR NEW|20575.0|2025|APPROVED
NCC-CDF-SKL-01016|BWANA MKUBWA|SINONGE GIFT|563424/61/1|777850059|LUPILI|M|21.0|NORTHERN FOOD PRODUCTION CERTIFICATE 1 YEAR NEW|20575.0|2025|APPROVED
NCC-CDF-SKL-01017|BWANA MKUBWA|ELIZABETH MUMBI|553152/61/1|771585173|LUPILI|M|23.0|NORTHERN FOOD PRODUCTION CERTIFICATE 1 YEAR NEW|20575.0|2025|APPROVED
NCC-CDF-SKL-01018|BWANA MKUBWA|KAKWAYA MEMORY|540963/61/1|763408372|LUPILI|F|24.0|NORTHERN FOOD PRODUCTION CERTIFICATE 1 YEAR NEW|20575.0|2025|APPROVED
NCC-CDF-SKL-01019|BWANA MKUBWA|MUKANDA WIRE|562369/61/1|769119795|LUPILI|M|24.0|NORTHERN FOOD PRODUCTION CERTIFICATE 1 YEAR NEW|20575.0|2025|APPROVED
NCC-CDF-SKL-01020|BWANA MKUBWA|MWANDILA PATRICIA|490055/61/1|766983727|LUPILI|F|28.0|NORTHERN FOOD PRODUCTION CERTIFICATE 1 YEAR NEW|20575.0|2025|APPROVED
NCC-CDF-SKL-01021|BWANA MKUBWA|MWANZA FOSTER|475772/61/1|963934159|LUPILI|M|28.0|NORTHERN FOOD PRODUCTION CERTIFICATE 1 YEAR NEW|20575.0|2025|APPROVED
NCC-CDF-SKL-01022|BWANA MKUBWA|LONGWANI BRIDGET|311557/62/1|760112081|LUPILI|M|32.0|NORTHERN FOOD PRODUCTION CERTIFICATE 1 YEAR NEW|20575.0|2025|APPROVED
NCC-CDF-SKL-01023|BWANA MKUBWA|BUNDA GIVEN|448160/61/1|963777254|LUPILI|M|32.0|NORTHERN FOOD PRODUCTION CERTIFICATE 1 YEAR NEW|20575.0|2025|APPROVED
NCC-CDF-SKL-01024|BWANA MKUBWA|KALENGA JAMES|580704/61/1|964635280|LUPILI|M|20.0|NORTHERN METAL FABRICATION CERTIFICATE 1 YEAR NEW|25550.0|2025|APPROVED
NCC-CDF-SKL-01025|BWANA MKUBWA|MWANZA MOSES|588002/61/1|977262017|LUPILI|M|22.0|NORTHERN METAL FABRICATION CERTIFICATE 1 YEAR NEW|25550.0|2025|APPROVED
NCC-CDF-SKL-01026|BWANA MKUBWA|CHENSHA DIMMUS|648829/10/1|961984549|LUPILI|M|24.0|PASCAL INSTITUTE OF EXCAVATOR OPERATOR CERTIFICATE 1 MONTH NEW|6750.0|2025|APPROVED
NCC-CDF-SKL-01027|BWANA MKUBWA|SIMBEYE DODFREY|443823/61/1|968446793|LUPILI|M|32.0|PASCAL INSTITUTE OF EXCAVATOR OPERATOR CERTIFICATE 1 MONTH NEW|6750.0|2025|APPROVED
NCC-CDF-SKL-01028|BWANA MKUBWA|NGANDWE MWAPE|622955/61/1|972114715|LUPILI|F|19.0|ROAD RANGE DRIVING EXCAVATOR OPERATOR CERTIFICATE 1 MONTH NEW|6750.0|2025|APPROVED
NCC-CDF-SKL-01029|BWANA MKUBWA|MAKOFI CHARITY|552350/61/1|765405068|LUPILI|M|25.0|ROAD RANGE DRIVING EXCAVATOR OPERATOR CERTIFICATE 1 MONTH NEW|6750.0|2025|APPROVED
NCC-CDF-SKL-01030|BWANA MKUBWA|BANDA KONDWANI|493175/61/1|763404650|LUPILI|M|26.0|ROAD RANGE DRIVING EXCAVATOR OPERATOR CERTIFICATE 1 MONTH NEW|6750.0|2025|APPROVED
NCC-CDF-SKL-01031|BWANA MKUBWA|CHANDA ISABEL|469997/61/1|972990022|LUPILI|F|29.0|ROAD RANGE DRIVING EXCAVATOR OPERATOR CERTIFICATE 1 MONTH NEW|6750.0|2025|APPROVED
NCC-CDF-SKL-01032|BWANA MKUBWA|PHIRI ABRAHAM|634899/61/1|965174456|LUPILI|M|18.0|ROAD RANGE DRIVING HEAVY DUTY OPERATOR CERTIFICATE 1 MONTH NEW|6750.0|2025|APPROVED
NCC-CDF-SKL-01033|BWANA MKUBWA|MUSONDA GABRIEL|377257/24/1|960633494|LUPILI|M|21.0|ROAD RANGE DRIVING HEAVY DUTY OPERATOR CERTIFICATE 1 MONTH NEW|6750.0|2025|APPROVED
NCC-CDF-SKL-01034|BWANA MKUBWA|TEMBO MEMORY|587406/61/1|961156580|LUPILI|F|22.0|ROAD RANGE DRIVING HEAVY DUTY OPERATOR CERTIFICATE 1 MONTH NEW|6750.0|2025|APPROVED
NCC-CDF-SKL-01035|BWANA MKUBWA|NGANDWE RINA|630679/61/1|971776385|LUPILI|F|18.0|ROAD SKILLS DRIVING DRIVING CE CERTIFICATE 1 MONTH NEW|4300.0|2025|APPROVED
NCC-CDF-SKL-01036|BWANA MKUBWA|MULALA SOLOMON|615699/61/1|768895005|LUPILI|M|19.0|ROAD SKILLS DRIVING DRIVING CE CERTIFICATE 1 MONTH NEW|4300.0|2025|APPROVED
NCC-CDF-SKL-01037|BWANA MKUBWA|DANNY CHANDA|583770/61/1|961837172|LUPILI|M|20.0|ROAD SKILLS DRIVING DRIVING CE CERTIFICATE 1 MONTH NEW|4300.0|2025|APPROVED
NCC-CDF-SKL-01038|BWANA MKUBWA|MARTIN MWAPE|608495/61/1|974287612|LUPILI|M|20.0|ROAD SKILLS DRIVING DRIVING CE CERTIFICATE 1 MONTH NEW|4300.0|2025|APPROVED
NCC-CDF-SKL-01039|BWANA MKUBWA|CHIBUYE SYDNEY|563588/61/1|770071171|LUPILI|M|23.0|ROAD SKILLS DRIVING DRIVING CE CERTIFICATE 1 MONTH NEW|4300.0|2025|APPROVED
NCC-CDF-SKL-01040|BWANA MKUBWA|MOUSONDA LOUIS|560273/61/1|762571639|LUPILI|M|24.0|ROAD SKILLS DRIVING DRIVING CE CERTIFICATE 1 MONTH NEW|4300.0|2025|APPROVED
NCC-CDF-SKL-01041|BWANA MKUBWA|MULENSHI FREDRICK|571727/60/1|969701433|LUPILI|M|24.0|ROAD SKILLS DRIVING DRIVING CE CERTIFICATE 1 MONTH NEW|4300.0|2025|APPROVED
NCC-CDF-SKL-01042|BWANA MKUBWA|CHANDA GILLION|171294/49/1|965494646|LUPILI|M|24.0|ROAD SKILLS DRIVING DRIVING CE CERTIFICATE 1 MONTH NEW|4300.0|2025|APPROVED
NCC-CDF-SKL-01043|BWANA MKUBWA|MWANSA MWAMBA|551781/61/1|774316100|LUPILI|M|24.0|ROAD SKILLS DRIVING DRIVING CE CERTIFICATE 1 MONTH NEW|4300.0|2025|APPROVED
NCC-CDF-SKL-01044|BWANA MKUBWA|CHISALE DOMINIC|537996/61/1|971718174|LUPILI|M|26.0|ROAD SKILLS DRIVING DRIVING CE CERTIFICATE 1 MONTH NEW|4300.0|2025|APPROVED
NCC-CDF-SKL-01045|BWANA MKUBWA|MWAPE WENDY|535460/61/1|772445864|LUPILI|F|26.0|ROAD SKILLS DRIVING DRIVING CE CERTIFICATE 1 MONTH NEW|4300.0|2025|APPROVED
NCC-CDF-SKL-01046|BWANA MKUBWA|CHILESHE ISAAC|510878/61/1|770901978|LUPILI|M|28.0|ROAD SKILLS DRIVING DRIVING CE CERTIFICATE 1 MONTH NEW|4300.0|2025|APPROVED
NCC-CDF-SKL-01047|BWANA MKUBWA|NZUBE SYDNEY|156224/91/1|965204732|LUPILI|M|30.0|ROAD SKILLS DRIVING DRIVING CE CERTIFICATE 1 MONTH NEW|4300.0|2025|APPROVED
NCC-CDF-SKL-01048|BWANA MKUBWA|GRACE NGOMA|439542/61/1|976145409|LUPILI|F|30.0|ROAD SKILLS DRIVING DRIVING CE CERTIFICATE 1 MONTH NEW|4300.0|2025|APPROVED
NCC-CDF-SKL-01049|BWANA MKUBWA|MARVIN NSOFWA|429780/61/1|961962424|LUPILI|M|31.0|ROAD SKILLS DRIVING DRIVING CE CERTIFICATE 1 MONTH NEW|4300.0|2025|APPROVED
NCC-CDF-SKL-01050|BWANA MKUBWA|MAMBWE PETER|448243/61/1|978935701|LUPILI|M|32.0|ROAD SKILLS DRIVING DRIVING CE CERTIFICATE 1 MONTH NEW|4300.0|2025|APPROVED
NCC-CDF-SKL-01051|BWANA MKUBWA|MWELWA SAMUEL|469752/61/1|777461037|LUPILI|M|32.0|ROAD SKILLS DRIVING DRIVING CE CERTIFICATE 1 MONTH NEW|4300.0|2025|APPROVED
NCC-CDF-SKL-01052|BWANA MKUBWA|ANDREW LYASHI|279091/13/1|762224384|LUPILI|M|33.0|ROAD SKILLS DRIVING DRIVING CE CERTIFICATE 1 MONTH NEW|4300.0|2025|APPROVED
NCC-CDF-SKL-01053|BWANA MKUBWA|MULENGA BOYD|429906/61/1|772633842|LUPILI|M|33.0|ROAD SKILLS DRIVING DRIVING CE CERTIFICATE 1 MONTH NEW|4300.0|2025|APPROVED
NCC-CDF-SKL-01054|BWANA MKUBWA|SUBA CHEWE|438971/61/1|965092435|LUPILI|F|33.0|ROAD SKILLS DRIVING DRIVING CE CERTIFICATE 1 MONTH NEW|4300.0|2025|APPROVED
NCC-CDF-SKL-01055|BWANA MKUBWA|DAVIES CHILESHE|282441/43/1|976584269|LUPILI|M|34.0|ROAD SKILLS DRIVING DRIVING CE CERTIFICATE 1 MONTH NEW|4300.0|2025|APPROVED
NCC-CDF-SKL-01056|BWANA MKUBWA|HAWA NALONDWA|629548/61/1|765861108|LUPILI|M|18.0|ZAMBIA UNIVERSITY DIPLOMA IN ELECRTICAL DIPLOMA 3 YEARS NEW|8400.0|2025|APPROVED
NCC-CDF-SKL-01057|BWANA MKUBWA|NAMFUKWE NANA|539420/61/1|965970525|LUPILI|F|25.0|ZAMBIA UNIVERSITY DIPLOMA INFORMATION DIPLOMA 3 YEARS RETURNIN|8400.0|2025|APPROVED
NCC-CDF-SKL-01058|BWANA MKUBWA|CHRISTOPHER MUMBA|595842/61/1|770385625|MUNKULUN|M|20.0|NORTEC DIPLOMA IN ELECTRICAL DIPLOMA 3 YEARS NEW|8700.0|2025|APPROVED
NCC-CDF-SKL-01059|BWANA MKUBWA|LUBASI JAMES|593143/61/1|973336517|MUNKULUN|M|21.0|NORTEC DIPLOMA IN HEAVY DIPLOMA 3 YEARS RETURNIN|13200.0|2025|APPROVED
NCC-CDF-SKL-01060|BWANA MKUBWA|MUSONDA NEWTON|583713/61/1|977737976|MUNKULUN|M|20.0|NORTEC DIPLOMA IN HEAVY DIPLOMA 3 YEARS RETURNIN|13200.0|2025|APPROVED
NCC-CDF-SKL-01061|BWANA MKUBWA|WINTER CHAMALAWA|520057/61/1|762703027|MUNKULUN|M|25.0|NORTEC DIPLOMA IN HEAVY DIPLOMA 3 YEARS RETURNIN|13200.0|2025|APPROVED
NCC-CDF-SKL-01062|BWANA MKUBWA|NDUMBA PATSON|235174/21/1|966708272|MUNKULUN|M|26.0|NORTEC DIPLOMA IN HEAVY DIPLOMA 3 YEARS RETURNIN|13200.0|2025|APPROVED
NCC-CDF-SKL-01063|BWANA MKUBWA|CHANDA ESNART|357304/68/1|974120068|MUNKULUN|F|20.0|NORTHERN AUTOMOTIVE CERTIFICATE 1 YEAR NEW|21050.0|2025|APPROVED
NCC-CDF-SKL-01064|BWANA MKUBWA|KALE BEN|634837/61/1|764657664|MUNKULUN|M|20.0|NORTHERN AUTOMOTIVE CERTIFICATE 1 YEAR NEW|21050.0|2025|APPROVED
NCC-CDF-SKL-01065|BWANA MKUBWA|PHILIMON NYIRENDA|561839/61/1|971114629|MUNKULUN|M|21.0|NORTHERN AUTOMOTIVE CERTIFICATE 1 YEAR NEW|21050.0|2025|APPROVED
NCC-CDF-SKL-01066|BWANA MKUBWA|ILUNGA ABBIGAL|119473/36/1|975918214|MUNKULUN|F|34.0|NORTHERN AUTOMOTIVE CERTIFICATE 1 YEAR NEW|21050.0|2025|APPROVED
NCC-CDF-SKL-01067|BWANA MKUBWA|NYONDO JANICE|625975/61/1|767207413|MUNKULUN|F|18.0|NORTHERN ELECTRICAL CERTIFICATE 1 YEAR NEW|21750.0|2025|APPROVED
NCC-CDF-SKL-01068|BWANA MKUBWA|NAMUNYOLA|659496/67/1|762507478|MUNKULUN|F|20.0|NORTHERN ELECTRICAL CERTIFICATE 1 YEAR NEW|21750.0|2025|APPROVED
NCC-CDF-SKL-01069|BWANA MKUBWA|MFULA MABLE|483918/61/1|960238912|MUNKULUN|F|26.0|NORTHERN ELECTRICAL CERTIFICATE 1 YEAR NEW|21750.0|2025|APPROVED
NCC-CDF-SKL-01070|BWANA MKUBWA|MUBITA CHRISTINE|568415/61/1|961838380|MUNKULUN|F|19.0|NORTHERN FASHION DESIGN & CERTIFICATE 1 YEAR NEW|21750.0|2025|APPROVED
NCC-CDF-SKL-01071|BWANA MKUBWA|CHUNGU MONICA|316105/31/1|966991724|MUNKULUN|F|29.0|NORTHERN FASHION DESIGN & CERTIFICATE 1 YEAR NEW|21750.0|2025|APPROVED
NCC-CDF-SKL-01072|BWANA MKUBWA|VICTORIA MFUNI|453359/61/1|772440942|MUNKULUN|F|33.0|NORTHERN FASHION DESIGN & CERTIFICATE 1 YEAR NEW|21750.0|2025|APPROVED
NCC-CDF-SKL-01073|BWANA MKUBWA|CHAONZA THANDIWE|335280/62/1|763404708|MUNKULUN|F|20.0|NORTHERN FOOD PRODUCTION CERTIFICATE 1 YEAR NEW|20575.0|2025|APPROVED
NCC-CDF-SKL-01074|BWANA MKUBWA|NAMBEYA IREEN|637589/61/1|763652006|MUNKULUN|F|20.0|NORTHERN FOOD PRODUCTION CERTIFICATE 1 YEAR NEW|20575.0|2025|APPROVED
NCC-CDF-SKL-01075|BWANA MKUBWA|BWALYA KABWE|580167/61/1|779652781|MUNKULUN|F|21.0|NORTHERN FOOD PRODUCTION CERTIFICATE 1 YEAR NEW|20575.0|2025|APPROVED
NCC-CDF-SKL-01076|BWANA MKUBWA|MULANSHI SARAH|603169/61/1|771543563|MUNKULUN|F|21.0|NORTHERN FOOD PRODUCTION CERTIFICATE 1 YEAR NEW|20575.0|2025|APPROVED
NCC-CDF-SKL-01077|BWANA MKUBWA|CHAYINDA KASWEKA|549464/61/1|760376727|MUNKULUN|F|24.0|NORTHERN FOOD PRODUCTION CERTIFICATE 1 YEAR NEW|20575.0|2025|APPROVED
NCC-CDF-SKL-01078|BWANA MKUBWA|NAMUNKODYA ROYDAH|597721/61/1|772875683|MUNKULUN|F|24.0|NORTHERN FOOD PRODUCTION CERTIFICATE 1 YEAR NEW|20575.0|2025|APPROVED
NCC-CDF-SKL-01079|BWANA MKUBWA|CHALWE RABBECA|318057/62/1|963014873|MUNKULUN|F|25.0|NORTHERN FOOD PRODUCTION CERTIFICATE 1 YEAR NEW|20575.0|2025|APPROVED
NCC-CDF-SKL-01080|BWANA MKUBWA|ZULU SHALON|519678/61/1|960626970|MUNKULUN|F|26.0|NORTHERN FOOD PRODUCTION CERTIFICATE 1 YEAR NEW|20575.0|2025|APPROVED
NCC-CDF-SKL-01081|BWANA MKUBWA|TEMFUMA SHARON|490097/61/1|761257928|MUNKULUN|F|27.0|NORTHERN FOOD PRODUCTION CERTIFICATE 1 YEAR NEW|20575.0|2025|APPROVED
NCC-CDF-SKL-01082|BWANA MKUBWA|PHIRI JAMES|340866/62/1|767034368|MUNKULUN|M|20.0|ROAD RANGE DRIVING ADT DUMP TRUCK CERTIFICATE 1 MONTH NEW|6750.0|2025|APPROVED
NCC-CDF-SKL-01083|BWANA MKUBWA|N'GANDU BENARD|337146/62/1|968886478|MUNKULUN|M|21.0|ROAD RANGE DRIVING ADT DUMP TRUCK CERTIFICATE 1 MONTH NEW|6750.0|2025|APPROVED
NCC-CDF-SKL-01084|BWANA MKUBWA|KACHNGWE NORMAN|619155/61/1|765387073|MUNKULUN|M|22.0|ROAD RANGE DRIVING ADT DUMP TRUCK CERTIFICATE 1 MONTH NEW|6750.0|2025|APPROVED
NCC-CDF-SKL-01085|BWANA MKUBWA|KAMUKWABA RONALD|521611/61/1|979687118|MUNKULUN|M|25.0|ROAD RANGE DRIVING DUMP TRUCK DRIVING CERTIFICATE 1 MONTH NEW|6750.0|2025|APPROVED
NCC-CDF-SKL-01086|BWANA MKUBWA|SIMWINGA HAPPY|545122/61/1|960164870|MUNKULUN|F|25.0|ROAD RANGE DRIVING DUMP TRUCK DRIVING CERTIFICATE 1 MONTH NEW|6750.0|2025|APPROVED
NCC-CDF-SKL-01087|BWANA MKUBWA|MUTUNZI TIMONTHY|307542/62/1|773543009|MUNKULUN|M|29.0|ROAD RANGE DRIVING DUMP TRUCK DRIVING CERTIFICATE 1 MONTH NEW|6750.0|2025|APPROVED
NCC-CDF-SKL-01088|BWANA MKUBWA|MWANGE LEONARD|336485/33/1|771176278|MUNKULUN|M|30.0|ROAD RANGE DRIVING DUMP TRUCK DRIVING CERTIFICATE 1 MONTH NEW|6750.0|2025|APPROVED
NCC-CDF-SKL-01089|BWANA MKUBWA|MBULO BENARD|435116/61/1|963680061|MUNKULUN|M|31.0|ROAD RANGE DRIVING DUMP TRUCK DRIVING CERTIFICATE 1 MONTH NEW|6750.0|2025|APPROVED
NCC-CDF-SKL-01090|BWANA MKUBWA|SIMWINGA CLEMENT|447366/61/1|963479636|MUNKULUN|M|33.0|ROAD RANGE DRIVING DUMP TRUCK DRIVING CERTIFICATE 1 MONTH NEW|6750.0|2025|APPROVED
NCC-CDF-SKL-01091|BWANA MKUBWA|MANDA SYVESTER|350195/62/1|962185792|MUNKULUN|M|17.0|ROAD RANGE DRIVING EXCAVATOR OPERATOR CERTIFICATE 1 MONTH NEW|6750.0|2025|APPROVED
NCC-CDF-SKL-01092|BWANA MKUBWA|MWANDIA ARRON|383646/61/1|961691514|MUNKULUN|M|22.0|ROAD RANGE DRIVING EXCAVATOR OPERATOR CERTIFICATE 1 MONTH NEW|6750.0|2025|APPROVED
NCC-CDF-SKL-01093|BWANA MKUBWA|SICHULA WILBROD|346943/42/1|764125452|MUNKULUN|M|23.0|ROAD RANGE DRIVING EXCAVATOR OPERATOR CERTIFICATE 1 MONTH NEW|6750.0|2025|APPROVED
NCC-CDF-SKL-01094|BWANA MKUBWA|MUNSHYA KINGSLEY|593146/61/1|979705884|MUNKULUN|M|25.0|ROAD RANGE DRIVING EXCAVATOR OPERATOR CERTIFICATE 1 MONTH NEW|6750.0|2025|APPROVED
NCC-CDF-SKL-01095|BWANA MKUBWA|NGULUBE JAMES|498163/61/1|964488046|MUNKULUN|M|27.0|ROAD RANGE DRIVING EXCAVATOR OPERATOR CERTIFICATE 1 MONTH NEW|6750.0|2025|APPROVED
NCC-CDF-SKL-01096|BWANA MKUBWA|KACHINGWE PRECIOUS|511249/61/1|761350067|MUNKULUN|F|28.0|ROAD RANGE DRIVING EXCAVATOR OPERATOR CERTIFICATE 1 MONTH NEW|6750.0|2025|APPROVED
NCC-CDF-SKL-01097|BWANA MKUBWA|KAMPAMPA REUBEN|607656/67/1|764615330|MUNKULUN|M|28.0|ROAD RANGE DRIVING EXCAVATOR OPERATOR CERTIFICATE 1 MONTH NEW|6750.0|2025|APPROVED
NCC-CDF-SKL-01098|BWANA MKUBWA|MKANDU GIVEN|466694/61/1|766301044|MUNKULUN|M|29.0|ROAD RANGE DRIVING EXCAVATOR OPERATOR CERTIFICATE 1 MONTH NEW|6750.0|2025|APPROVED
NCC-CDF-SKL-01099|BWANA MKUBWA|NTELEMUKA CHEMIST|303026/17/1|961532594|MUNKULUN|M|32.0|ROAD RANGE DRIVING EXCAVATOR OPERATOR CERTIFICATE 1 MONTH NEW|6750.0|2025|APPROVED
NCC-CDF-SKL-01100|BWANA MKUBWA|MWICHE BLESSINGS|611364/61/1|765687591|MUNKULUN|F|19.0|ROAD RANGE DRIVING FRONT END LOADER CERTIFICATE 1 MONTH NEW|6750.0|2025|APPROVED
NCC-CDF-SKL-01101|BWANA MKUBWA|MWELWA AGNESS|574851/61/1|764801226|MUNKULUN|F|20.0|ROAD RANGE DRIVING FRONT END LOADER CERTIFICATE 1 MONTH NEW|6750.0|2025|APPROVED
NCC-CDF-SKL-01102|BWANA MKUBWA|KAMUKWAMBA|587911/61/1|765687725|MUNKULUN|F|22.0|ROAD RANGE DRIVING FRONT END LOADER CERTIFICATE 1 MONTH NEW|6750.0|2025|APPROVED
NCC-CDF-SKL-01103|BWANA MKUBWA|MUMA MWILA GILLAN|624436/61/1|964547056|MUNKULUN|M|23.0|ROAD RANGE DRIVING FRONT END LOADER CERTIFICATE 1 MONTH NEW|6750.0|2025|APPROVED
NCC-CDF-SKL-01104|BWANA MKUBWA|MUSUKUMA DANIEL|478494/61/1|961929937|MUNKULUN|M|29.0|ROAD RANGE DRIVING FRONT END LOADER CERTIFICATE 1 MONTH NEW|6750.0|2025|APPROVED
NCC-CDF-SKL-01105|BWANA MKUBWA|CHIFWESA MWANGO|441711/61/1|767132516|MUNKULUN|M|33.0|ROAD RANGE DRIVING FRONT END LOADER CERTIFICATE 1 MONTH NEW|6750.0|2025|APPROVED
NCC-CDF-SKL-01106|BWANA MKUBWA|CHEWE LISTEN|461116/43/1|774991898|MUNKULUN|M|19.0|ROAD SKILLS DRIVING DRIVING CE CERTIFICATE 1 MONTH NEW|4300.0|2025|APPROVED
NCC-CDF-SKL-01107|BWANA MKUBWA|LAMAZANI GABRIEL|623825/61/1|767606246|MUNKULUN|M|19.0|ROAD SKILLS DRIVING DRIVING CE CERTIFICATE 1 MONTH NEW|4300.0|2025|APPROVED
NCC-CDF-SKL-01108|BWANA MKUBWA|CHILUFYA ANGEL|645248/61/1|960191361|MUNKULUN|M|19.0|ROAD SKILLS DRIVING DRIVING CE CERTIFICATE 1 MONTH NEW|4300.0|2025|APPROVED
NCC-CDF-SKL-01109|BWANA MKUBWA|ZAMBALA PATRICIA|613072/61/1|766982858|MUNKULUN|F|20.0|ROAD SKILLS DRIVING DRIVING CE CERTIFICATE 1 MONTH NEW|4300.0|2025|APPROVED
NCC-CDF-SKL-01110|BWANA MKUBWA|KUNDA TRESFORD|335138/62/1|764705334|MUNKULUN|M|21.0|ROAD SKILLS DRIVING DRIVING CE CERTIFICATE 1 MONTH NEW|4300.0|2025|APPROVED
NCC-CDF-SKL-01111|BWANA MKUBWA|CHIBUYE EUGINE|608322/61/1|975496194|MUNKULUN|M|21.0|ROAD SKILLS DRIVING DRIVING CE CERTIFICATE 1 MONTH NEW|4300.0|2025|APPROVED
NCC-CDF-SKL-01112|BWANA MKUBWA|CHITAMBO JOSEPH|620529/61/1|979787291|MUNKULUN|M|21.0|ROAD SKILLS DRIVING DRIVING CE CERTIFICATE 1 MONTH NEW|4300.0|2025|APPROVED
NCC-CDF-SKL-01113|BWANA MKUBWA|PENSULO VINCENT|255015/91/1|973767171|MUNKULUN|M|22.0|ROAD SKILLS DRIVING DRIVING CE CERTIFICATE 1 MONTH NEW|4300.0|2025|APPROVED
NCC-CDF-SKL-01114|BWANA MKUBWA|KALUNGA SYDNEY|335318/62/1|769079006|MUNKULUN|M|22.0|ROAD SKILLS DRIVING DRIVING CE CERTIFICATE 1 MONTH NEW|4300.0|2025|APPROVED
NCC-CDF-SKL-01115|BWANA MKUBWA|MULOBA RICHARD|583140/61/1|769007062|MUNKULUN|M|22.0|ROAD SKILLS DRIVING DRIVING CE CERTIFICATE 1 MONTH NEW|4300.0|2025|APPROVED
NCC-CDF-SKL-01116|BWANA MKUBWA|KAMBASA FREDRICK|335283/62/1|964840366|MUNKULUN|M|22.0|ROAD SKILLS DRIVING DRIVING CE CERTIFICATE 1 MONTH NEW|4300.0|2025|APPROVED
NCC-CDF-SKL-01117|BWANA MKUBWA|FWANYANGA BLESSINGS|512381/61/1|976301192|MUNKULUN|M|24.0|ROAD SKILLS DRIVING DRIVING CE CERTIFICATE 1 MONTH NEW|4300.0|2025|APPROVED
NCC-CDF-SKL-01118|BWANA MKUBWA|SHINKA JOYCE|608528/61/1|962199168|MUNKULUN|F|24.0|ROAD SKILLS DRIVING DRIVING CE CERTIFICATE 1 MONTH NEW|4300.0|2025|APPROVED
NCC-CDF-SKL-01119|BWANA MKUBWA|SIMUKONDA MERCIOUS|546759/61/1|963437045|MUNKULUN|M|24.0|ROAD SKILLS DRIVING DRIVING CE CERTIFICATE 1 MONTH NEW|4300.0|2025|APPROVED
NCC-CDF-SKL-01120|BWANA MKUBWA|MITI JACSON|552375/61/1|768893530|MUNKULUN|M|24.0|ROAD SKILLS DRIVING DRIVING CE CERTIFICATE 1 MONTH NEW|4300.0|2025|APPROVED
NCC-CDF-SKL-01121|BWANA MKUBWA|MBUNDA CHEMBO|335434/62/1|968893465|MUNKULUN|M|24.0|ROAD SKILLS DRIVING DRIVING CE CERTIFICATE 1 MONTH NEW|4300.0|2025|APPROVED
NCC-CDF-SKL-01122|BWANA MKUBWA|MULIKITA DAVIES|323331/62/1|768405478|MUNKULUN|M|25.0|ROAD SKILLS DRIVING DRIVING CE CERTIFICATE 1 MONTH NEW|4300.0|2025|APPROVED
NCC-CDF-SKL-01123|BWANA MKUBWA|SIMON NGANDU|418580/16/1|969613048|MUNKULUN|M|25.0|ROAD SKILLS DRIVING DRIVING CE CERTIFICATE 1 MONTH NEW|4300.0|2025|APPROVED
NCC-CDF-SKL-01124|BWANA MKUBWA|KUNDA KENNEDY|318204/62/1|968763960|MUNKULUN|M|28.0|ROAD SKILLS DRIVING DRIVING CE CERTIFICATE 1 MONTH NEW|4300.0|2025|APPROVED
NCC-CDF-SKL-01125|BWANA MKUBWA|MULUBA EMMANUEL|475398/61/1|967799324|MUNKULUN|M|28.0|ROAD SKILLS DRIVING DRIVING CE CERTIFICATE 1 MONTH NEW|4300.0|2025|APPROVED
NCC-CDF-SKL-01126|BWANA MKUBWA|MUSONDA GILBERT|318156/62/1|968508213|MUNKULUN|M|28.0|ROAD SKILLS DRIVING DRIVING CE CERTIFICATE 1 MONTH NEW|4300.0|2025|APPROVED
NCC-CDF-SKL-01127|BWANA MKUBWA|MOFFAT ZULU|472116/61/1|771967567|MUNKULUN|M|29.0|ROAD SKILLS DRIVING DRIVING CE CERTIFICATE 1 MONTH NEW|4300.0|2025|APPROVED
NCC-CDF-SKL-01128|BWANA MKUBWA|MWALE DALINGTON|281651/13/1|770395228|MUNKULUN|M|29.0|ROAD SKILLS DRIVING DRIVING CE CERTIFICATE 1 MONTH NEW|4300.0|2025|APPROVED
NCC-CDF-SKL-01129|BWANA MKUBWA|LYUNI JOSPHAT|427113/61/1|769445391|MUNKULUN|M|32.0|ROAD SKILLS DRIVING DRIVING CE CERTIFICATE 1 MONTH NEW|4300.0|2025|APPROVED
NCC-CDF-SKL-01130|BWANA MKUBWA|MIANGO BUPE|314450/62/1|967752632|MUNKULUN|M|33.0|ROAD SKILLS DRIVING DRIVING CE CERTIFICATE 1 MONTH NEW|4300.0|2025|APPROVED
NCC-CDF-SKL-01131|BWANA MKUBWA|KANYAKULA ROYDAH|423350/61/1|966776595|MUNKULUN|F|34.0|ROAD SKILLS DRIVING DRIVING CE CERTIFICATE 1 MONTH NEW|4300.0|2025|APPROVED
NCC-CDF-SKL-01132|BWANA MKUBWA|SINKALA PETHIAS|577990/61/1|770187386|MUNKULUN|M|34.0|ROAD SKILLS DRIVING DRIVING CE CERTIFICATE 1 MONTH NEW|4300.0|2025|APPROVED
NCC-CDF-SKL-01133|BWANA MKUBWA|CHISENGA HOPE|559217/61/1|964441759|MUNKULUN|M|23.0|ZAMBIA UNIVERSITY DIPLOMA IN ELECTRICAL DIPLOMA 3 YEARS RETURNIN|8400.0|2025|APPROVED
NCC-CDF-SKL-01134|BWANA MKUBWA|JOAN MAKULIKA|903694/10/1|770792124|MUNKULUN|F|18.0|ZAMBIA UNIVERSITY DIPLOMA IN DIPLOMA 3 YEARS RETURNIN|16400.0|2025|APPROVED
NCC-CDF-SKL-01135|BWANA MKUBWA|ALICE MULENGA|519654/61/1|968554640|MUNKULUN|F|27.0|ZAMBIA UNIVERSITY DIPLOMA IN DIPLOMA 3 YEARS RETURNIN|8400.0|2025|APPROVED
NCC-CDF-SKL-01136|BWANA MKUBWA|MUCHINDU EDITH|631761/61/1|961289691|MUSHILI|M|19.0|GEMSTONE PROCESSING GERMSTONE CUTING CERTIFICATE 1 YEAR NEW|4720.0|2025|APPROVED
NCC-CDF-SKL-01137|BWANA MKUBWA|SIKAONGA RAPHAEL|574264/61/1|965412608|MUSHILI|M|21.0|GEMSTONE PROCESSING GERMSTONE CUTING CERTIFICATE 1 YEAR NEW|4720.0|2025|APPROVED
NCC-CDF-SKL-01138|BWANA MKUBWA|NYIRENDA MIKE|619943/61/1|764012937|MUSHILI|M|21.0|GEMSTONE PROCESSING GERMSTONE CUTING CERTIFICATE 1 YEAR NEW|4720.0|2025|APPROVED
NCC-CDF-SKL-01139|BWANA MKUBWA|CHIPULU ANGELA|288701/17/1|972312463|MUSHILI|F|23.0|GEMSTONE PROCESSING GERMSTONE CUTING CERTIFICATE 1 YEAR NEW|4720.0|2025|APPROVED
NCC-CDF-SKL-01140|BWANA MKUBWA|PHIRI AGNESS|350137/68/1|777671679|MUSHILI|F|24.0|GEMSTONE PROCESSING GERMSTONE CUTING CERTIFICATE 1 YEAR NEW|4720.0|2025|APPROVED
NCC-CDF-SKL-01141|BWANA MKUBWA|SITAMBULI LAUREN|553764/61/1|777460408|MUSHILI|F|24.0|GEMSTONE PROCESSING GERMSTONE CUTING CERTIFICATE 1 YEAR NEW|4720.0|2025|APPROVED
NCC-CDF-SKL-01142|BWANA MKUBWA|MULWILE KUNDA|367268/64/1|765094282|MUSHILI|F|25.0|GEMSTONE PROCESSING GERMSTONE CUTING CERTIFICATE 1 YEAR NEW|4720.0|2025|APPROVED
NCC-CDF-SKL-01143|BWANA MKUBWA|NAWINGWA THELMA|384463/61/1|760286814|MUSHILI|F|25.0|GEMSTONE PROCESSING GERMSTONE CUTING CERTIFICATE 1 YEAR NEW|4720.0|2025|APPROVED
NCC-CDF-SKL-01144|BWANA MKUBWA|MULENGA PRISCILLA|366692/64/1|762571193|MUSHILI|M|25.0|GEMSTONE PROCESSING GERMSTONE CUTING CERTIFICATE 1 YEAR NEW|4720.0|2025|APPROVED
NCC-CDF-SKL-01145|BWANA MKUBWA|MWANJE VICTORIA|282149/12/1|972302115|MUSHILI|F|26.0|GEMSTONE PROCESSING GERMSTONE CUTING CERTIFICATE 1 YEAR NEW|4720.0|2025|APPROVED
NCC-CDF-SKL-01146|BWANA MKUBWA|KATEMA KELVIN|512150/61/1|973656078|MUSHILI|M|26.0|GEMSTONE PROCESSING GERMSTONE CUTING CERTIFICATE 1 YEAR NEW|4720.0|2025|APPROVED
NCC-CDF-SKL-01147|BWANA MKUBWA|MWANSA KELVIN|548869/61/1|976657486|MUSHILI|M|26.0|GEMSTONE PROCESSING GERMSTONE CUTING CERTIFICATE 1 YEAR NEW|4720.0|2025|APPROVED
NCC-CDF-SKL-01148|BWANA MKUBWA|MBALUSHI WACHINGA|512560/61/1|972807273|MUSHILI|M|27.0|GEMSTONE PROCESSING GERMSTONE CUTING CERTIFICATE 1 YEAR NEW|4720.0|2025|APPROVED
NCC-CDF-SKL-01149|BWANA MKUBWA|NAMUKOKO MONICA|457988/61/1|965479790|MUSHILI|F|30.0|GEMSTONE PROCESSING GERMSTONE CUTING CERTIFICATE 1 YEAR NEW|4720.0|2025|APPROVED
NCC-CDF-SKL-01150|BWANA MKUBWA|MWABA|342569/66/1|772633286|MUSHILI|M|30.0|GEMSTONE PROCESSING GERMSTONE CUTING CERTIFICATE 1 YEAR NEW|4720.0|2025|APPROVED
NCC-CDF-SKL-01151|BWANA MKUBWA|MUYEMBE JOSEPH|459634/61/1|766185184|MUSHILI|M|30.0|GEMSTONE PROCESSING GERMSTONE CUTING CERTIFICATE 1 YEAR NEW|4720.0|2025|APPROVED
NCC-CDF-SKL-01152|BWANA MKUBWA|MUYEMBE FRANK|459635/61/1|761701605|MUSHILI|M|30.0|GEMSTONE PROCESSING GERMSTONE CUTING CERTIFICATE 1 YEAR NEW|4720.0|2025|APPROVED
NCC-CDF-SKL-01153|BWANA MKUBWA|MUTALE VENUS|509184/24/1|950712127|MUSHILI|M|33.0|GEMSTONE PROCESSING GERMSTONE CUTING CERTIFICATE 1 YEAR NEW|4720.0|2025|APPROVED
NCC-CDF-SKL-01154|BWANA MKUBWA|LWAMBA MERCY|604612/61/1|964276255|MUSHILI|F|22.0|KABUSHI GENERAL HOSPITALITY CERTIFICATE 1 YEAR NEW|8000.0|2025|APPROVED
NCC-CDF-SKL-01155|BWANA MKUBWA|MIKWALA NORAH|561765/61/1|771178940|MUSHILI|M|22.0|KABUSHI GENERAL HOSPITALITY CERTIFICATE 1 YEAR NEW|8000.0|2025|APPROVED
NCC-CDF-SKL-01156|BWANA MKUBWA|CHIRWA ANGELA|546764/61/1|975851481|MUSHILI|F|24.0|KABUSHI GENERAL HOSPITALITY CERTIFICATE 1 YEAR NEW|8000.0|2025|APPROVED
NCC-CDF-SKL-01157|BWANA MKUBWA|MACHICHI GRACE|587898/61/1|762268041|MUSHILI|F|31.0|KABUSHI GENERAL HOSPITALITY CERTIFICATE 1 YEAR NEW|8000.0|2025|APPROVED
NCC-CDF-SKL-01158|BWANA MKUBWA|KUNDA MELODY|535871/67/1|761537398|MUSHILI|M|25.0|KABUSHI HAIRDRESSING & CERTIFICATE 1 YEAR NEW|5400.0|2025|APPROVED
NCC-CDF-SKL-01159|BWANA MKUBWA|BUPE NYIRENDA|567960/61/1|771315068|MUSHILI|M|21.0|LUSAKA BUSINESS & DIPLOMA IN ELECTRICAL DIPLOMA 3 YEARS RETURNIN|6860.0|2025|APPROVED
NCC-CDF-SKL-01160|BWANA MKUBWA|MBOBOLA OSCAR|570017/61/1|770102498|MUSHILI|M|26.0|MUSHILI SKILLS BRICKLAYING AND CERTIFICATE 1 YEAR NEW|4100.0|2025|APPROVED
NCC-CDF-SKL-01161|BWANA MKUBWA|MWAMBAZI|367970/42/1|972993306|MUSHILI|M|19.0|MUSHILI SKILLS CARPENTRY AND CERTIFICATE 1 YEAR NEW|4100.0|2025|APPROVED
NCC-CDF-SKL-01162|BWANA MKUBWA|CHANSA VIOLET|554690/61/1|767053475|MUSHILI|F|22.0|MUSHILI SKILLS GENERAL HOSPITALITITY CERTIFICATE 1 YEAR NEW|4100.0|2025|APPROVED
NCC-CDF-SKL-01163|BWANA MKUBWA|BWALYA EMILY|621698/61/1|960252891|MUSHILI|M|18.0|MUSHILI SKILLS GENERAL HOSPITALITY CERTIFICATE 1 YEAR NEW|4100.0|2025|APPROVED
NCC-CDF-SKL-01164|BWANA MKUBWA|MULENGA CATHERINE|633396/61/1|763244097|MUSHILI|F|18.0|MUSHILI SKILLS GENERAL HOSPITALITY CERTIFICATE 1 YEAR NEW|4100.0|2025|APPROVED
NCC-CDF-SKL-01165|BWANA MKUBWA|KAZEZE ANASTASIA|637565/61/1|762236580|MUSHILI|F|19.0|MUSHILI SKILLS GENERAL HOSPITALITY CERTIFICATE 1 YEAR NEW|4100.0|2025|APPROVED
NCC-CDF-SKL-01166|BWANA MKUBWA|MWITA ANNIE|589598/61/1|766477052|MUSHILI|F|21.0|MUSHILI SKILLS GENERAL HOSPITALITY CERTIFICATE 1 YEAR NEW|4100.0|2025|APPROVED
NCC-CDF-SKL-01167|BWANA MKUBWA|CHALWE FENISTASIA|559259/61/1|760936026|MUSHILI|F|23.0|MUSHILI SKILLS GENERAL HOSPITALITY CERTIFICATE 1 YEAR NEW|4100.0|2025|APPROVED
NCC-CDF-SKL-01168|BWANA MKUBWA|GONDWE LISTER|578577/61/1|972224023|MUSHILI|F|24.0|MUSHILI SKILLS GENERAL HOSPITALITY CERTIFICATE 1 YEAR NEW|4100.0|2025|APPROVED
NCC-CDF-SKL-01169|BWANA MKUBWA|KABWE LEVYSON|571389/61/1|763414681|MUSHILI|M|24.0|MUSHILI SKILLS GENERAL HOSPITALITY CERTIFICATE 1 YEAR NEW|4100.0|2025|APPROVED
NCC-CDF-SKL-01170|BWANA MKUBWA|MWENDA ELIZABATH|537255/61/1|972116245|MUSHILI|F|26.0|MUSHILI SKILLS GENERAL HOSPITALITY CERTIFICATE 1 YEAR NEW|4100.0|2025|APPROVED
NCC-CDF-SKL-01171|BWANA MKUBWA|MUHANGO SERAH|476072/61/1|777420640|MUSHILI|F|28.0|MUSHILI SKILLS GENERAL HOSPITALITY CERTIFICATE 1 YEAR NEW|4100.0|2025|APPROVED
NCC-CDF-SKL-01172|BWANA MKUBWA|CHIKONTWE MWEMA|459124/61/1|971725977|MUSHILI|M|29.0|MUSHILI SKILLS GENERAL HOSPITALITY CERTIFICATE 1 YEAR NEW|4100.0|2025|APPROVED
NCC-CDF-SKL-01173|BWANA MKUBWA|MUMBA ANNIE|476075/61/1|974080323|MUSHILI|F|31.0|MUSHILI SKILLS GENERAL HOSPITALITY CERTIFICATE 1 YEAR NEW|4100.0|2025|APPROVED
NCC-CDF-SKL-01174|BWANA MKUBWA|CHIFITA EXILDAH|370961/16/1|764725854|MUSHILI|F|34.0|MUSHILI SKILLS GENERAL HOSPITALITY CERTIFICATE 1 YEAR NEW|4100.0|2025|APPROVED
NCC-CDF-SKL-01175|BWANA MKUBWA|MWAPE ISAAC|256452/91/1|771427391|MUSHILI|M|20.0|NKUMBI DIPLOMA IN DIPLOMA 3 YEARS NEW|22510.0|2025|APPROVED
NCC-CDF-SKL-01176|BWANA MKUBWA|CHRISTINE MUKUKA|221782/91/1|770474676|MUSHILI|F|26.0|NKUMBI DIPLOMA IN DIPLOMA 3 YEARS NEW|22510.0|2025|APPROVED
NCC-CDF-SKL-01177|BWANA MKUBWA|BANDA GLORIA|373868/66/1|760351089|MUSHILI|M|25.0|NORTEC CERTIFICATE IN HEAVY CERTIFICATE 2 YEARS NEW|8700.0|2025|APPROVED
NCC-CDF-SKL-01178|BWANA MKUBWA|JACOB PHIRI|615247/61/1|972107212|MUSHILI|M|24.0|NORTEC CRAFT CERTIFICATE IN CERTIFICATE 2 YEARS NEW|8700.0|2025|APPROVED
NCC-CDF-SKL-01179|BWANA MKUBWA|ROVAH MWILA FAITH|619961/61/1|979600138|MUSHILI|F|18.0|NORTEC CRAFT IN HEAVY CERTIFICATE 2 YEARS NEW|8700.0|2025|APPROVED
NCC-CDF-SKL-01180|BWANA MKUBWA|WAMUNYIMA MUNDIA|370499/82/1|978708171|MUSHILI|M|22.0|NORTEC DIPLOMA IN ELECTRICAL DIPLOMA 3 YEARS NEW|8700.0|2025|APPROVED
NCC-CDF-SKL-01181|BWANA MKUBWA|SOKO LLOYD|588114/61/1|769417378|MUSHILI|M|22.0|NORTEC DIPLOMA IN HEAVY DIPLOMA 3 YEARS NEW|8700.0|2025|APPROVED
NCC-CDF-SKL-01182|BWANA MKUBWA|KAMONA MALUNGO|623530/61/1|979120263|MUSHILI|F|19.0|NORTEC DIPLOMA IN HEAVY DIPLOMA 3 YEARS NEW|8700.0|2025|APPROVED
NCC-CDF-SKL-01183|BWANA MKUBWA|KABILA RACHEAL|626027/61/1|765086346|MUSHILI|F|19.0|NORTEC DIPLOMA IN DIPLOMA 3 YEARS RETURNIN|8700.0|2025|APPROVED
NCC-CDF-SKL-01184|BWANA MKUBWA|SAKALUNDA ANTHONY|616418/61/1|773247204|MUSHILI|M|20.0|NORTEC DIPLOMA IN DIPLOMA 3 YEARS RETURNIN|8700.0|2025|APPROVED
NCC-CDF-SKL-01185|BWANA MKUBWA|CHANSA CHIBWE|632901/61/1|961594494|MUSHILI|M|19.0|NORTEC TRADE TEST IN HEAVY CERTIFICATE 1 YEAR NEW|8700.0|2025|APPROVED
NCC-CDF-SKL-01186|BWANA MKUBWA|NAMBELA TOTELANJI|618311/61/1|962317681|MUSHILI|M|19.0|NORTEC TRADE TEST IN HEAVY CERTIFICATE 1 YEAR NEW|8700.0|2025|APPROVED
NCC-CDF-SKL-01187|BWANA MKUBWA|MWIMBI SALAYIM|622837/61/1|779647068|MUSHILI|F|20.0|NORTHERN AUTOMOTIVE CERTIFICATE 1 YEAR NEW|25550.0|2025|APPROVED
NCC-CDF-SKL-01188|BWANA MKUBWA|KUMWENDA AMOS|394076/64/1|771175504|MUSHILI|M|20.0|NORTHERN AUTOMOTIVE CERTIFICATE 1 YEAR NEW|25550.0|2025|APPROVED
NCC-CDF-SKL-01189|BWANA MKUBWA|KUNDA AARON|615027/61/1|771327148|MUSHILI|M|21.0|NORTHERN AUTOMOTIVE CERTIFICATE 1 YEAR NEW|25550.0|2025|APPROVED
NCC-CDF-SKL-01190|BWANA MKUBWA|VENANCIO MWANZA|519478/61/1|965568694|MUSHILI|M|26.0|NORTHERN AUTOMOTIVE CERTIFICATE 1 YEAR NEW|25550.0|2025|APPROVED
NCC-CDF-SKL-01191|BWANA MKUBWA|MWANSA TIONGE|532814/67/1|951852421|MUSHILI|M|30.0|NORTHERN AUTOMOTIVE CERTIFICATE 1 YEAR NEW|25550.0|2025|APPROVED
NCC-CDF-SKL-01192|BWANA MKUBWA|MWENYA MONICA|613657/61/1|765492544|MUSHILI|F|19.0|NORTHERN AUTOMOTIVE CERTIFICATE 1 YEAR NEW|21050.0|2025|APPROVED
NCC-CDF-SKL-01193|BWANA MKUBWA|NYIRONOGO ROGERS|595047/61/1|761391115|MUSHILI|M|21.0|NORTHERN AUTOMOTIVE CERTIFICATE 1 YEAR NEW|21050.0|2025|APPROVED
NCC-CDF-SKL-01194|BWANA MKUBWA|BWALYA BASIL|574189/61/1|763655299|MUSHILI|M|22.0|NORTHERN AUTOMOTIVE CERTIFICATE 1 YEAR NEW|21050.0|2025|APPROVED
NCC-CDF-SKL-01195|BWANA MKUBWA|BOWA DANNY|595779/61/1|765855212|MUSHILI|M|22.0|NORTHERN AUTOMOTIVE CERTIFICATE 1 YEAR NEW|21050.0|2025|APPROVED
NCC-CDF-SKL-01196|BWANA MKUBWA|PHIRI ROBERT|599514/61/1|968941858|MUSHILI|M|22.0|NORTHERN AUTOMOTIVE CERTIFICATE 1 YEAR NEW|21050.0|2025|APPROVED
NCC-CDF-SKL-01197|BWANA MKUBWA|PHIRI STELLA|540865/61/1|777369685|MUSHILI|F|24.0|NORTHERN AUTOMOTIVE CERTIFICATE 1 YEAR NEW|21050.0|2025|APPROVED
NCC-CDF-SKL-01198|BWANA MKUBWA|BWALE RICHARD|537979/61/1|962417162|MUSHILI|M|24.0|NORTHERN AUTOMOTIVE CERTIFICATE 1 YEAR NEW|21050.0|2025|APPROVED
NCC-CDF-SKL-01199|BWANA MKUBWA|KUBOKO DIANA|481658/61/1|973225825|MUSHILI|F|28.0|NORTHERN AUTOMOTIVE CERTIFICATE 1 YEAR NEW|21050.0|2025|APPROVED
NCC-CDF-SKL-01200|BWANA MKUBWA|MUKUKA AGNESS|406549/61/1|977474361|MUSHILI|M|34.0|NORTHERN AUTOMOTIVE CERTIFICATE 1 YEAR NEW|21050.0|2025|APPROVED
NCC-CDF-SKL-01201|BWANA MKUBWA|CHANSA JOHN|543025/61/1|779809710|MUSHILI|M|27.0|NORTHERN BRICKLAYING & CERTIFICATE 1 YEAR NEW|20330.0|2025|APPROVED
NCC-CDF-SKL-01202|BWANA MKUBWA|SAKALA MARY|579733/61/1|974820367|MUSHILI|F|21.0|NORTHERN ELECTRICAL CERTIFICATE 1 YEAR NEW|21750.0|2025|APPROVED
NCC-CDF-SKL-01203|BWANA MKUBWA|CHALWE DAVID|580508/61/1|969690694|MUSHILI|M|21.0|NORTHERN ELECTRICAL CERTIFICATE 1 YEAR NEW|21750.0|2025|APPROVED
NCC-CDF-SKL-01204|BWANA MKUBWA|GLADYS CHISENGA|590023/61/1|768656813|MUSHILI|F|21.0|NORTHERN ELECTRICAL CERTIFICATE 1 YEAR NEW|21750.0|2025|APPROVED
NCC-CDF-SKL-01205|BWANA MKUBWA|BWALYA PETER|557078/61/1|768890441|MUSHILI|M|22.0|NORTHERN ELECTRICAL CERTIFICATE 1 YEAR NEW|21750.0|2025|APPROVED
NCC-CDF-SKL-01206|BWANA MKUBWA|GWANU MAPALO|568532/61/1|971965065|MUSHILI|F|23.0|NORTHERN ELECTRICAL CERTIFICATE 1 YEAR NEW|21750.0|2025|APPROVED
NCC-CDF-SKL-01207|BWANA MKUBWA|CHOLA NICTOR|343175/66/1|969865565|MUSHILI|M|30.0|NORTHERN ELECTRICAL CERTIFICATE 1 YEAR NEW|21750.0|2025|APPROVED
NCC-CDF-SKL-01208|BWANA MKUBWA|MULENGA PRECIOUS|395512/11/1|776120700|MUSHILI|F|34.0|NORTHERN FASHION DESIGN & CERTIFICATE 1 YEAR NEW|21750.0|2025|APPROVED
NCC-CDF-SKL-01209|BWANA MKUBWA|SAMPA BEATRICE|637406/61/1|966052372|MUSHILI|F|19.0|NORTHERN FOOD PRODUCTION CERTIFICATE 1 YEAR NEW|20575.0|2025|APPROVED
NCC-CDF-SKL-01210|BWANA MKUBWA|ASTRIDA NGOSA|128161/37/1|975832650|MUSHILI|F|20.0|NORTHERN FOOD PRODUCTION CERTIFICATE 1 YEAR NEW|20575.0|2025|APPROVED
NCC-CDF-SKL-01211|BWANA MKUBWA|MWANSA ESTHER|574861/61/1|974494222|MUSHILI|F|20.0|NORTHERN FOOD PRODUCTION CERTIFICATE 1 YEAR NEW|20575.0|2025|APPROVED
NCC-CDF-SKL-01212|BWANA MKUBWA|MUSONDA MATILDAH|580637/61/1|962646401|MUSHILI|F|20.0|NORTHERN FOOD PRODUCTION CERTIFICATE 1 YEAR NEW|20575.0|2025|APPROVED
NCC-CDF-SKL-01213|BWANA MKUBWA|SAKALA DYNESS|619542/61/1|967016590|MUSHILI|F|21.0|NORTHERN FOOD PRODUCTION CERTIFICATE 1 YEAR NEW|20575.0|2025|APPROVED
NCC-CDF-SKL-01214|BWANA MKUBWA|CHABOOLA ANNAH|394833/73/1|779214605|MUSHILI|F|24.0|NORTHERN FOOD PRODUCTION CERTIFICATE 1 YEAR NEW|20575.0|2025|APPROVED
NCC-CDF-SKL-01215|BWANA MKUBWA|KASONGO PROSPER|587275/61/1|964657594|MUSHILI|M|23.0|NORTHERN METAL FABRICATION CERTIFICATE 1 YEAR NEW|25550.0|2025|APPROVED
NCC-CDF-SKL-01216|BWANA MKUBWA|MWANSA KALUNGA|453579/61/1|978091391|MUSHILI|M|31.0|NORTHERN METAL FABRICATION CERTIFICATE 1 YEAR NEW|25550.0|2025|APPROVED
NCC-CDF-SKL-01217|BWANA MKUBWA|MWALE MALAMA|611663/61/1|975219606|MUSHILI|M|17.0|PASCAL INSTITUTE OF DUMP TRUCK DRIVING CERTIFICATE 1 MONTH NEW|6750.0|2025|APPROVED
NCC-CDF-SKL-01218|BWANA MKUBWA|PINDU MARGRET|347935/62/1|972754542|MUSHILI|F|19.0|PASCAL INSTITUTE OF DUMP TRUCK DRIVING CERTIFICATE 1 MONTH NEW|6750.0|2025|APPROVED
NCC-CDF-SKL-01219|BWANA MKUBWA|MWALE HENRY|629984/61/1|961684982|MUSHILI|M|19.0|PASCAL INSTITUTE OF DUMP TRUCK DRIVING CERTIFICATE 1 MONTH NEW|6750.0|2025|APPROVED
NCC-CDF-SKL-01220|BWANA MKUBWA|TEMBO VICTOR|633911/61/1|979316239|MUSHILI|M|19.0|PASCAL INSTITUTE OF DUMP TRUCK DRIVING CERTIFICATE 1 MONTH NEW|6750.0|2025|APPROVED
NCC-CDF-SKL-01221|BWANA MKUBWA|BANDA WILLIAM|637384/61/1|976839137|MUSHILI|M|19.0|PASCAL INSTITUTE OF DUMP TRUCK DRIVING CERTIFICATE 1 MONTH NEW|6750.0|2025|APPROVED
NCC-CDF-SKL-01222|BWANA MKUBWA|KASUBA PAUL|642374/61/1|969831402|MUSHILI|M|19.0|PASCAL INSTITUTE OF DUMP TRUCK DRIVING CERTIFICATE 1 MONTH NEW|6750.0|2025|APPROVED
NCC-CDF-SKL-01223|BWANA MKUBWA|CHIPESHI JOSEPH|642483/61/1|974322248|MUSHILI|M|19.0|PASCAL INSTITUTE OF DUMP TRUCK DRIVING CERTIFICATE 1 MONTH NEW|6750.0|2025|APPROVED
NCC-CDF-SKL-01224|BWANA MKUBWA|LUSAPI GRACE|616248/61/1|970228124|MUSHILI|F|20.0|PASCAL INSTITUTE OF DUMP TRUCK DRIVING CERTIFICATE 1 MONTH NEW|6750.0|2025|APPROVED
NCC-CDF-SKL-01225|BWANA MKUBWA|CHANDA PETHIAS|617027/61/1|763156829|MUSHILI|M|20.0|PASCAL INSTITUTE OF DUMP TRUCK DRIVING CERTIFICATE 1 MONTH NEW|6750.0|2025|APPROVED
NCC-CDF-SKL-01226|BWANA MKUBWA|PHIRI CHIPEGO MARTIN|622344/61/1|964677539|MUSHILI|M|20.0|PASCAL INSTITUTE OF DUMP TRUCK DRIVING CERTIFICATE 1 MONTH NEW|6750.0|2025|APPROVED
NCC-CDF-SKL-01227|BWANA MKUBWA|SAKALA BETHYSHEBA|202875/19/1|978482281|MUSHILI|F|21.0|PASCAL INSTITUTE OF DUMP TRUCK DRIVING CERTIFICATE 1 MONTH NEW|6750.0|2025|APPROVED
NCC-CDF-SKL-01228|BWANA MKUBWA|MWEWA BENJAMIN|105772/38/1|975868176|MUSHILI|M|21.0|PASCAL INSTITUTE OF DUMP TRUCK DRIVING CERTIFICATE 1 MONTH NEW|6750.0|2025|APPROVED
NCC-CDF-SKL-01229|BWANA MKUBWA|MILAMBO MIKE|174007/69/1|760763263|MUSHILI|M|21.0|PASCAL INSTITUTE OF DUMP TRUCK DRIVING CERTIFICATE 1 MONTH NEW|6750.0|2025|APPROVED
NCC-CDF-SKL-01230|BWANA MKUBWA|MFULA BRIGHT|394829/73/1|770232619|MUSHILI|M|21.0|PASCAL INSTITUTE OF DUMP TRUCK DRIVING CERTIFICATE 1 MONTH NEW|6750.0|2025|APPROVED
NCC-CDF-SKL-01231|BWANA MKUBWA|BANDA JKONDWANI|478020/16/1|771101248|MUSHILI|M|21.0|PASCAL INSTITUTE OF DUMP TRUCK DRIVING CERTIFICATE 1 MONTH NEW|6750.0|2025|APPROVED
NCC-CDF-SKL-01232|BWANA MKUBWA|GONDWE BAKALI|569760/61/1|969859751|MUSHILI|M|21.0|PASCAL INSTITUTE OF DUMP TRUCK DRIVING CERTIFICATE 1 MONTH NEW|6750.0|2025|APPROVED
NCC-CDF-SKL-01233|BWANA MKUBWA|MUTEMBO SHIKAINDE|571943/61/1|962092494|MUSHILI|M|21.0|PASCAL INSTITUTE OF DUMP TRUCK DRIVING CERTIFICATE 1 MONTH NEW|6750.0|2025|APPROVED
NCC-CDF-SKL-01234|BWANA MKUBWA|CHIPANAMA ALICE|619771/61/1|973567862|MUSHILI|F|22.0|PASCAL INSTITUTE OF DUMP TRUCK DRIVING CERTIFICATE 1 MONTH NEW|6750.0|2025|APPROVED
NCC-CDF-SKL-01235|BWANA MKUBWA|KAFWETA NICKSON|568274/61/1|968433072|MUSHILI|M|22.0|PASCAL INSTITUTE OF DUMP TRUCK DRIVING CERTIFICATE 1 MONTH NEW|6750.0|2025|APPROVED
NCC-CDF-SKL-01236|BWANA MKUBWA|KAKWELE KENNY|581013/61/1|776304133|MUSHILI|M|22.0|PASCAL INSTITUTE OF DUMP TRUCK DRIVING CERTIFICATE 1 MONTH NEW|6750.0|2025|APPROVED
NCC-CDF-SKL-01237|BWANA MKUBWA|MADICHI NICHOLAS|581927/61/1|960398172|MUSHILI|M|22.0|PASCAL INSTITUTE OF DUMP TRUCK DRIVING CERTIFICATE 1 MONTH NEW|6750.0|2025|APPROVED
NCC-CDF-SKL-01238|BWANA MKUBWA|NDEBELE JAMES|619862/61/1|774033292|MUSHILI|M|22.0|PASCAL INSTITUTE OF DUMP TRUCK DRIVING CERTIFICATE 1 MONTH NEW|6750.0|2025|APPROVED
NCC-CDF-SKL-01239|BWANA MKUBWA|KALUMBA NICHOLAS|620808/61/1|966990931|MUSHILI|M|22.0|PASCAL INSTITUTE OF DUMP TRUCK DRIVING CERTIFICATE 1 MONTH NEW|6750.0|2025|APPROVED
NCC-CDF-SKL-01240|BWANA MKUBWA|MULENGA MWAMBA|551072/61/1|771678216|MUSHILI|M|22.0|PASCAL INSTITUTE OF DUMP TRUCK DRIVING CERTIFICATE 1 MONTH NEW|6750.0|2025|APPROVED
NCC-CDF-SKL-01241|BWANA MKUBWA|DANIEL BWALYA|608080/61/1|979098683|MUSHILI|M|23.0|PASCAL INSTITUTE OF DUMP TRUCK DRIVING CERTIFICATE 1 MONTH NEW|6750.0|2025|APPROVED
NCC-CDF-SKL-01242|BWANA MKUBWA|LILIAS CHISHIMBA|572633/61/1|974500396|MUSHILI|F|23.0|PASCAL INSTITUTE OF DUMP TRUCK DRIVING CERTIFICATE 1 MONTH NEW|6750.0|2025|APPROVED
NCC-CDF-SKL-01243|BWANA MKUBWA|SILWIMBA FRANCIS|544858/61/1|966195100|MUSHILI|M|23.0|PASCAL INSTITUTE OF DUMP TRUCK DRIVING CERTIFICATE 1 MONTH NEW|6750.0|2025|APPROVED
NCC-CDF-SKL-01244|BWANA MKUBWA|MWAPE DAVID|554835/61/1|972107415|MUSHILI|M|23.0|PASCAL INSTITUTE OF DUMP TRUCK DRIVING CERTIFICATE 1 MONTH NEW|6750.0|2025|APPROVED
NCC-CDF-SKL-01245|BWANA MKUBWA|MULENGA EVANS|560663/61/1|771167535|MUSHILI|M|23.0|PASCAL INSTITUTE OF DUMP TRUCK DRIVING CERTIFICATE 1 MONTH NEW|6750.0|2025|APPROVED
NCC-CDF-SKL-01246|BWANA MKUBWA|SIBONGANI DOMINIC|581068/61/1|772639604|MUSHILI|M|23.0|PASCAL INSTITUTE OF DUMP TRUCK DRIVING CERTIFICATE 1 MONTH NEW|6750.0|2025|APPROVED
NCC-CDF-SKL-01247|BWANA MKUBWA|HABANYAMA HENDRIX|302411/13/1|779304161|MUSHILI|M|24.0|PASCAL INSTITUTE OF DUMP TRUCK DRIVING CERTIFICATE 1 MONTH NEW|6750.0|2025|APPROVED
NCC-CDF-SKL-01248|BWANA MKUBWA|NAMAKONDO WARREN|547512/61/1|962198699|MUSHILI|M|24.0|PASCAL INSTITUTE OF DUMP TRUCK DRIVING CERTIFICATE 1 MONTH NEW|6750.0|2025|APPROVED
NCC-CDF-SKL-01249|BWANA MKUBWA|DAKA EMMANUEL|548306/61/1|772222014|MUSHILI|M|24.0|PASCAL INSTITUTE OF DUMP TRUCK DRIVING CERTIFICATE 1 MONTH NEW|6750.0|2025|APPROVED
NCC-CDF-SKL-01250|BWANA MKUBWA|SIMPASA COLLINS|563107/61/1|760135203|MUSHILI|M|24.0|PASCAL INSTITUTE OF DUMP TRUCK DRIVING CERTIFICATE 1 MONTH NEW|6750.0|2025|APPROVED
NCC-CDF-SKL-01251|BWANA MKUBWA|MOYO FARAI|511397/61/1|974232991|MUSHILI|F|25.0|PASCAL INSTITUTE OF DUMP TRUCK DRIVING CERTIFICATE 1 MONTH NEW|6750.0|2025|APPROVED
NCC-CDF-SKL-01252|BWANA MKUBWA|MOONGA LUSHOMO|228324/18/1|773098387|MUSHILI|M|25.0|PASCAL INSTITUTE OF DUMP TRUCK DRIVING CERTIFICATE 1 MONTH NEW|6750.0|2025|APPROVED
NCC-CDF-SKL-01253|BWANA MKUBWA|MUMBA LEWIS|385094/43/1|972546612|MUSHILI|M|25.0|PASCAL INSTITUTE OF DUMP TRUCK DRIVING CERTIFICATE 1 MONTH NEW|6750.0|2025|APPROVED
NCC-CDF-SKL-01254|BWANA MKUBWA|SAKALA FELIX|502072/61/1|968365236|MUSHILI|M|25.0|PASCAL INSTITUTE OF DUMP TRUCK DRIVING CERTIFICATE 1 MONTH NEW|6750.0|2025|APPROVED
NCC-CDF-SKL-01255|BWANA MKUBWA|MWELA BESA|511103/61/1|768391477|MUSHILI|M|25.0|PASCAL INSTITUTE OF DUMP TRUCK DRIVING CERTIFICATE 1 MONTH NEW|6750.0|2025|APPROVED
NCC-CDF-SKL-01256|BWANA MKUBWA|KUNDA VICTOR|517095/61/1|971811169|MUSHILI|M|25.0|PASCAL INSTITUTE OF DUMP TRUCK DRIVING CERTIFICATE 1 MONTH NEW|6750.0|2025|APPROVED
NCC-CDF-SKL-01257|BWANA MKUBWA|SHOKO MUTUMBA|527060/61/1|977719747|MUSHILI|M|25.0|PASCAL INSTITUTE OF DUMP TRUCK DRIVING CERTIFICATE 1 MONTH NEW|6750.0|2025|APPROVED
NCC-CDF-SKL-01258|BWANA MKUBWA|MATIMBA LEWIS|562834/67/1|962989012|MUSHILI|M|25.0|PASCAL INSTITUTE OF DUMP TRUCK DRIVING CERTIFICATE 1 MONTH NEW|6750.0|2025|APPROVED
NCC-CDF-SKL-01259|BWANA MKUBWA|KAHOKOLA NAMAKAU|584207/61/1|962909347|MUSHILI|M|25.0|PASCAL INSTITUTE OF DUMP TRUCK DRIVING CERTIFICATE 1 MONTH NEW|6750.0|2025|APPROVED
NCC-CDF-SKL-01260|BWANA MKUBWA|KAZIYA LEE|338367/64/1|973814118|MUSHILI|M|26.0|PASCAL INSTITUTE OF DUMP TRUCK DRIVING CERTIFICATE 1 MONTH NEW|6750.0|2025|APPROVED
NCC-CDF-SKL-01261|BWANA MKUBWA|MWANZA JOHN|481645/61/1|966004551|MUSHILI|M|26.0|PASCAL INSTITUTE OF DUMP TRUCK DRIVING CERTIFICATE 1 MONTH NEW|6750.0|2025|APPROVED
NCC-CDF-SKL-01262|BWANA MKUBWA|MADICHI INNOCENT|502533/61/1|968683755|MUSHILI|M|26.0|PASCAL INSTITUTE OF DUMP TRUCK DRIVING CERTIFICATE 1 MONTH NEW|6750.0|2025|APPROVED
NCC-CDF-SKL-01263|BWANA MKUBWA|SIWALE SAMUEL|353781/66/1|967841304|MUSHILI|M|27.0|PASCAL INSTITUTE OF DUMP TRUCK DRIVING CERTIFICATE 1 MONTH NEW|6750.0|2025|APPROVED
NCC-CDF-SKL-01264|BWANA MKUBWA|LEKECHI VICTOR|476402/61/1|977648753|MUSHILI|M|27.0|PASCAL INSTITUTE OF DUMP TRUCK DRIVING CERTIFICATE 1 MONTH NEW|6750.0|2025|APPROVED
NCC-CDF-SKL-01265|BWANA MKUBWA|MUMBA PHILIMON|478327/61/1|963321461|MUSHILI|M|27.0|PASCAL INSTITUTE OF DUMP TRUCK DRIVING CERTIFICATE 1 MONTH NEW|6750.0|2025|APPROVED
NCC-CDF-SKL-01266|BWANA MKUBWA|BWALYA PETER|483181/61/1|769058332|MUSHILI|M|27.0|PASCAL INSTITUTE OF DUMP TRUCK DRIVING CERTIFICATE 1 MONTH NEW|6750.0|2025|APPROVED
NCC-CDF-SKL-01267|BWANA MKUBWA|ABRA KALOLA|494716/61/1|978101140|MUSHILI|M|27.0|PASCAL INSTITUTE OF DUMP TRUCK DRIVING CERTIFICATE 1 MONTH NEW|6750.0|2025|APPROVED
NCC-CDF-SKL-01268|BWANA MKUBWA|MWAPE FRANK|507817/61/1|964063653|MUSHILI|M|27.0|PASCAL INSTITUTE OF DUMP TRUCK DRIVING CERTIFICATE 1 MONTH NEW|6750.0|2025|APPROVED
NCC-CDF-SKL-01269|BWANA MKUBWA|TIMOTHY CHISENGA|557956/61/1|974490375|MUSHILI|M|27.0|PASCAL INSTITUTE OF DUMP TRUCK DRIVING CERTIFICATE 1 MONTH NEW|6750.0|2025|APPROVED
NCC-CDF-SKL-01270|BWANA MKUBWA|CHISHIMBA|325792/24/1|768229058|MUSHILI|F|28.0|PASCAL INSTITUTE OF DUMP TRUCK DRIVING CERTIFICATE 1 MONTH NEW|6750.0|2025|APPROVED
NCC-CDF-SKL-01271|BWANA MKUBWA|PHIRI ISAAC|472866/61/1|771416011|MUSHILI|M|28.0|PASCAL INSTITUTE OF DUMP TRUCK DRIVING CERTIFICATE 1 MONTH NEW|6750.0|2025|APPROVED
NCC-CDF-SKL-01272|BWANA MKUBWA|WALUBITA NATASHA|474006/61/1|968573132|MUSHILI|F|29.0|PASCAL INSTITUTE OF DUMP TRUCK DRIVING CERTIFICATE 1 MONTH NEW|6750.0|2025|APPROVED
NCC-CDF-SKL-01273|BWANA MKUBWA|SAMUZANGULE|483103/61/1|968964204|MUSHILI|M|29.0|PASCAL INSTITUTE OF DUMP TRUCK DRIVING CERTIFICATE 1 MONTH NEW|6750.0|2025|APPROVED
NCC-CDF-SKL-01274|BWANA MKUBWA|CHONGO LEPORNARD|431531/61/1|777993320|MUSHILI|M|30.0|PASCAL INSTITUTE OF DUMP TRUCK DRIVING CERTIFICATE 1 MONTH NEW|6750.0|2025|APPROVED
NCC-CDF-SKL-01275|BWANA MKUBWA|MUKATAMA ROBBY|337517/64/1|973018279|MUSHILI|M|31.0|PASCAL INSTITUTE OF DUMP TRUCK DRIVING CERTIFICATE 1 MONTH NEW|6750.0|2025|APPROVED
NCC-CDF-SKL-01276|BWANA MKUBWA|NTIITI AUSTINE|414938/74/1|970283534|MUSHILI|M|31.0|PASCAL INSTITUTE OF DUMP TRUCK DRIVING CERTIFICATE 1 MONTH NEW|6750.0|2025|APPROVED
NCC-CDF-SKL-01277|BWANA MKUBWA|MWAPE ALEX|448337/61/1|961152311|MUSHILI|M|31.0|PASCAL INSTITUTE OF DUMP TRUCK DRIVING CERTIFICATE 1 MONTH NEW|6750.0|2025|APPROVED
NCC-CDF-SKL-01278|BWANA MKUBWA|KABEKA CHARLES|427831/61/1|776629840|MUSHILI|M|32.0|PASCAL INSTITUTE OF DUMP TRUCK DRIVING CERTIFICATE 1 MONTH NEW|6750.0|2025|APPROVED
NCC-CDF-SKL-01279|BWANA MKUBWA|CHANDA RICHARD|461866/61/1|968808643|MUSHILI|M|33.0|PASCAL INSTITUTE OF DUMP TRUCK DRIVING CERTIFICATE 1 MONTH NEW|6750.0|2025|APPROVED
NCC-CDF-SKL-01280|BWANA MKUBWA|CHIMEMBE JAINECK|118905/92/1|769078022|MUSHILI|M|34.0|PASCAL INSTITUTE OF DUMP TRUCK DRIVING CERTIFICATE 1 MONTH NEW|6750.0|2025|APPROVED
NCC-CDF-SKL-01281|BWANA MKUBWA|MUMBA MATHEWS|157147/91/1|768945134|MUSHILI|M|34.0|PASCAL INSTITUTE OF DUMP TRUCK DRIVING CERTIFICATE 1 MONTH NEW|6750.0|2025|APPROVED
NCC-CDF-SKL-01282|BWANA MKUBWA|KUNDA KUNDA|632807/61/1|962252402|MUSHILI|M|18.0|PASCAL INSTITUTE OF EXCAVATOR OPERATOR CERTIFICATE 1 MONTH NEW|6750.0|2025|APPROVED
NCC-CDF-SKL-01283|BWANA MKUBWA|CHONGO COASTER|639153/61/1|774331671|MUSHILI|M|19.0|PASCAL INSTITUTE OF EXCAVATOR OPERATOR CERTIFICATE 1 MONTH NEW|6750.0|2025|APPROVED
NCC-CDF-SKL-01284|BWANA MKUBWA|MUNGO HENRY|639381/61/1|975625502|MUSHILI|M|20.0|PASCAL INSTITUTE OF EXCAVATOR OPERATOR CERTIFICATE 1 MONTH NEW|6750.0|2025|APPROVED
NCC-CDF-SKL-01285|BWANA MKUBWA|BESA LOUIS KASUBA|622536/61/1|776254160|MUSHILI|M|20.0|PASCAL INSTITUTE OF EXCAVATOR OPERATOR CERTIFICATE 1 MONTH NEW|6750.0|2025|APPROVED
NCC-CDF-SKL-01286|BWANA MKUBWA|CHIWISA ANNA|613779/61/1|762547647|MUSHILI|F|22.0|PASCAL INSTITUTE OF EXCAVATOR OPERATOR CERTIFICATE 1 MONTH NEW|6750.0|2025|APPROVED
NCC-CDF-SKL-01287|BWANA MKUBWA|MWANZA KONDANI|290809/45/1|979511596|MUSHILI|M|26.0|PASCAL INSTITUTE OF EXCAVATOR OPERATOR CERTIFICATE 1 MONTH NEW|6750.0|2025|APPROVED
NCC-CDF-SKL-01288|BWANA MKUBWA|KUNDA MAMBWE|319884/24/1|777984229|MUSHILI|F|29.0|PASCAL INSTITUTE OF EXCAVATOR OPERATOR CERTIFICATE 1 MONTH NEW|6750.0|2025|APPROVED
NCC-CDF-SKL-01289|BWANA MKUBWA|KAPEPA IDAH|636901/61/1|766437884|MUSHILI|F|18.0|PASCAL INSTITUTE OF FOLKLIFT OPERATOR CERTIFICATE 1 MONTH NEW|6750.0|2025|APPROVED
NCC-CDF-SKL-01290|BWANA MKUBWA|KABUSWE KANGWA|561610/61/1|764586229|MUSHILI|M|23.0|PASCAL INSTITUTE OF FOLKLIFT OPERATOR CERTIFICATE 1 MONTH NEW|6750.0|2025|APPROVED
NCC-CDF-SKL-01291|BWANA MKUBWA|MAKUMBA CLEOPATRA|518696/61/1|962058321|MUSHILI|M|28.0|PASCAL INSTITUTE OF FOLKLIFT OPERATOR CERTIFICATE 1 MONTH NEW|6750.0|2025|APPROVED
NCC-CDF-SKL-01292|BWANA MKUBWA|BWALYA VICTORIA|548208/61/1|761854349|MUSHILI|F|24.0|PASCAL INSTITUTE OF FRONT END LOADER CERTIFICATE 1 MONTH NEW|6750.0|2025|APPROVED
NCC-CDF-SKL-01293|BWANA MKUBWA|NYAMUTAHA SHARON|355737/65/1|961806883|MUSHILI|F|31.0|PASCAL INSTITUTE OF REACH STAKER CERTIFICATE 1 MONTH NEW|6750.0|2025|APPROVED
NCC-CDF-SKL-01294|BWANA MKUBWA|LEWIS MBUZI|367258/64/1|975128055|MUSHILI|M|24.0|ROAD SKILLS DRIVING DRIVING CE CERTIFICATE 1 MONTH NEW|4300.0|2025|APPROVED
NCC-CDF-SKL-01295|BWANA MKUBWA|MUSONDA NATASHA|637316/61/1|768137811|MUSHILI|F|18.0|ROAD SKILLS DRIVING DRIVING CE CERTIFICATE 1 MONTH NEW|4300.0|2025|APPROVED
NCC-CDF-SKL-01296|BWANA MKUBWA|CHITUKA TAONGA|585907/61/1|774329310|MUSHILI|F|19.0|ROAD SKILLS DRIVING DRIVING CE CERTIFICATE 1 MONTH NEW|4300.0|2025|APPROVED
NCC-CDF-SKL-01297|BWANA MKUBWA|MALEKANI INNOCENT|580269/61/1|766988207|MUSHILI|M|20.0|ROAD SKILLS DRIVING DRIVING CE CERTIFICATE 1 MONTH NEW|4300.0|2025|APPROVED
NCC-CDF-SKL-01298|BWANA MKUBWA|NGUNI STEVEN|587169/61/1|962773471|MUSHILI|M|21.0|ROAD SKILLS DRIVING DRIVING CE CERTIFICATE 1 MONTH NEW|4300.0|2025|APPROVED
NCC-CDF-SKL-01299|BWANA MKUBWA|KAPUNGWE CHONGO|400378/66/1|966019477|MUSHILI|M|21.0|ROAD SKILLS DRIVING DRIVING CE CERTIFICATE 1 MONTH NEW|4300.0|2025|APPROVED
NCC-CDF-SKL-01300|BWANA MKUBWA|PENSULO ADRIAN|598183/61/1|774363129|MUSHILI|M|21.0|ROAD SKILLS DRIVING DRIVING CE CERTIFICATE 1 MONTH NEW|4300.0|2025|APPROVED
NCC-CDF-SKL-01301|BWANA MKUBWA|NGELENGE KAPALU|573747/61/1|766105110|MUSHILI|M|23.0|ROAD SKILLS DRIVING DRIVING CE CERTIFICATE 1 MONTH NEW|4300.0|2025|APPROVED
NCC-CDF-SKL-01302|BWANA MKUBWA|SIMWANZA AARON|541989/61/1|977492724|MUSHILI|M|24.0|ROAD SKILLS DRIVING DRIVING CE CERTIFICATE 1 MONTH NEW|4300.0|2025|APPROVED
NCC-CDF-SKL-01303|BWANA MKUBWA|PHIRI JULIUS|703326/52/1|771179917|MUSHILI|M|24.0|ROAD SKILLS DRIVING DRIVING CE CERTIFICATE 1 MONTH NEW|4300.0|2025|APPROVED
NCC-CDF-SKL-01304|BWANA MKUBWA|MWALE ANTHONY|498630/61/1|977449172|MUSHILI|M|25.0|ROAD SKILLS DRIVING DRIVING CE CERTIFICATE 1 MONTH NEW|4300.0|2025|APPROVED
NCC-CDF-SKL-01305|BWANA MKUBWA|MUSONDA CHRIS|529146/61/1|962551612|MUSHILI|M|26.0|ROAD SKILLS DRIVING DRIVING CE CERTIFICATE 1 MONTH NEW|4300.0|2025|APPROVED
NCC-CDF-SKL-01306|BWANA MKUBWA|CHITALA NICKSON|374908/65/1|966949379|MUSHILI|M|27.0|ROAD SKILLS DRIVING DRIVING CE CERTIFICATE 1 MONTH NEW|4300.0|2025|APPROVED
NCC-CDF-SKL-01307|BWANA MKUBWA|CHIVWETA EVANS|485252/61/1|962902467|MUSHILI|M|27.0|ROAD SKILLS DRIVING DRIVING CE CERTIFICATE 1 MONTH NEW|4300.0|2025|APPROVED
NCC-CDF-SKL-01308|BWANA MKUBWA|MUMBA JEFF|474691/61/1|774326979|MUSHILI|M|28.0|ROAD SKILLS DRIVING DRIVING CE CERTIFICATE 1 MONTH NEW|4300.0|2025|APPROVED
NCC-CDF-SKL-01309|BWANA MKUBWA|NONED NONDE|496257/61/1|769711860|MUSHILI|M|28.0|ROAD SKILLS DRIVING DRIVING CE CERTIFICATE 1 MONTH NEW|4300.0|2025|APPROVED
NCC-CDF-SKL-01310|BWANA MKUBWA|CHIRWA JOYCE|354044/51/1|965901410|MUSHILI|F|28.0|ROAD SKILLS DRIVING DRIVING CE CERTIFICATE 1 MONTH NEW|4300.0|2025|APPROVED
NCC-CDF-SKL-01311|BWANA MKUBWA|MWAPE ESTIN|473579/61/1|967497036|MUSHILI|M|28.0|ROAD SKILLS DRIVING DRIVING CE CERTIFICATE 1 MONTH NEW|4300.0|2025|APPROVED
NCC-CDF-SKL-01312|BWANA MKUBWA|KUNDA REAGAN|518037/61/1|776219739|MUSHILI|M|28.0|ROAD SKILLS DRIVING DRIVING CE CERTIFICATE 1 MONTH NEW|4300.0|2025|APPROVED
NCC-CDF-SKL-01313|BWANA MKUBWA|MUTALE STEPHEN|469338/61/1|973255294|MUSHILI|M|29.0|ROAD SKILLS DRIVING DRIVING CE CERTIFICATE 1 MONTH NEW|4300.0|2025|APPROVED
NCC-CDF-SKL-01314|BWANA MKUBWA|WILLIAM JONATHAN|305101/62/1|963072439|MUSHILI|M|30.0|ROAD SKILLS DRIVING DRIVING CE CERTIFICATE 1 MONTH NEW|4300.0|2025|APPROVED
NCC-CDF-SKL-01315|BWANA MKUBWA|KAFULA INNONCENT|432993/61/1|971117621|MUSHILI|M|31.0|ROAD SKILLS DRIVING DRIVING CE CERTIFICATE 1 MONTH NEW|4300.0|2025|APPROVED
NCC-CDF-SKL-01316|BWANA MKUBWA|MWANZA WHYNESS|279018/10/1|771417859|MUSHILI|F|31.0|ROAD SKILLS DRIVING DRIVING CE CERTIFICATE 1 MONTH NEW|4300.0|2025|APPROVED
NCC-CDF-SKL-01317|BWANA MKUBWA|MWANSA REAGAN|456379/61/1|962642611|MUSHILI|M|31.0|ROAD SKILLS DRIVING DRIVING CE CERTIFICATE 1 MONTH NEW|4300.0|2025|APPROVED
NCC-CDF-SKL-01318|BWANA MKUBWA|CHAVULA MATIAS|462778/61/1|968400263|MUSHILI|M|31.0|ROAD SKILLS DRIVING DRIVING CE CERTIFICATE 1 MONTH NEW|4300.0|2025|APPROVED
NCC-CDF-SKL-01319|BWANA MKUBWA|NYAMUTAHA ALLAN|355736/65/1|768751099|MUSHILI|M|34.0|ROAD SKILLS DRIVING DRIVING CE CERTIFICATE 1 MONTH NEW|4300.0|2025|APPROVED
NCC-CDF-SKL-01320|BWANA MKUBWA|CHIMANGA SUSAN|639364/61/1|760979422|MUSHILI|F|18.0|ZAMBIA UNIVERSITY DIPLOMA IN ELECTRICAL DIPLOMA 3 YEARS NEW|8400.0|2025|APPROVED
NCC-CDF-SKL-01321|BWANA MKUBWA|BRIDGET NAMUKOKO|632859/61/1|962603105|MUSHILI|F|19.0|ZAMBIA UNIVERSITY DIPLOMA IN ELECTRICAL DIPLOMA 3 YEARS NEW|8400.0|2025|APPROVED
NCC-CDF-SKL-01322|BWANA MKUBWA|MUTALE PATRICIA|879001/10/1|972005128|MUSHILI|F|19.0|ZAMBIA UNIVERSITY DIPLOMA IN ELECTRICAL DIPLOMA 3 YEARS NEW|8400.0|2025|APPROVED
NCC-CDF-SKL-01323|BWANA MKUBWA|SIWILA DORCAS|606601/61/1|777924261|MUSHILI|F|19.0|ZAMBIA UNIVERSITY DIPLOMA IN ELECTRICAL DIPLOMA 3 YEARS NEW|8400.0|2025|APPROVED
NCC-CDF-SKL-01324|BWANA MKUBWA|NAKALUMBI VENNERIA|392096/31/1|773617831|MUSHILI|F|19.0|ZAMBIA UNIVERSITY DIPLOMA IN ELECTRICAL DIPLOMA 3 YEARS NEW|8400.0|2025|APPROVED
NCC-CDF-SKL-01325|BWANA MKUBWA|MULENGA EMMANUEL|390516/65/1|964546208|MUSHILI|M|25.0|ZAMBIA UNIVERSITY DIPLOMA IN DIPLOMA 3 YEARS RETURNIN|8400.0|2025|APPROVED
NCC-CDF-SKL-01326|BWANA MKUBWA|SAKALA ELIAS|379975/10/1|974037804|MUSHILI|M|28.0|ZAMBIA UNIVERSITY DIPLOMA IN DIPLOMA 3 YEARS RETURNIN|8400.0|2025|APPROVED
NCC-CDF-SKL-01327|BWANA MKUBWA|BOSTON SICHIMATA|355784/66/1|761839382|TWASHUKA|M|29.0|NORTEC CRAFT CERTIFICATE IN CERTIFICATE 2 YEARS RETURNIN|8700.0|2025|APPROVED
NCC-CDF-SKL-01328|BWANA MKUBWA|MATHEWS KANGWA|571847/61/1|775308027|TWASHUKA|M|22.0|NORTEC DIPLOMA IN HEAVY DIPLOMA 3 YEARS NEW|13200.0|2025|APPROVED
NCC-CDF-SKL-01329|BWANA MKUBWA|GONDWE BLESSINGS|484635/61/1|771162798|TWASHUKA|M|29.0|NORTHERN AUTOMOTIVE CERTIFICATE 1 YEAR NEW|21050.0|2025|APPROVED
NCC-CDF-SKL-01330|BWANA MKUBWA|CHIPEYEYE JACKSON|596792/61/1|765724059|TWASHUKA|M|21.0|NORTHERN ELECTRICAL CERTIFICATE 1 YEAR NEW|21750.0|2025|APPROVED
NCC-CDF-SKL-01331|BWANA MKUBWA|MUPANGA DALIA|565262/61/1|770370205|TWASHUKA|F|23.0|NORTHERN ELECTRICAL CERTIFICATE 1 YEAR NEW|21750.0|2025|APPROVED
NCC-CDF-SKL-01332|BWANA MKUBWA|MAPULANGA CHRISPINE|223059/13/1|966148501|TWASHUKA|M|23.0|NORTHERN ELECTRICAL CERTIFICATE 1 YEAR NEW|21750.0|2025|APPROVED
NCC-CDF-SKL-01333|BWANA MKUBWA|MUNWE JOSEPHINE|580936/61/1|962835179|TWASHUKA|F|21.0|NORTHERN FASHION DESIGN & CERTIFICATE 1 YEAR NEW|21750.0|2025|APPROVED
NCC-CDF-SKL-01334|BWANA MKUBWA|CLARITY FULUMAKA|617037/61/1|779482410|TWASHUKA|F|21.0|NORTHERN FASHION DESIGN & CERTIFICATE 1 YEAR NEW|21750.0|2025|APPROVED
NCC-CDF-SKL-01335|BWANA MKUBWA|MWELWA LINDA|537540/61/1|777185736|TWASHUKA|F|25.0|NORTHERN FASHION DESIGN & CERTIFICATE 1 YEAR NEW|21750.0|2025|APPROVED
NCC-CDF-SKL-01336|BWANA MKUBWA|TEMBO DOROTHY|642037/61/1|964712507|TWASHUKA|M|19.0|NORTHERN FOOD PRODUCTION CERTIFICATE 1 YEAR NEW|20575.0|2025|APPROVED
NCC-CDF-SKL-01337|BWANA MKUBWA|MUMBA BEATRICE|604039/61/1|767611639|TWASHUKA|F|22.0|NORTHERN FOOD PRODUCTION CERTIFICATE 1 YEAR NEW|20575.0|2025|APPROVED
NCC-CDF-SKL-01338|BWANA MKUBWA|KALENGA BEAUTY|342101/31/1|965593869|TWASHUKA|F|26.0|NORTHERN FOOD PRODUCTION CERTIFICATE 1 YEAR NEW|20575.0|2025|APPROVED
NCC-CDF-SKL-01339|BWANA MKUBWA|NSWANA GIFT|503832/61/1|961758453|TWASHUKA|F|27.0|NORTHERN FOOD PRODUCTION CERTIFICATE 1 YEAR NEW|20575.0|2025|APPROVED
NCC-CDF-SKL-01340|BWANA MKUBWA|LUWAYA HARRIET|178365/91/1|760037226|TWASHUKA|F|29.0|NORTHERN FOOD PRODUCTION CERTIFICATE 1 YEAR NEW|20575.0|2025|APPROVED
NCC-CDF-SKL-01341|BWANA MKUBWA|KUMWENDA AARON|548028/61/1|776099578|TWASHUKA|M|15.0|NORTHERN METAL FABRICATION CERTIFICATE 1 YEAR NEW|25550.0|2025|APPROVED
NCC-CDF-SKL-01342|BWANA MKUBWA|MOYA MOSES|260244/91/1|965501338|TWASHUKA|M|22.0|ROAD RANGE DRIVING EXCAVATOR OPERATOR CERTIFICATE 1 MONTH NEW|6750.0|2025|APPROVED
NCC-CDF-SKL-01343|BWANA MKUBWA|MWAPE MAPALO|630048/61/1|762352046|TWASHUKA|M|18.0|ROAD SKILLS DRIVING DRIVING CE CERTIFICATE 1 MONTH NEW|4300.0|2025|APPROVED
NCC-CDF-SKL-01344|BWANA MKUBWA|PHIRI ABEL|631979/61/1|975476402|TWASHUKA|M|19.0|ROAD SKILLS DRIVING DRIVING CE CERTIFICATE 1 MONTH NEW|4300.0|2025|APPROVED
NCC-CDF-SKL-01345|BWANA MKUBWA|DAKA SAMUEL|616524/61/1|969720249|TWASHUKA|M|19.0|ROAD SKILLS DRIVING DRIVING CE CERTIFICATE 1 MONTH NEW|4300.0|2025|APPROVED
NCC-CDF-SKL-01346|BWANA MKUBWA|TEMBO BORNIFACE|580528/61/1|967891567|TWASHUKA|M|20.0|ROAD SKILLS DRIVING DRIVING CE CERTIFICATE 1 MONTH NEW|4300.0|2025|APPROVED
NCC-CDF-SKL-01347|BWANA MKUBWA|SIMWANZA KENNEDY|619948/61/1|764576113|TWASHUKA|M|20.0|ROAD SKILLS DRIVING DRIVING CE CERTIFICATE 1 MONTH NEW|4300.0|2025|APPROVED
NCC-CDF-SKL-01348|BWANA MKUBWA|CHISENGA EVANS|586798/61/1|761415198|TWASHUKA|M|20.0|ROAD SKILLS DRIVING DRIVING CE CERTIFICATE 1 MONTH NEW|4300.0|2025|APPROVED
NCC-CDF-SKL-01349|BWANA MKUBWA|CHINDALO MICHEAL|607078/61/1|764511785|TWASHUKA|M|21.0|ROAD SKILLS DRIVING DRIVING CE CERTIFICATE 1 MONTH NEW|4300.0|2025|APPROVED
NCC-CDF-SKL-01350|BWANA MKUBWA|SIMBEYE JACKSON|610476/61/1|963989442|TWASHUKA|M|21.0|ROAD SKILLS DRIVING DRIVING CE CERTIFICATE 1 MONTH NEW|4300.0|2025|APPROVED
NCC-CDF-SKL-01351|BWANA MKUBWA|CHISELA TONY|597185/67/1|772971376|TWASHUKA|M|22.0|ROAD SKILLS DRIVING DRIVING CE CERTIFICATE 1 MONTH NEW|4300.0|2025|APPROVED
NCC-CDF-SKL-01352|BWANA MKUBWA|NGULUBE ALFRED|606114/61/1|765500152|TWASHUKA|M|22.0|ROAD SKILLS DRIVING DRIVING CE CERTIFICATE 1 MONTH NEW|4300.0|2025|APPROVED
NCC-CDF-SKL-01353|BWANA MKUBWA|MOSES BWALYA|229131/91/1|960940005|TWASHUKA|M|22.0|ROAD SKILLS DRIVING DRIVING CE CERTIFICATE 1 MONTH NEW|4300.0|2025|APPROVED
NCC-CDF-SKL-01354|BWANA MKUBWA|KANDEKE GRANT|632951/61/1|772121381|TWASHUKA|M|22.0|ROAD SKILLS DRIVING DRIVING CE CERTIFICATE 1 MONTH NEW|4300.0|2025|APPROVED
NCC-CDF-SKL-01355|BWANA MKUBWA|KATIKI LUWI|354096/24/1|763579557|TWASHUKA|M|24.0|ROAD SKILLS DRIVING DRIVING CE CERTIFICATE 1 MONTH NEW|4300.0|2025|APPROVED
NCC-CDF-SKL-01356|BWANA MKUBWA|MAZAZA PRECIOUS|521326/61/1|779482654|TWASHUKA|M|25.0|ROAD SKILLS DRIVING DRIVING CE CERTIFICATE 1 MONTH NEW|4300.0|2025|APPROVED
NCC-CDF-SKL-01357|BWANA MKUBWA|KALIMA TEDDY|530631/61/1|764124763|TWASHUKA|M|25.0|ROAD SKILLS DRIVING DRIVING CE CERTIFICATE 1 MONTH NEW|4300.0|2025|APPROVED
NCC-CDF-SKL-01358|BWANA MKUBWA|MBEWE ADIUS|554183/61/1|763416940|TWASHUKA|M|25.0|ROAD SKILLS DRIVING DRIVING CE CERTIFICATE 1 MONTH NEW|4300.0|2025|APPROVED
NCC-CDF-SKL-01359|BWANA MKUBWA|SIAME KENNEDY|534885/61/1|766506043|TWASHUKA|M|25.0|ROAD SKILLS DRIVING DRIVING CE CERTIFICATE 1 MONTH NEW|4300.0|2025|APPROVED
NCC-CDF-SKL-01360|BWANA MKUBWA|CHIPIMPA TEDDY|551982/61/1|762044867|TWASHUKA|M|25.0|ROAD SKILLS DRIVING DRIVING CE CERTIFICATE 1 MONTH NEW|4300.0|2025|APPROVED
NCC-CDF-SKL-01361|BWANA MKUBWA|MUSHINKA RICHARD|493325/61/1|967814335|TWASHUKA|M|26.0|ROAD SKILLS DRIVING DRIVING CE CERTIFICATE 1 MONTH NEW|4300.0|2025|APPROVED
NCC-CDF-SKL-01362|BWANA MKUBWA|BWALYA CLINTON|521674/61/1|967037734|TWASHUKA|M|26.0|ROAD SKILLS DRIVING DRIVING CE CERTIFICATE 1 MONTH NEW|4300.0|2025|APPROVED
NCC-CDF-SKL-01363|BWANA MKUBWA|ZULU EMMANUEL|440412/53/1|965779899|TWASHUKA|M|26.0|ROAD SKILLS DRIVING DRIVING CE CERTIFICATE 1 MONTH NEW|4300.0|2025|APPROVED
NCC-CDF-SKL-01364|BWANA MKUBWA|NJEKWA GEOFREY|535148/61/1|979856175|TWASHUKA|M|27.0|ROAD SKILLS DRIVING DRIVING CE CERTIFICATE 1 MONTH NEW|4300.0|2025|APPROVED
NCC-CDF-SKL-01365|BWANA MKUBWA|MWILA CHAKUTA|532609/61/1|964841228|TWASHUKA|M|30.0|ROAD SKILLS DRIVING DRIVING CE CERTIFICATE 1 MONTH NEW|4300.0|2025|APPROVED
NCC-CDF-SKL-01366|BWANA MKUBWA|DAVIES MUKUKA|320870/64/1|779022740|TWASHUKA|M|32.0|ROAD SKILLS DRIVING DRIVING CE CERTIFICATE 1 MONTH NEW|4300.0|2025|APPROVED
NCC-CDF-SKL-01367|BWANA MKUBWA|SIMON MUBANGA|451819/61/1|978716069|TWASHUKA|M|32.0|ROAD SKILLS DRIVING DRIVING CE CERTIFICATE 1 MONTH NEW|4300.0|2025|APPROVED
NCC-CDF-SKL-01368|BWANA MKUBWA|MAUMBE GRACE|315163/62/1|962593206|TWASHUKA|F|33.0|ROAD SKILLS DRIVING DRIVING CE CERTIFICATE 1 MONTH NEW|4300.0|2025|APPROVED
NCC-CDF-SKL-01369|BWANA MKUBWA|MUKOSHA MIRRIAM|435350/61/1|963202322|TWASHUKA|F|33.0|ROAD SKILLS DRIVING DRIVING CE CERTIFICATE 1 MONTH NEW|4300.0|2025|APPROVED
NCC-CDF-SKL-01370|CHIFUBU|MWELWA MERCY|345685/68/1|777702090|CHIFUBU FIBUSA|F|20.0|CHIFUBU SKILLS CATERING CERTIFICATE 1 YEAR NEW|4100.0|2025|APPROVED
NCC-CDF-SKL-01371|CHIFUBU|SINKAMBA RACHEAL|588551/61/1|975520835|CHIFUBU FIBUSA|F|20.0|CHIFUBU SKILLS CATERING CERTIFICATE 1 YEAR NEW|4100.0|2025|APPROVED
NCC-CDF-SKL-01372|CHIFUBU|CHANDA MILDREN|576165/61/1|761424805|CHIFUBU FIBUSA|F|21.0|CHIFUBU SKILLS CATERING CERTIFICATE 1 YEAR NEW|4100.0|2025|APPROVED
NCC-CDF-SKL-01373|CHIFUBU|CHILAMBE NATASHA|388076/64/1|776089868|CHIFUBU UNDI|F|21.0|CHIFUBU SKILLS CATERING CERTIFICATE 1 YEAR NEW|4100.0|2025|APPROVED
NCC-CDF-SKL-01374|CHIFUBU|SHIKABETA MWAPE|577846/61/1|977754142|CHIFUBU UNDI|F|21.0|CHIFUBU SKILLS CATERING CERTIFICATE 1 YEAR NEW|4100.0|2025|APPROVED
NCC-CDF-SKL-01375|CHIFUBU|MALAMA NATASHA|625885/61/1|962628793|CHIFUBU UNDI|F|21.0|CHIFUBU SKILLS CATERING CERTIFICATE 1 YEAR NEW|4100.0|2025|APPROVED
NCC-CDF-SKL-01376|CHIFUBU|MBEWE MARGRET|562252/61/1|962161849|CHIFUBU UNDI|F|22.0|CHIFUBU SKILLS CATERING CERTIFICATE 1 YEAR NEW|4100.0|2025|APPROVED
NCC-CDF-SKL-01377|CHIFUBU|CHIBALE PRECIOUS|570810/61/1|766264422|CHIFUBU UNDI|F|23.0|CHIFUBU SKILLS CATERING CERTIFICATE 1 YEAR NEW|4100.0|2025|APPROVED
NCC-CDF-SKL-01378|CHIFUBU|CHIBWE EMELY|537157/61/1|779839960|CHIFUBU UNDI|F|27.0|CHIFUBU SKILLS CATERING CERTIFICATE 1 YEAR NEW|4100.0|2025|APPROVED
NCC-CDF-SKL-01379|CHIFUBU|CHOLA SARAH|335653/61/1|962709223|CHIFUBU FIBUSA|F|30.0|CHIFUBU SKILLS CATERING CERTIFICATE 1 YEAR NEW|4100.0|2025|APPROVED
NCC-CDF-SKL-01380|CHIFUBU|BANDA CYNTHIA|431924/61/1|975561731|CHIFUBU MANGO|F|30.0|CHIFUBU SKILLS CATERING CERTIFICATE 1 YEAR NEW|4100.0|2025|APPROVED
NCC-CDF-SKL-01381|CHIFUBU|NAKAWALA LISTA|425218/61/1|963248156|CHIFUBU FIBUSA|F|32.0|CHIFUBU SKILLS CATERING CERTIFICATE 1 YEAR NEW|4100.0|2025|APPROVED
NCC-CDF-SKL-01382|CHIFUBU|BANDA LOYCE|431923/61/1|973165493|CHIFUBU FIBUSA|F|32.0|CHIFUBU SKILLS CATERING CERTIFICATE 1 YEAR NEW|4100.0|2025|APPROVED
NCC-CDF-SKL-01383|CHIFUBU|MUSHETI KEDRINE|471569/61/1|766923939|CHIFUBU FIBUSA|F|34.0|CHIFUBU SKILLS CATERING CERTIFICATE 1 YEAR NEW|4100.0|2025|APPROVED
NCC-CDF-SKL-01384|CHIFUBU|KOMBE MWANSA|611111/61/1|967878286|CHIFUBU FIBUSA|M|20.0|NORTEC CRAFT IN HEAVY DIPLOMA 2 YEARS RETURNING|10600.0|2025|APPROVED
NCC-CDF-SKL-01385|CHIFUBU|CHIBALE BRIGHT|627382/61/1|765391234|CHIFUBU UNDI|M|19.0|NORTEC DIPLOMA IN HEAVY DIPLOMA 3 YEARS NEW|14350.0|2025|APPROVED
NCC-CDF-SKL-01386|CHIFUBU|MPANGA JONATHAN|625719/61/1|760695947|CHIFUBU UNDI|M|20.0|NORTEC HEAVY EQUIPMENT DIPLOMA 3 YEARS RETURNING|14350.0|2025|APPROVED
NCC-CDF-SKL-01387|CHIFUBU|GIFT MAWELE|668238/10/1|979790004|CHIFUBU UNDI|M|24.0|NORTEC HEAVY EQUIPMENT DIPLOMA 3 YEARS RETURNING|14350.0|2025|APPROVED
NCC-CDF-SKL-01388|CHIFUBU|BWALYA TITUS|341871/68/1|964988905|CHIFUBU UNDI|M|23.0|NORTEC REFRIDGERATION CERTIFICATE 1 MONTH NEW|4350.0|2025|APPROVED
NCC-CDF-SKL-01389|CHIFUBU|NYELETI GODFREY|578920/61/1|961206253|CHIFUBU UNDI|M|20.0|NORTHERN AUTOMOTIVE CERTIFICATE 1 YEAR NEW|25550.0|2025|APPROVED
NCC-CDF-SKL-01390|CHIFUBU|LUNGU JETHROW|565809/68/1|965155668|CHIFUBU FIBUSA|M|18.0|NORTHERN AUTOMOTIVE CERTIFICATE 1 YEAR NEW|21050.0|2025|APPROVED
NCC-CDF-SKL-01391|CHIFUBU|TEMBO MARTHA|632010/61/1|968149453|CHIFUBU FIBUSA|F|19.0|NORTHERN AUTOMOTIVE CERTIFICATE 1 YEAR NEW|21050.0|2025|APPROVED
NCC-CDF-SKL-01392|CHIFUBU|SAKA INGENI|616918/61/1|978452864|CHIFUBU FIBUSA|M|21.0|NORTHERN AUTOMOTIVE CERTIFICATE 1 YEAR NEW|21050.0|2025|APPROVED
NCC-CDF-SKL-01393|CHIFUBU|NG'ANDWE EDWARD|401870/64/1|763469643|CHIFUBU UNDI|M|22.0|NORTHERN AUTOMOTIVE CERTIFICATE 1 YEAR NEW|21050.0|2025|APPROVED
NCC-CDF-SKL-01394|CHIFUBU|CHUUKA PAUL|593905/61/1|772716865|CHIFUBU UNDI|M|23.0|NORTHERN AUTOMOTIVE CERTIFICATE 1 YEAR NEW|21050.0|2025|APPROVED
NCC-CDF-SKL-01395|CHIFUBU|KABINGA DAVID|325533/68/1|961593381|CHIFUBU UNDI|M|26.0|NORTHERN AUTOMOTIVE CERTIFICATE 1 YEAR NEW|21050.0|2025|APPROVED
NCC-CDF-SKL-01396|CHIFUBU|KACHUSHA ROSE|624849/61/1|772775678|CHIFUBU UNDI|F|19.0|NORTHERN ELECTRICAL CERTIFICATE 1 YEAR NEW|21750.0|2025|APPROVED
NCC-CDF-SKL-01397|CHIFUBU|BANDA ABRAHAM|615186/61/1|960610186|CHIFUBU UNDI|M|20.0|NORTHERN ELECTRICAL CERTIFICATE 1 YEAR NEW|21750.0|2025|APPROVED
NCC-CDF-SKL-01398|CHIFUBU|MOLESHI HUMPHREY|293271/63/1|974416403|CHIFUBU UNDI|M|22.0|NORTHERN ELECTRICAL CERTIFICATE 1 YEAR NEW|21750.0|2025|APPROVED
NCC-CDF-SKL-01399|CHIFUBU|CHISHIMBA MATHEW|542664/61/1|760703891|CHIFUBU FIBUSA|M|24.0|NORTHERN ELECTRICAL CERTIFICATE 1 YEAR NEW|21750.0|2025|APPROVED
NCC-CDF-SKL-01400|CHIFUBU|KANGWA MOFU|320670/43/1|766940747|CHIFUBU MANGO|M|25.0|NORTHERN ELECTRICAL CERTIFICATE 1 YEAR NEW|21750.0|2025|APPROVED
NCC-CDF-SKL-01401|CHIFUBU|KALIPA JISHIKA|238787/65/1|973109115|CHIFUBU FIBUSA|M|33.0|NORTHERN ELECTRICAL CERTIFICATE 1 YEAR NEW|21750.0|2025|APPROVED
NCC-CDF-SKL-01402|CHIFUBU|MALAMA BERNAD|253910/45/1|969668910|CHIFUBU FIBUSA|M|33.0|NORTHERN ELECTRICAL CERTIFICATE 1 YEAR NEW|21750.0|2025|APPROVED
NCC-CDF-SKL-01403|CHIFUBU|MULUNDA GRACE|620916/61/1|974693855|CHIFUBU FIBUSA|F|19.0|NORTHERN ELECTRICAL CERTIFICATE 1 YEAR NEW|21750.0|2025|APPROVED
NCC-CDF-SKL-01404|CHIFUBU|MBEWE NATASHA|625451/61/1|761905127|CHIFUBU FIBUSA|M|19.0|NORTHERN METAL CERTIFICATE 1 YEAR NEW|25550.0|2025|APPROVED
NCC-CDF-SKL-01405|CHIFUBU|TEMBO TEDDY|489646/61/1|969421194|CHIFUBU UNDI|M|27.0|NORTHERN METAL CERTIFICATE 1 YEAR NEW|25550.0|2025|APPROVED
NCC-CDF-SKL-01406|CHIFUBU|MUSONDA GOODSON|521254/61/1|777873229|CHIFUBU UNDI|M|27.0|ROAD RANGE MACHINE CERTIFICATE 1 MONTH NEW|6750.0|2025|APPROVED
NCC-CDF-SKL-01407|CHIFUBU|KABAMBI PAUL|504232/67/1|761748541|CHIFUBU UNDI|M|29.0|ROAD RANGE MACHINE CERTIFICATE 1 MONTH NEW|6750.0|2025|APPROVED
NCC-CDF-SKL-01408|CHIFUBU|MUMBA THOMAS|241933/61/1|762875683|CHIFUBU UNDI|M|33.0|ROAD RANGE MACHINE CERTIFICATE 1 MONTH NEW|6750.0|2025|APPROVED
NCC-CDF-SKL-01409|CHIFUBU|SIMBAYA JAMES|115899/61/1|764045881|CHIFUBU UNDI|M|20.0|ROAD SKILLS DRIVING CE CERTIFICATE 1 MONTH NEW|4300.0|2025|APPROVED
NCC-CDF-SKL-01410|CHIFUBU|SAMALESU DAVID|223720/22/1|969856649|CHIFUBU FIBUSA|M|20.0|ROAD SKILLS DRIVING CE CERTIFICATE 1 MONTH NEW|4300.0|2025|APPROVED
NCC-CDF-SKL-01411|CHIFUBU|SAKALA ABLE|562599/61/1|966415947|CHIFUBU FIBUSA|M|21.0|ROAD SKILLS DRIVING CE CERTIFICATE 1 MONTH NEW|4300.0|2025|APPROVED
NCC-CDF-SKL-01412|CHIFUBU|TEMBO GEORGE|564489/61/1|764770715|CHIFUBU FIBUSA|M|21.0|ROAD SKILLS DRIVING CE CERTIFICATE 1 MONTH NEW|4300.0|2025|APPROVED
NCC-CDF-SKL-01413|CHIFUBU|MWANDILA ANOLD|622599/61/1|765706991|CHIFUBU UNDI|M|21.0|ROAD SKILLS DRIVING CE CERTIFICATE 1 MONTH NEW|4300.0|2025|APPROVED
NCC-CDF-SKL-01414|CHIFUBU|MBEWE DUNCAN|617864/61/1|973545485|CHIFUBU UNDI|M|21.0|ROAD SKILLS DRIVING CE CERTIFICATE 1 MONTH NEW|4300.0|2025|APPROVED
NCC-CDF-SKL-01415|CHIFUBU|NATHAN MAMBWE|590570/61/1|961582098|CHIFUBU UNDI|M|21.0|ROAD SKILLS DRIVING CE CERTIFICATE 1 MONTH NEW|4300.0|2025|APPROVED
NCC-CDF-SKL-01416|CHIFUBU|MBEWE VITALIS|279279/54/1|979703259|CHIFUBU UNDI|M|23.0|ROAD SKILLS DRIVING CE CERTIFICATE 1 MONTH NEW|4300.0|2025|APPROVED
NCC-CDF-SKL-01417|CHIFUBU|EDGAR KYABAKANGA|367185/64/1|762905870|CHIFUBU UNDI|M|23.0|ROAD SKILLS DRIVING CE CERTIFICATE 1 MONTH NEW|4300.0|2025|APPROVED
NCC-CDF-SKL-01418|CHIFUBU|ZIMBA SAINT|213464/19/1|770181359|CHIFUBU UNDI|M|23.0|ROAD SKILLS DRIVING CE CERTIFICATE 1 MONTH NEW|4300.0|2025|APPROVED
NCC-CDF-SKL-01419|CHIFUBU|NAMEENDA PATRICK|325584/15/1|766960423|CHIFUBU FIBUSA|M|24.0|ROAD SKILLS DRIVING CE CERTIFICATE 1 MONTH NEW|4300.0|2025|APPROVED
NCC-CDF-SKL-01420|CHIFUBU|BANDA RICHARD|322801/62/1|967702137|CHIFUBU MANGO|M|25.0|ROAD SKILLS DRIVING CE CERTIFICATE 1 MONTH NEW|4300.0|2025|APPROVED
NCC-CDF-SKL-01421|CHIFUBU|LONGWE JECAP|372441/61/1|979647449|CHIFUBU FIBUSA|M|25.0|ROAD SKILLS DRIVING CE CERTIFICATE 1 MONTH NEW|4300.0|2025|APPROVED
NCC-CDF-SKL-01422|CHIFUBU|MULENGA GODFREY|352171/61/1|974264291|CHIFUBU FIBUSA|M|25.0|ROAD SKILLS DRIVING CE CERTIFICATE 1 MONTH NEW|4300.0|2025|APPROVED
NCC-CDF-SKL-01423|CHIFUBU|BWALYA ENERST|312353/31/1|967108043|CHIFUBU FIBUSA|M|26.0|ROAD SKILLS DRIVING CE CERTIFICATE 1 MONTH NEW|4300.0|2025|APPROVED
NCC-CDF-SKL-01424|CHIFUBU|MWANZA PRISCILLA|316401/68/1|979301100|CHIFUBU FIBUSA|F|26.0|ROAD SKILLS DRIVING CE CERTIFICATE 1 MONTH NEW|4300.0|2025|APPROVED
NCC-CDF-SKL-01425|CHIFUBU|LAWARENCE KAPANSA|230080/45/1|760380089|CHIFUBU UNDI|M|26.0|ROAD SKILLS DRIVING CE CERTIFICATE 1 MONTH NEW|4300.0|2025|APPROVED
NCC-CDF-SKL-01426|CHIFUBU|CHINUNGI MUKWILA|542849/61/1|977305557|CHIFUBU UNDI|M|26.0|ROAD SKILLS DRIVING CE CERTIFICATE 1 MONTH NEW|4300.0|2025|APPROVED
NCC-CDF-SKL-01427|CHIFUBU|MALAMBO MOSES|549069/61/1|770400225|CHIFUBU UNDI|M|26.0|ROAD SKILLS DRIVING CE CERTIFICATE 1 MONTH NEW|4300.0|2025|APPROVED
NCC-CDF-SKL-01428|CHIFUBU|MWANZA ERIC TERRY|321239/68/1|962519095|CHIFUBU UNDI|M|27.0|ROAD SKILLS DRIVING CE CERTIFICATE 1 MONTH NEW|4300.0|2025|APPROVED
NCC-CDF-SKL-01429|CHIFUBU|MIICE MWANZA|536434/61/1|772999634|CHIFUBU UNDI|M|27.0|ROAD SKILLS DRIVING CE CERTIFICATE 1 MONTH NEW|4300.0|2025|APPROVED
NCC-CDF-SKL-01430|CHIFUBU|IKOSA MEMORY|514241/61/1|969887357|CHIFUBU FIBUSA|F|27.0|ROAD SKILLS DRIVING CE CERTIFICATE 1 MONTH NEW|4300.0|2025|APPROVED
NCC-CDF-SKL-01431|CHIFUBU|MAKAYI GIFT|241589/23/1|978058187|CHIFUBU FIBUSA|M|27.0|ROAD SKILLS DRIVING CE CERTIFICATE 1 MONTH NEW|4300.0|2025|APPROVED
NCC-CDF-SKL-01432|CHIFUBU|CHINUGI CHINUGI|484631/61/1|967734336|CHIFUBU FIBUSA|M|28.0|ROAD SKILLS DRIVING CE CERTIFICATE 1 MONTH NEW|4300.0|2025|APPROVED
NCC-CDF-SKL-01433|CHIFUBU|KUNDA KENNEDY|152748/93/1|971713795|CHIFUBU UNDI|M|28.0|ROAD SKILLS DRIVING CE CERTIFICATE 1 MONTH NEW|4300.0|2025|APPROVED
NCC-CDF-SKL-01434|CHIFUBU|CHISANGA BORNFACE|276224/46/1|962250378|CHIFUBU UNDI|M|28.0|ROAD SKILLS DRIVING CE CERTIFICATE 1 MONTH NEW|4300.0|2025|APPROVED
NCC-CDF-SKL-01435|CHIFUBU|CHAMA OTHNIEL|307325/68/1|960478337|CHIFUBU UNDI|M|28.0|ROAD SKILLS DRIVING CE CERTIFICATE 1 MONTH NEW|4300.0|2025|APPROVED
NCC-CDF-SKL-01436|CHIFUBU|CHIPIMO MANASE|295706/10/1|767422688|CHIFUBU UNDI|M|29.0|ROAD SKILLS DRIVING CE CERTIFICATE 1 MONTH NEW|4300.0|2025|APPROVED
NCC-CDF-SKL-01437|CHIFUBU|CHOLA PETTER|184332/35/1|779067811|CHIFUBU UNDI|M|31.0|ROAD SKILLS DRIVING CE CERTIFICATE 1 MONTH NEW|4300.0|2025|APPROVED
NCC-CDF-SKL-01438|CHIFUBU|MUMBA TYSON|190885/53/1|962567476|CHIFUBU UNDI|M|31.0|ROAD SKILLS DRIVING CE CERTIFICATE 1 MONTH NEW|4300.0|2025|APPROVED
NCC-CDF-SKL-01439|CHIFUBU|MULENGA FRANCIS|259720/63/1|967079043|CHIFUBU FIBUSA|M|31.0|ROAD SKILLS DRIVING CE CERTIFICATE 1 MONTH NEW|4300.0|2025|APPROVED
NCC-CDF-SKL-01440|CHIFUBU|TEMBO RABECCA|293628/68/1|978076211|CHIFUBU MANGO|F|31.0|ROAD SKILLS DRIVING CE CERTIFICATE 1 MONTH NEW|4300.0|2025|APPROVED
NCC-CDF-SKL-01441|CHIFUBU|MWAPE MAUREEN|272759/31/1|773547532|CHIFUBU FIBUSA|M|31.0|ROAD SKILLS DRIVING CE CERTIFICATE 1 MONTH NEW|4300.0|2025|APPROVED
NCC-CDF-SKL-01442|CHIFUBU|KALIPA KAUSENI|238827/65/1|963028807|CHIFUBU FIBUSA|M|32.0|ROAD SKILLS DRIVING CE CERTIFICATE 1 MONTH NEW|4300.0|2025|APPROVED
NCC-CDF-SKL-01443|CHIFUBU|PHIRI DONALD|301922/17/1|772677493|CHIFUBU FIBUSA|M|32.0|ROAD SKILLS DRIVING CE CERTIFICATE 1 MONTH NEW|4300.0|2025|APPROVED
NCC-CDF-SKL-01444|CHIFUBU|NALWELA MARVIS|350776/61/1|968450970|CHIFUBU FIBUSA|F|32.0|ROAD SKILLS DRIVING CE CERTIFICATE 1 MONTH NEW|4300.0|2025|APPROVED
NCC-CDF-SKL-01445|CHIFUBU|MUSANGO NHAMO|332269/61/1|760737550|CHIFUBU UNDI|M|34.0|ROAD SKILLS DRIVING CE CERTIFICATE 1 MONTH NEW|4300.0|2025|APPROVED
NCC-CDF-SKL-01446|CHIFUBU|MALAMA SUSEN|342970/33/1|971713795|CHIFUBU UNDI|F|34.0|ROAD SKILLS DRIVING CE CERTIFICATE 1 MONTH NEW|4300.0|2025|APPROVED
NCC-CDF-SKL-01447|CHIFUBU|KENNY NG'ANDU|376237/61/1|975513693|CHIFUBU UNDI|M|34.0|ROAD SKILLS DRIVING CE CERTIFICATE 1 MONTH NEW|4300.0|2025|APPROVED
NCC-CDF-SKL-01448|CHIFUBU|CHAMBANENGE|561439/61/1|972980515|CHIFUBU UNDI|F|21.0|TWIKATANE NDOLA CATERING CERTIFICATE 1 YEAR NEW|7675.0|2025|APPROVED
NCC-CDF-SKL-01449|CHIFUBU|FRIDAH MASHIMANGO|648470/61/1|978015021|CHIFUBU UNDI|F|16.0|TWIKATANE NDOLA FOOD PRODUCTION CERTIFICATE 1 YEAR NEW|7675.0|2025|APPROVED
NCC-CDF-SKL-01450|CHIFUBU|NKOMA HELLEN|554173/61/1|768657445|CHIFUBU FIBUSA|F|23.0|TWIKATANE NDOLA FOOD PRODUCTION CERTIFICATE 1 YEAR NEW|7675.0|2025|APPROVED
NCC-CDF-SKL-01451|CHIFUBU|MACHA TAMARANJI|278976/18/1|779849203|CHIFUBU FIBUSA|F|20.0|TWIKATANE NDOLA FOOD PRODUTION CERTIFICATE 1 YEAR NEW|7675.0|2025|APPROVED
NCC-CDF-SKL-01452|CHIFUBU|HABANJI JESLIN|579824/61/1|975042456|CHIFUBU FIBUSA|F|23.0|TWIKATANE NDOLA TAILORING CERTIFICATE 1 YEAR NEW|7675.0|2025|APPROVED
NCC-CDF-SKL-01453|CHIFUBU|CHILESHE DORA|432848/61/1|973891501|CHIFUBU UNDI|F|32.0|TWIKATANE NDOLA TAILORING CERTIFICATE 1 YEAR NEW|7675.0|2025|APPROVED
NCC-CDF-SKL-01454|CHIFUBU|MUNKANTA JUDITH|263844/61/1|760947394|CHIFUBU UNDI|F|21.0|ZAMBIA UNIVERSITY COMPUTER CERTIFICATE 3 MONTHS NEW|5800.0|2025|APPROVED
NCC-CDF-SKL-01455|CHIFUBU|MUSANZA DANIEL|506281/61/1|764412178|CHIFUBU UNDI|M|26.0|ZAMBIA UNIVERSITY COMPUTER CERTIFICATE 3 MONTHS NEW|5800.0|2025|APPROVED
NCC-CDF-SKL-01456|CHIFUBU|CHILESHE MATHEWS|576305/61/1|962023363|CHIFUBU UNDI|M|22.0|ZAMBIA UNIVERSITY DOMESTIC CERTIFICATE 3 MONTHS NEW|5800.0|2025|APPROVED
NCC-CDF-SKL-01457|CHIFUBU|MBEWE ABIGAIL|575616/61/1|966068381|CHIFUBU UNDI|F|21.0|ZAMBIA UNIVERSITY INFORMATION DIPLOMA 3 YEARS RETURNING|8400.0|2025|APPROVED
NCC-CDF-SKL-01458|CHIFUBU|SANISELO CLEOPATRA|973263/61/1|973540286|CHIFUBU UNDI|F|22.0|ZAMBIA UNIVERSITY INFORMATON DIPLOMA 3 YEARS RETURNING|8400.0|2025|APPROVED
NCC-CDF-SKL-01459|CHIFUBU|LUNGU GABRIEL|590152/61/1|762778429|CHIFUBU FIBUSA|M|21.0|ZAMBIA UNIVERSITY SOFTWARE CERTIFICATE 3 MONTHS NEW|5800.0|2025|APPROVED
NCC-CDF-SKL-01460|CHIFUBU|MOFYA CHISENGA|318277/45/1|972513719|CHIFUBU MANGO|M|24.0|ZAMBIA UNIVERSITY SOFTWARE CERTIFICATE 3 MONTHS NEW|5800.0|2025|APPROVED
NCC-CDF-SKL-01461|CHIFUBU|CHIBANGU ZIPPORAH|248723/61/1|972385311|FIBOBE MUKOBEKO|F|23.0|CHIFUBU SKILLS CATERING CERTIFICATE 1 YEAR NEW|4100.0|2025|APPROVED
NCC-CDF-SKL-01462|CHIFUBU|MUSONDA MAUREEN|213109/35/1|760303368|FIBOBE MUKOBEKO|F|26.0|CHIFUBU SKILLS CATERING CERTIFICATE 1 YEAR NEW|4100.0|2025|APPROVED
NCC-CDF-SKL-01463|CHIFUBU|MWALE CATHERINE|494039/61/1|976830947|FIBOBE NAKATINDI|F|29.0|CHIFUBU SKILLS CATERING CERTIFICATE 1 YEAR NEW|4100.0|2025|APPROVED
NCC-CDF-SKL-01464|CHIFUBU|KAMPAMBA ESTHER|626965/61/1|764425149|FIBOBE MATONGO|F|17.0|KABUSHI GENERAL CERTIFICATE 1 YEAR NEW|10000.0|2025|APPROVED
NCC-CDF-SKL-01465|CHIFUBU|NACHALWE MWIINJI|636863/61/1|768397931|FIBOBE FIBUSA|F|18.0|KABUSHI GENERAL CERTIFICATE 1 YEAR NEW|10000.0|2025|APPROVED
NCC-CDF-SKL-01466|CHIFUBU|MULAISHO LIZZY|666993/67/1|750817450|FIBOBE NAKATINDI|F|19.0|KABUSHI GENERAL CERTIFICATE 1 YEAR NEW|10000.0|2025|APPROVED
NCC-CDF-SKL-01467|CHIFUBU|MAINI RUTH|611448/61/1|979295063|FIBOBE MATONGO|F|20.0|KABUSHI GENERAL CERTIFICATE 1 YEAR NEW|10000.0|2025|APPROVED
NCC-CDF-SKL-01468|CHIFUBU|LUBOSHA CHILESHE|639312/61/1|767610133|FIBOBE TWENDE|M|18.0|NORTEC DIPLOMA IN HEAVY DIPLOMA 3 YEARS NEW|14350.0|2025|APPROVED
NCC-CDF-SKL-01469|CHIFUBU|CHAMA BLESSINGS|624059/61/1|968932159|FIBOBE MATONGO|M|20.0|NORTEC ELECTRICAL DIPLOMA 3 YEARS RETURNING|8700.0|2025|APPROVED
NCC-CDF-SKL-01470|CHIFUBU|MUNDANDWE|148388/69/1|9677106157|FIBOBE NAKATINDI|M|26.0|NORTEC ELECTRICAL DIPLOMA 3 YEARS RETURNING|8700.0|2025|APPROVED
NCC-CDF-SKL-01471|CHIFUBU|LUDIYA MAPESHO|205605/85/1|||M|26.0|977794670 FIBOBE SATHY SAI 2 M 26 NORTEC ELECTRICAL DIPLOMA 3 YEARS NEW|9000.0|2025|APPROVED
NCC-CDF-SKL-01472|CHIFUBU|MOONDE CHOOLWE|438565/16/1|972152910|FIBOBE MATONGO|M|25.0|NORTEC HEAVY EQUIPMENT DIPLOMA 3 YEARS RETURNING|14350.0|2025|APPROVED
NCC-CDF-SKL-01473|CHIFUBU|SIMBULE INNOCENT|423683/61/1|763015828|FIBOBE FIBUSA|M|31.0|NORTEC HEAVY EQUIPMENT DIPLOMA 3 YEARS RETURNING|14350.0|2025|APPROVED
NCC-CDF-SKL-01474|CHIFUBU|NYONDO HENRY|542097/61/1|||M|24.0|765815718 FIBOBE JUMBE 1 M 24 NORTEC MECHANIC FITTING DIPLOMA 3 YEARS RETURNING|9100.0|2025|APPROVED
NCC-CDF-SKL-01475|CHIFUBU|NCHIMUNYA BEENZU|567365/61/1|767188664|FIBOBE NAKATINDI|M|21.0|NORTEC MECHANICAL DIPLOMA 3 YEARS RETURNING|9100.0|2025|APPROVED
NCC-CDF-SKL-01476|CHIFUBU|MUSONDA DOUGLOUS|284493/68/1|965552025|FIBOBE NAKATINDI|M|29.0|NORTEC REFRIDGERATION CERTIFICATE 1 MONTH NEW|4350.0|2025|APPROVED
NCC-CDF-SKL-01477|CHIFUBU|MTONGA VIOLET|620143/61/1|965288928|FIBOBE NAKATINDI|F|20.0|NORTHERN AUTOMOTIVE CERTIFICATE 1 YEAR NEW|21050.0|2025|APPROVED
NCC-CDF-SKL-01478|CHIFUBU|MWAMBA NATASHA|354858/66/1|968089878|FIBOBE NAKATINDI|F|26.0|NORTHERN AUTOMOTIVE CERTIFICATE 1 YEAR NEW|21050.0|2025|APPROVED
NCC-CDF-SKL-01479|CHIFUBU|MUMBI EVELYN|522579/61/1|960362061|FIBOBE NAKATINDI|F|26.0|NORTHERN AUTOMOTIVE CERTIFICATE 1 YEAR NEW|21050.0|2025|APPROVED
NCC-CDF-SKL-01480|CHIFUBU|PHIRI CHIKONJIWE|528367/61/1|967803077|FIBOBE NAKATINDI|F|26.0|NORTHERN AUTOMOTIVE CERTIFICATE 1 YEAR NEW|21050.0|2025|APPROVED
NCC-CDF-SKL-01481|CHIFUBU|MULOMNGA ESTHER|637235/61/1|768131177|FIBOBE MUKOBEKO|F|17.0|NORTHERN ELECTRICAL CERTIFICATE 1 YEAR NEW|21750.0|2025|APPROVED
NCC-CDF-SKL-01482|CHIFUBU|NG'AMBI EMMANUEL|550905/61/1|976033326|FIBOBE NAKATINDI|M|22.0|NORTHERN ELECTRICAL CERTIFICATE 1 YEAR NEW|21750.0|2025|APPROVED
NCC-CDF-SKL-01483|CHIFUBU|MULOMBA MOSES|554184/61/1|974997474|FIBOBE FIBUSA|M|22.0|NORTHERN ELECTRICAL CERTIFICATE 1 YEAR NEW|21750.0|2025|APPROVED
NCC-CDF-SKL-01484|CHIFUBU|CHANDA ROSEMARY|221033/91/1|967646628|FIBOBE FIBUSA|F|24.0|NORTHERN ELECTRICAL CERTIFICATE 1 YEAR NEW|21750.0|2025|APPROVED
NCC-CDF-SKL-01485|CHIFUBU|BANDA DOUBT|695882/52/1|||M|25.0|960169109 FIBOBE JUMBE 1 M 25 NORTHERN ELECTRICAL CERTIFICATE 1 YEAR NEW|21750.0|2025|APPROVED
NCC-CDF-SKL-01486|CHIFUBU|BWALYA CLEMENT|240681/46/1|||M|28.0|0 FIBOBE FIBUSA M 28 NORTHERN ELECTRICAL CERTIFICATE 1 YEAR NEW|21750.0|2025|APPROVED
NCC-CDF-SKL-01487|CHIFUBU|MULENGA LUCKSON|479118/61/1|966886194|FIBOBE NAKATINDI|M|28.0|NORTHERN ELECTRICAL CERTIFICATE 1 YEAR NEW|21750.0|2025|APPROVED
NCC-CDF-SKL-01488|CHIFUBU|KAPITANGO AGNESS|123016/69/1|962953808|FIBOBE MUKOBEKO|F|33.0|NORTHERN ELECTRICAL CERTIFICATE 1 YEAR NEW|21750.0|2025|APPROVED
NCC-CDF-SKL-01489|CHIFUBU|CHOLA SYDNEY|256174/46/1|972700784|FIBOBE NANGA|M|24.0|NORTHERN ELECTRICAL CERTIFICATE 1 YEAR NEW|21750.0|2025|APPROVED
NCC-CDF-SKL-01490|CHIFUBU|MWILA RICHARD|374270/32/1|763588314|FIBOBE MUKOBEKO|M|22.0|NORTHERN ELECTRICAL CERTIFICATE 1 YEAR NEW|21750.0|2025|APPROVED
NCC-CDF-SKL-01491|CHIFUBU|CHIPULU DIANA|465256/67/1|969271147|FIBOBE MUKOBEKO|F|32.0|NORTHERN ELECTRICAL CERTIFICATE 1 YEAR NEW|21750.0|2025|APPROVED
NCC-CDF-SKL-01492|CHIFUBU|ZIMBA DOROTHY|461429/61/1|966832228|FIBOBE NAKATINDI|F|29.0|NORTHERN FASHION DESIGN CERTIFICATE 1 YEAR NEW|21750.0|2025|APPROVED
NCC-CDF-SKL-01493|CHIFUBU|KEKELWA MUZIBA|416375/61/1|969413685|FIBOBE NAKATINDI|F|32.0|NORTHERN FASHION DESIGN CERTIFICATE 1 YEAR NEW|21750.0|2025|APPROVED
NCC-CDF-SKL-01494|CHIFUBU|KALUBA ANNIE|339494/61/1|765088990|FIBOBE NAKATINDI|F|24.0|NORTHERN FOOD PRODUCTION CERTIFICATE 1 YEAR NEW|20575.0|2025|APPROVED
NCC-CDF-SKL-01495|CHIFUBU|NALUNGWE SAKANAJI|576507/61/1|965568412|FIBOBE MATONGO|F|21.0|NORTHERN FOOD PRODUTION CERTIFICATE 1 YEAR NEW|20575.0|2025|APPROVED
NCC-CDF-SKL-01496|CHIFUBU|NKOLE MILBELL|392785/43/1|||F|22.0|975189245 FIBOBE JUMBE 1 F 22 NORTHERN FOOD PRODUTION CERTIFICATE 1 YEAR NEW|20575.0|2025|APPROVED
NCC-CDF-SKL-01497|CHIFUBU|CHISHALA CATHERINE|308500/66/1|||F|34.0|773163378 FIBOBE JUMBE 1 F 34 NORTHERN FOOD PRODUTION CERTIFICATE 1 YEAR NEW|20575.0|2025|APPROVED
NCC-CDF-SKL-01498|CHIFUBU|WINGULULU ENERST|633597/61/1|962804506|FIBOBE MATONGO|M|18.0|NORTHERN METAL CERTIFICATE 1 YEAR NEW|25550.0|2025|APPROVED
NCC-CDF-SKL-01499|CHIFUBU|PHIRI NGOZA|566403/61/1|||M|22.0|766361117 FIBOBE JUMBE 1 M 22 NORTHERN METAL CERTIFICATE 1 YEAR NEW|25550.0|2025|APPROVED
NCC-CDF-SKL-01500|CHIFUBU|KANIKI RICHARD|177045/69/1|765467988|FIBOBE NANGA|M|20.0|ROAD RANGE MACHINE CERTIFICATE 1 MONTH NEW|6750.0|2025|APPROVED
NCC-CDF-SKL-01501|CHIFUBU|MUMBA CHARLES|392055/24/1|||M|22.0|965452537 FIBOBE JUMBE 1 M 22 ROAD RANGE MACHINE CERTIFICATE 1 MONTH NEW|6750.0|2025|APPROVED
NCC-CDF-SKL-01502|CHIFUBU|MUTALE MUMA|574706/61/1|||M|23.0|770913885 FIBOBE JUMBE 1 M 23 ROAD RANGE MACHINE CERTIFICATE 1 MONTH NEW|6750.0|2025|APPROVED
NCC-CDF-SKL-01503|CHIFUBU|BWALYA MICHEAL|541373/61/1|762064717|FIBOBE KASOMPE|M|24.0|ROAD RANGE MACHINE CERTIFICATE 1 MONTH NEW|6750.0|2025|APPROVED
NCC-CDF-SKL-01504|CHIFUBU|HAMABUYU BENSON|491307/61/1|961563440|FIBOBE KASOMPE|M|26.0|ROAD RANGE MACHINE CERTIFICATE 1 MONTH NEW|6750.0|2025|APPROVED
NCC-CDF-SKL-01505|CHIFUBU|MUONDA INNOCENT|227133/35/1|768278811|FIBOBE KASOMPE|M|27.0|ROAD RANGE MACHINE CERTIFICATE 1 MONTH NEW|6750.0|2025|APPROVED
NCC-CDF-SKL-01506|CHIFUBU|TEMBO BEST|445158/61/1|964198329|FIBOBE KASOMPE|M|31.0|ROAD RANGE MACHINE CERTIFICATE 1 MONTH NEW|6750.0|2025|APPROVED
NCC-CDF-SKL-01507|CHIFUBU|SIAME LLYOD|382323/61/1|962901292|FIBOBE KASOMPE|M|33.0|ROAD RANGE MACHINE CERTIFICATE 1 MONTH NEW|6750.0|2025|APPROVED
NCC-CDF-SKL-01508|CHIFUBU|PHIRI NORMAN|414524/61/1|974164930|FIBOBE KASOMPE|M|34.0|ROAD RANGE MACHINE CERTIFICATE 1 MONTH NEW|6750.0|2025|APPROVED
NCC-CDF-SKL-01509|CHIFUBU|KENNEDY CHILUFYA|510328/61/1|773500410|FIBOBE KASOMPE|M|28.0|ROAD SKILLS DRIVING CE CERTIFICATE 1 MONTH NEW|4300.0|2025|APPROVED
NCC-CDF-SKL-01510|CHIFUBU|HAMALAMBO BRINEL|635350/61/1|966144318|FIBOBE KASOMPE|M|18.0|ROAD SKILLS DRIVING CE CERTIFICATE 1 MONTH NEW|4300.0|2025|APPROVED
NCC-CDF-SKL-01511|CHIFUBU|NTONGO CHIKONJIWE|428768/65/1|773355600|FIBOBE KASOMPE|F|19.0|ROAD SKILLS DRIVING CE CERTIFICATE 1 MONTH NEW|4300.0|2025|APPROVED
NCC-CDF-SKL-01512|CHIFUBU|TAIPWA ADRIAN CHALI|641064/61/1|961745703|FIBOBE KASOMPE|M|19.0|ROAD SKILLS DRIVING CE CERTIFICATE 1 MONTH NEW|4300.0|2025|APPROVED
NCC-CDF-SKL-01513|CHIFUBU|MULENGA MARCUS|641491/61/1|967672356|FIBOBE TWENDE|M|20.0|ROAD SKILLS DRIVING CE CERTIFICATE 1 MONTH NEW|4300.0|2025|APPROVED
NCC-CDF-SKL-01514|CHIFUBU|KAJOBA SANTE|609791/61/1|767131459|FIBOBE KASOMPE|M|21.0|ROAD SKILLS DRIVING CE CERTIFICATE 1 MONTH NEW|4300.0|2025|APPROVED
NCC-CDF-SKL-01515|CHIFUBU|NSAMA AMOS CHIPILI|549876/61/1|765471574|FIBOBE KASOMPE|M|22.0|ROAD SKILLS DRIVING CE CERTIFICATE 1 MONTH NEW|4300.0|2025|APPROVED
NCC-CDF-SKL-01516|CHIFUBU|MUKONDE BENARD|555150/61/1|964410035|FIBOBE MUKOBEKO|M|23.0|ROAD SKILLS DRIVING CE CERTIFICATE 1 MONTH NEW|4300.0|2025|APPROVED
NCC-CDF-SKL-01517|CHIFUBU|MUNDALILA LANGSON|562102/61/1|967521848|FIBOBE KASOMPE|M|23.0|ROAD SKILLS DRIVING CE CERTIFICATE 1 MONTH NEW|4300.0|2025|APPROVED
NCC-CDF-SKL-01518|CHIFUBU|LUNGU MAYNARD|548591/61/1|761544123|FIBOBE MUKOBEKO|M|24.0|ROAD SKILLS DRIVING CE CERTIFICATE 1 MONTH NEW|4300.0|2025|APPROVED
NCC-CDF-SKL-01519|CHIFUBU|PHIRI DAVIES|564961/61/1|763233679|FIBOBE MUKOBEKO|M|24.0|ROAD SKILLS DRIVING CE CERTIFICATE 1 MONTH NEW|4300.0|2025|APPROVED
NCC-CDF-SKL-01520|CHIFUBU|MWAPE WILBROAD|576346/61/1|762188161|FIBOBE KASOMPE|M|24.0|ROAD SKILLS DRIVING CE CERTIFICATE 1 MONTH NEW|4300.0|2025|APPROVED
NCC-CDF-SKL-01521|CHIFUBU|CHISULO MARANATHA|569408/10/1|764613148|FIBOBE KASOMPE|F|25.0|ROAD SKILLS DRIVING CE CERTIFICATE 1 MONTH NEW|4300.0|2025|APPROVED
NCC-CDF-SKL-01522|CHIFUBU|LEWILA TAZI|337113/68/1|776300204|FIBOBE KASOMPE|M|26.0|ROAD SKILLS DRIVING CE CERTIFICATE 1 MONTH NEW|4300.0|2025|APPROVED
NCC-CDF-SKL-01523|CHIFUBU|LWATULA EMMANUEL|347662/64/1|779726276|FIBOBE MUKOBEKO|M|26.0|ROAD SKILLS DRIVING CE CERTIFICATE 1 MONTH NEW|4300.0|2025|APPROVED
NCC-CDF-SKL-01524|CHIFUBU|BWALYA LEVISON|514134/61/1|960483369|FIBOBE MUKOBEKO|M|26.0|ROAD SKILLS DRIVING CE CERTIFICATE 1 MONTH NEW|4300.0|2025|APPROVED
NCC-CDF-SKL-01525|CHIFUBU|MUSONDA THOMAS|501106/61/1|961696483|FIBOBE MUKOBEKO|M|27.0|ROAD SKILLS DRIVING CE CERTIFICATE 1 MONTH NEW|4300.0|2025|APPROVED
NCC-CDF-SKL-01526|CHIFUBU|MWAPE GIFT|501220/61/1|||M|27.0|776081062 FIBOBE JUMBE 1 M 27 ROAD SKILLS DRIVING CE CERTIFICATE 1 MONTH NEW|4300.0|2025|APPROVED
NCC-CDF-SKL-01527|CHIFUBU|BUNGWA LUNDA|304678/62/1|963922126|FIBOBE TWENDE|M|28.0|ROAD SKILLS DRIVING CE CERTIFICATE 1 MONTH NEW|4300.0|2025|APPROVED
NCC-CDF-SKL-01528|CHIFUBU|MWELWA DAVID|340023/64/1|966979176|FIBOBE TEMWENI|M|28.0|ROAD SKILLS DRIVING CE CERTIFICATE 1 MONTH NEW|4300.0|2025|APPROVED
NCC-CDF-SKL-01529|CHIFUBU|BWALYA MWABA|466970/61/1|961552589|FIBOBE TEMWENI|M|28.0|ROAD SKILLS DRIVING CE CERTIFICATE 1 MONTH NEW|4300.0|2025|APPROVED
NCC-CDF-SKL-01530|CHIFUBU|MAMBWE BENSON|478588/61/1|767130946|FIBOBE TWENDE|M|28.0|ROAD SKILLS DRIVING CE CERTIFICATE 1 MONTH NEW|4300.0|2025|APPROVED
NCC-CDF-SKL-01531|CHIFUBU|MULINZE TRACIOUS|481286/10/1|769888607|FIBOBE KASOMPE|M|28.0|ROAD SKILLS DRIVING CE CERTIFICATE 1 MONTH NEW|4300.0|2025|APPROVED
NCC-CDF-SKL-01532|CHIFUBU|CHINGUNDU SERAH|488788/61/1|965439695|FIBOBE MUKOBEKO|F|28.0|ROAD SKILLS DRIVING CE CERTIFICATE 1 MONTH NEW|4300.0|2025|APPROVED
NCC-CDF-SKL-01533|CHIFUBU|PHIRI MICHEAL|329264/10/1|979268612|FIBOBE KASOMPE|M|29.0|ROAD SKILLS DRIVING CE CERTIFICATE 1 MONTH NEW|4300.0|2025|APPROVED
NCC-CDF-SKL-01534|CHIFUBU|SICHAMBA PATRICK|475060/61/1|||M|29.0|772439912 FIBOBE JUMBE 1 M 29 ROAD SKILLS DRIVING CE CERTIFICATE 1 MONTH NEW|4300.0|2025|APPROVED
NCC-CDF-SKL-01535|CHIFUBU|KAJOBA HOPE|471821/61/1|961643102|FIBOBE MUKOBEKO|F|29.0|ROAD SKILLS DRIVING CE CERTIFICATE 1 MONTH NEW|4300.0|2025|APPROVED
NCC-CDF-SKL-01536|CHIFUBU|MPEPO MUBANGA|479215/61/1|777989185|FIBOBE MUKOBEKO|M|29.0|ROAD SKILLS DRIVING CE CERTIFICATE 1 MONTH NEW|4300.0|2025|APPROVED
NCC-CDF-SKL-01537|CHIFUBU|TEMBO TEMWANI|533373/61/1|961088485|FIBOBE NAKATINDI|F|29.0|ROAD SKILLS DRIVING CE CERTIFICATE 1 MONTH NEW|4300.0|2025|APPROVED
NCC-CDF-SKL-01538|CHIFUBU|MWILA MICHEAL|432165/61/1|961728165|FIBOBE MATONGO|M|31.0|ROAD SKILLS DRIVING CE CERTIFICATE 1 MONTH NEW|4300.0|2025|APPROVED
NCC-CDF-SKL-01539|CHIFUBU|SITALI RAPHEAL|446463/61/1|976786678|FIBOBE FIBUSA|M|31.0|ROAD SKILLS DRIVING CE CERTIFICATE 1 MONTH NEW|4300.0|2025|APPROVED
NCC-CDF-SKL-01540|CHIFUBU|MWITWA JOSEPH|452344/61/1|971962782|FIBOBE MATONGO|M|31.0|ROAD SKILLS DRIVING CE CERTIFICATE 1 MONTH NEW|4300.0|2025|APPROVED
NCC-CDF-SKL-01541|CHIFUBU|KACHALI HAGGAI|452829/61/1|770487404|FIBOBE NAKATINDI|M|31.0|ROAD SKILLS DRIVING CE CERTIFICATE 1 MONTH NEW|4300.0|2025|APPROVED
NCC-CDF-SKL-01542|CHIFUBU|KAPEMA ANASTASIA|343045/66/1|967242926|FIBOBE MATONGO|F|32.0|ROAD SKILLS DRIVING CE CERTIFICATE 1 MONTH NEW|4300.0|2025|APPROVED
NCC-CDF-SKL-01543|CHIFUBU|KANGOLO SHADRICK|417021/61/1|967316045|FIBOBE TWENDE|M|32.0|ROAD SKILLS DRIVING CE CERTIFICATE 1 MONTH NEW|4300.0|2025|APPROVED
NCC-CDF-SKL-01544|CHIFUBU|SWATANI AUBREY|413760/61/1|973640595|FIBOBE MATONGO|M|33.0|ROAD SKILLS DRIVING CE CERTIFICATE 1 MONTH NEW|4300.0|2025|APPROVED
NCC-CDF-SKL-01545|CHIFUBU|SANDALA COLLINS|442989/61/1|977658058|FIBOBE NAKATINDI|M|33.0|ROAD SKILLS DRIVING CE CERTIFICATE 1 MONTH NEW|4300.0|2025|APPROVED
NCC-CDF-SKL-01546|CHIFUBU|SAWONO SARAH|605932/61/1|||F|20.0|774798748 FIBOBE SATHY SAI 3 F 20 TWIKATANE NDOLA CATERING CERTIFICATE 1 YEAR NEW|7675.0|2025|APPROVED
NCC-CDF-SKL-01547|CHIFUBU|SAIMANGO SHARON|630409/61/1|961527848|FIBOBE MATONGO|F|21.0|TWIKATANE NDOLA INFORMATION CERTIFICATE 1 YEAR NEW|7675.0|2025|APPROVED
NCC-CDF-SKL-01548|CHIFUBU|AKUFUNA ERIC|552796/61/1|974680534|FIBOBE TWENDE|M|25.0|ZAMBIA UNIVERSITY COMPUTER CERTIFICATE 3 MONTHS NEW|5800.0|2025|APPROVED
NCC-CDF-SKL-01549|CHIFUBU|KAPOTWE MUKUKA|484668/61/1|972075127|FIBOBE FIBUSA|M|28.0|ZAMBIA UNIVERSITY COMPUTER CERTIFICATE 3 MONTHS NEW|5800.0|2025|APPROVED
NCC-CDF-SKL-01550|CHIFUBU|NKONDE KIMBERLY|638055/61/1|||F|17.0|766167934 FIBOBE JUMBE 2 F 17 ZAMBIA UNIVERSITY DOMESTIC CERTIFICATE 3 MONTHS NEW|5800.0|2025|APPROVED
NCC-CDF-SKL-01551|CHIFUBU|MUSA MONICA|627658/61/1|978815912|FIBOBE NAKATINDI|F|19.0|ZAMBIA UNIVERSITY DOMESTIC CERTIFICATE 3 MONTHS NEW|5800.0|2025|APPROVED
NCC-CDF-SKL-01552|CHIFUBU|MUSONDA FEBBY|598946/61/1|962588016|FIBOBE NAKATINDI|F|20.0|ZAMBIA UNIVERSITY DOMESTIC CERTIFICATE 3 MONTHS NEW|5800.0|2025|APPROVED
NCC-CDF-SKL-01553|CHIFUBU|BWALYA LENARD|624822/61/1|974815806|FIBOBE NAKATINDI|M|20.0|ZAMBIA UNIVERSITY DOMESTIC CERTIFICATE 3 MONTHS NEW|5800.0|2025|APPROVED
NCC-CDF-SKL-01554|CHIFUBU|SANDALA NATASHA|632462/61/1|767844426|FIBOBE NAKATINDI|F|18.0|ZAMBIA UNIVERSITY ELECTRICAL AND DIPLOMA 3 YEARS RETURNING|8400.0|2025|APPROVED
NCC-CDF-SKL-01555|CHIFUBU|MULENGA CATHERINE|633499/61/1|761680137|FIBOBE NAKATINDI|F|18.0|ZAMBIA UNIVERSITY INFORMATON DIPLOMA 3 YEARS RETURNING|8400.0|2025|APPROVED
NCC-CDF-SKL-01556|CHIFUBU|MUMBA NCHIMA|635690/61/1|979268612|FIBOBE NAKATINDI|M|19.0|ZAMBIA UNIVERSITY INFORMATON DIPLOMA 3 YEARS RETURNING|8400.0|2025|APPROVED
NCC-CDF-SKL-01557|CHIFUBU|MUNSHYA RACHEAL|536474/61/1|962240969|FIBOBE MUKOBEKO|F|25.0|ZAMBIA UNIVERSITY INFORMATON DIPLOMA 3 YEARS RETURNING|8400.0|2025|APPROVED
NCC-CDF-SKL-01558|CHIFUBU|MUNSHYA COLLINS|476595/61/1|777443391|FIBOBE NAKATINDI|M|27.0|ZAMBIA UNIVERSITY INFORMATON DIPLOMA 3 YEARS RETURNING|8401.0|2025|APPROVED
NCC-CDF-SKL-01559|CHIFUBU|CHISANGA SILVIA|602461/61/1|764702289|KAMBA MANGO|F|21.0|CHIFUBU SKILLS CATERING CERTIFICATE 1 YEAR NEW|4100.0|2025|APPROVED
NCC-CDF-SKL-01560|CHIFUBU|NALWAMBA ESTHER|334103/62/1|973178693|KAMBA MANGO|F|21.0|KABUSHI GENERAL CERTIFICATE 1 YEAR NEW|10000.0|2025|APPROVED
NCC-CDF-SKL-01561|CHIFUBU|NAWALE CHARITY|272106/47/1|763416014|KAMBA MANGO|F|29.0|KABUSHI GENERAL CERTIFICATE 1 YEAR NEW|10000.0|2025|APPROVED
NCC-CDF-SKL-01562|CHIFUBU|BWALE BRENDAH|285259/32/1|977942542|KAMBA MANGO|F|33.0|KABUSHI GENERAL CERTIFICATE 1 YEAR NEW|10000.0|2025|APPROVED
NCC-CDF-SKL-01563|CHIFUBU|NKANDU RYAN|577318/61/1|769121532|KAMBA MANGO|M|21.0|NDOLA SKILLS AUTOMOTIVE CERTIFICATE 1 YEAR NEW|4300.0|2025|APPROVED
NCC-CDF-SKL-01564|CHIFUBU|MOFYA BENSON|598889/61/1|767417347|KAMBA MANGO|M|22.0|NORTEC CRAFT CERTIFICATE CERTIFICATE 2 YEARS NEW|7600.0|2025|APPROVED
NCC-CDF-SKL-01565|CHIFUBU|MULANDULA JUSTINA|587546/61/1|961808719|KAMBA MANGO|F|20.0|NORTEC DIPLOMA IN DIPLOMA 3 YEARS NEW|8700.0|2025|APPROVED
NCC-CDF-SKL-01566|CHIFUBU|SAKALA GEORGE|609550/61/1|965568349|KAMBA MANGO|M|20.0|NORTEC DIPLOMA IN HEAVY DIPLOMA 3 YEARS RETURNING|14350.0|2025|APPROVED
NCC-CDF-SKL-01567|CHIFUBU|JONATHAN MUTALE|617396/61/1|763308095|KAMBA MANGO|M|20.0|NORTEC HEAVY EQUIPMENT DIPLOMA 3 YEARS RETURNING|14350.0|2025|APPROVED
NCC-CDF-SKL-01568|CHIFUBU|MORGAN MUYEMBE|445166/61/1|973267122|KAMBA MANGO|M|32.0|NORTEC HEAVY EQUIPMENT TRADE 1 YEAR NEW|14350.0|2025|APPROVED
NCC-CDF-SKL-01569|CHIFUBU|LYEMPE OLIVER|490428/61/1|772835677|KAMBA MANGO|M|27.0|NORTEC REFRIDGERATION CERTIFICATE 1 MONTH NEW|4350.0|2025|APPROVED
NCC-CDF-SKL-01570|CHIFUBU|MWANANGA JOYCE|617275/61/1|767212793|KAMBA MANGO|F|20.0|NORTHERN AUTOMOTIVE CERTIFICATE 1 YEAR NEW|25550.0|2025|APPROVED
NCC-CDF-SKL-01571|CHIFUBU|SINYANGWE BERVIN|485722/61/1|967845246|KAMBA MANGO|M|30.0|NORTHERN AUTOMOTIVE CERTIFICATE 1 YEAR NEW|25550.0|2025|APPROVED
NCC-CDF-SKL-01572|CHIFUBU|MWANSA GIFT|631007/61/1|766824320|KAMBA BUYANTA|M|19.0|NORTHERN AUTOMOTIVE CERTIFICATE 1 YEAR NEW|21050.0|2025|APPROVED
NCC-CDF-SKL-01573|CHIFUBU|MUSONDA REGINA|517208/61/1|966041038|KAMBA KANYANJ|M|26.0|NORTHERN AUTOMOTIVE CERTIFICATE 1 YEAR NEW|21050.0|2025|APPROVED
NCC-CDF-SKL-01574|CHIFUBU|MUSONDA ALFRED|515881/61/1|961577058|KAMBA LEA LUI|M|27.0|NORTHERN AUTOMOTIVE CERTIFICATE 1 YEAR NEW|21050.0|2025|APPROVED
NCC-CDF-SKL-01575|CHIFUBU|SIMBEYA CHRISPIN|113670/93/1|978160644|KAMBA TEMWENI|M|34.0|NORTHERN AUTOMOTIVE CERTIFICATE 1 YEAR NEW|21050.0|2025|APPROVED
NCC-CDF-SKL-01576|CHIFUBU|CHALO CLYDE|602209/61/1|764751988|KAMBA LEA LUI|M|20.0|NORTHERN ELECTRICAL CERTIFICATE 1 YEAR NEW|21750.0|2025|APPROVED
NCC-CDF-SKL-01577|CHIFUBU|MUMBA PHYTHIAS|311291/32/1|964553283|KAMBA TEMWENI|M|24.0|NORTHERN ELECTRICAL CERTIFICATE 1 YEAR NEW|21750.0|2025|APPROVED
NCC-CDF-SKL-01578|CHIFUBU|BANDA JACKSON|566247/61/1|966749713|KAMBA TEMWENI|M|24.0|NORTHERN ELECTRICAL CERTIFICATE 1 YEAR NEW|21750.0|2025|APPROVED
NCC-CDF-SKL-01579|CHIFUBU|BANDA MOSES|545126/61/1|970306182|KAMBA TEMWENI|M|25.0|NORTHERN ELECTRICAL CERTIFICATE 1 YEAR NEW|21750.0|2025|APPROVED
NCC-CDF-SKL-01580|CHIFUBU|CHRISTABEL MWANSA|491902/61/1|961691949|KAMBA TEMWENI|M|28.0|NORTHERN ELECTRICAL CERTIFICATE 1 YEAR NEW|21750.0|2025|APPROVED
NCC-CDF-SKL-01581|CHIFUBU|KABWE STANSLOUS|477212/61/1|972795256|KAMBA TEMWENI|M|29.0|NORTHERN ELECTRICAL CERTIFICATE 1 YEAR NEW|21750.0|2025|APPROVED
NCC-CDF-SKL-01582|CHIFUBU|KAUNDA ALFRED|473782/61/1|973414224|KAMBA TEMWENI|M|32.0|NORTHERN ELECTRICAL CERTIFICATE 1 YEAR NEW|21750.0|2025|APPROVED
NCC-CDF-SKL-01583|CHIFUBU|PRECIOUS TEMBO|354966/61/1|768245600|KAMBA TEMWENI|F|26.0|NORTHERN FASHION DESIGN CERTIFICATE 1 YEAR NEW|21750.0|2025|APPROVED
NCC-CDF-SKL-01584|CHIFUBU|BOWA SALOME|252572/46/1|972460471|KAMBA TEMWENI|F|27.0|NORTHERN FASHION DESIGN CERTIFICATE 1 YEAR NEW|21750.0|2025|APPROVED
NCC-CDF-SKL-01585|CHIFUBU|CHINKALATA|634184/61/1|779059355|KAMBA TEMWENI|M|18.0|NORTHERN METAL CERTIFICATE 1 YEAR NEW|25550.0|2025|APPROVED
NCC-CDF-SKL-01586|CHIFUBU|NGOSA SAVIOUR|393016/32/1|772221547|KAMBA TEMWENI|M|22.0|NORTHERN METAL CERTIFICATE 1 YEAR NEW|25550.0|2025|APPROVED
NCC-CDF-SKL-01587|CHIFUBU|MALAYA EDWARD|356490/66/1|965701931|KAMBA TEMWENI|M|25.0|NORTHERN METAL CERTIFICATE 1 YEAR NEW|25550.0|2025|APPROVED
NCC-CDF-SKL-01588|CHIFUBU|SHANUAL MULENGA|514589/61/1|763567719|KAMBA TEMWENI|M|26.0|NORTHERN METAL CERTIFICATE 1 YEAR NEW|25550.0|2025|APPROVED
NCC-CDF-SKL-01589|CHIFUBU|MACHAMBA MARY|324568/68/1|960171626|KAMBA TEMWENI|F|29.0|NORTHERN METAL CERTIFICATE 1 YEAR NEW|25550.0|2025|APPROVED
NCC-CDF-SKL-01590|CHIFUBU|CHOMBA CHISANGA|420335/61/1|974387175|KAMBA TEMWENI|F|32.0|NORTHERN METAL CERTIFICATE 1 YEAR NEW|25550.0|2025|APPROVED
NCC-CDF-SKL-01591|CHIFUBU|CHANGALA NELSON|215497/46/1|969127923|KAMBA TEMWENI|M|33.0|NORTHERN METAL CERTIFICATE 1 YEAR NEW|25550.0|2025|APPROVED
NCC-CDF-SKL-01592|CHIFUBU|VALENTINE SILOKA|247645/12/1|973115006|KAMBA TEMWENI|M|33.0|NORTHERN METAL CERTIFICATE 1 YEAR NEW|25550.0|2025|APPROVED
NCC-CDF-SKL-01593|CHIFUBU|STEWARD KALUNGA|390704/61/1|969365860|KAMBA TEMWENI|M|18.0|ROAD RANGE MACHINE CERTIFICATE 1 MONTH NEW|6750.0|2025|APPROVED
NCC-CDF-SKL-01594|CHIFUBU|FWENETI FLORENCE|572703/61/1|760467133|KAMBA TEMWENI|F|21.0|ROAD RANGE MACHINE CERTIFICATE 1 MONTH NEW|6750.0|2025|APPROVED
NCC-CDF-SKL-01595|CHIFUBU|SIAME SAMUEL|572786/61/1|766410911|KAMBA TEMWENI|M|22.0|ROAD RANGE MACHINE CERTIFICATE 1 MONTH NEW|6750.0|2025|APPROVED
NCC-CDF-SKL-01596|CHIFUBU|MUTALE DAVID|514127/61/1|965743175|KAMBA BUYANTA|M|27.0|ROAD RANGE MACHINE CERTIFICATE 1 MONTH NEW|6750.0|2025|APPROVED
NCC-CDF-SKL-01597|CHIFUBU|CHRISTOPHER KUNDA|521654/61/1|765205307|KAMBA TEMWENI|M|28.0|ROAD RANGE MACHINE CERTIFICATE 1 MONTH NEW|6750.0|2025|APPROVED
NCC-CDF-SKL-01598|CHIFUBU|SAMUKENGE BELINDA|524603/61/1|964605661|KAMBA TEMWENI|F|28.0|ROAD RANGE MACHINE CERTIFICATE 1 MONTH NEW|6750.0|2025|APPROVED
NCC-CDF-SKL-01599|CHIFUBU|SAKA CHIWELU|518119/61/1|974994743|KAMBA TEMWENI|M|29.0|ROAD RANGE MACHINE CERTIFICATE 1 MONTH NEW|6750.0|2025|APPROVED
NCC-CDF-SKL-01600|CHIFUBU|KALUMBA RUTH|480058/67/1|779727685|KAMBA MANGO|F|30.0|ROAD RANGE MACHINE CERTIFICATE 1 MONTH NEW|6750.0|2025|APPROVED
NCC-CDF-SKL-01601|CHIFUBU|MWALE MAYANGA|424530/61/1|968850629|KAMBA TEMWENI|M|31.0|ROAD RANGE MACHINE CERTIFICATE 1 MONTH NEW|6750.0|2025|APPROVED
NCC-CDF-SKL-01602|CHIFUBU|NYIRENDA ELINA|460505/61/1|978734882|KAMBA LEA LUI|F|31.0|ROAD RANGE MACHINE CERTIFICATE 1 MONTH NEW|6750.0|2025|APPROVED
NCC-CDF-SKL-01603|CHIFUBU|PAUL|631670/61/1|768652889|KAMBA TEMWENI|M|17.0|ROAD SKILLS DRIVING CE CERTIFICATE 1 MONTH NEW|4300.0|2025|APPROVED
NCC-CDF-SKL-01604|CHIFUBU|CHISALA GERSHOM|650758/10/1|966986972|KAMBA MITENGO|M|24.0|ROAD SKILLS DRIVING CE CERTIFICATE 1 MONTH NEW|4300.0|2025|APPROVED
NCC-CDF-SKL-01605|CHIFUBU|MULENGA GLORIA|506009/61/1|764197390|KAMBA TEMWENI|F|26.0|ROAD SKILLS DRIVING CE CERTIFICATE 1 MONTH NEW|4300.0|2025|APPROVED
NCC-CDF-SKL-01606|CHIFUBU|CHUMFWA SIMON|436506/61/1|962145930|KAMBA TEMWENI|M|31.0|ROAD SKILLS DRIVING CE CERTIFICATE 1 MONTH NEW|4300.0|2025|APPROVED
NCC-CDF-SKL-01607|CHIFUBU|MUTINTA KAYOYO|339717/16/1|977205386|KAMBA TEMWENI|F|34.0|ROAD SKILLS DRIVING CE CERTIFICATE 1 MONTH NEW|4300.0|2025|APPROVED
NCC-CDF-SKL-01608|CHIFUBU|MUTYOKA BELINDA|397294/61/1|978209786|KAMBA TEMWENI|F|34.0|ROAD SKILLS DRIVING CE CERTIFICATE 1 MONTH NEW|4300.0|2025|APPROVED
NCC-CDF-SKL-01609|CHIFUBU|GIFT PHIRI|640579/61/1|974409283|KAMBA TEMWENI|M|17.0|ROAD SKILLS DRIVING CE CERTIFICATE 1 MONTH NEW|4300.0|2025|APPROVED
NCC-CDF-SKL-01610|CHIFUBU|CHELA CHITIMBA|641063/61/1|960909739|KAMBA MITENGO|M|18.0|ROAD SKILLS DRIVING CE CERTIFICATE 1 MONTH NEW|4300.0|2025|APPROVED
NCC-CDF-SKL-01611|CHIFUBU|KALALA EMMANUEL|635893/61/1|768432632|KAMBA TEMWENI|M|19.0|ROAD SKILLS DRIVING CE CERTIFICATE 1 MONTH NEW|4300.0|2025|APPROVED
NCC-CDF-SKL-01612|CHIFUBU|SIKANYIKA ALINANI|313349/47/1|772960755|KAMBA LEA LUI|M|20.0|ROAD SKILLS DRIVING CE CERTIFICATE 1 MONTH NEW|4300.0|2025|APPROVED
NCC-CDF-SKL-01613|CHIFUBU|MALINIA MABOSHE|392195/82/1|972589077|KAMBA MANGO|M|21.0|ROAD SKILLS DRIVING CE CERTIFICATE 1 MONTH NEW|4300.0|2025|APPROVED
NCC-CDF-SKL-01614|CHIFUBU|SIWALE OBVIOUS|311283/47/1|766249667|KAMBA BUYANTA|M|21.0|ROAD SKILLS DRIVING CE CERTIFICATE 1 MONTH NEW|4300.0|2025|APPROVED
NCC-CDF-SKL-01615|CHIFUBU|MBALE DOMINIC|602151/61/1|977989378|KAMBA TEMWENI|M|22.0|ROAD SKILLS DRIVING CE CERTIFICATE 1 MONTH NEW|4300.0|2025|APPROVED
NCC-CDF-SKL-01616|CHIFUBU|SIMWINGA|361694/68/1|964229410|KAMBA MANGO|M|23.0|ROAD SKILLS DRIVING CE CERTIFICATE 1 MONTH NEW|4300.0|2025|APPROVED
NCC-CDF-SKL-01617|CHIFUBU|LUBOSHA MUSA|561318/61/1|974790992|KAMBA MANGO|M|23.0|ROAD SKILLS DRIVING CE CERTIFICATE 1 MONTH NEW|4300.0|2025|APPROVED
NCC-CDF-SKL-01618|CHIFUBU|LUNGU CHOFYA|561383/61/1|770178320|KAMBA TEMWENI|M|24.0|ROAD SKILLS DRIVING CE CERTIFICATE 1 MONTH NEW|4300.0|2025|APPROVED
NCC-CDF-SKL-01619|CHIFUBU|MULEYA SIMON|292224/71/1|975947351|KAMBA TEMWENI|M|24.0|ROAD SKILLS DRIVING CE CERTIFICATE 1 MONTH NEW|4300.0|2025|APPROVED
NCC-CDF-SKL-01620|CHIFUBU|MICHEAL PHIRI|337008/61/1|772632088|KAMBA TEMWENI|M|24.0|ROAD SKILLS DRIVING CE CERTIFICATE 1 MONTH NEW|4300.0|2025|APPROVED
NCC-CDF-SKL-01621|CHIFUBU|KALASA CHOLA|265804/32/1|968578290|KAMBA TEMWENI|M|25.0|ROAD SKILLS DRIVING CE CERTIFICATE 1 MONTH NEW|4300.0|2025|APPROVED
NCC-CDF-SKL-01622|CHIFUBU|NANYANGWE GLORIA|335354/61/1|966922268|KAMBA TEMWENI|F|25.0|ROAD SKILLS DRIVING CE CERTIFICATE 1 MONTH NEW|4300.0|2025|APPROVED
NCC-CDF-SKL-01623|CHIFUBU|KUNDA ALICK|406846/61/1|966283844|KAMBA TEMWENI|M|25.0|ROAD SKILLS DRIVING CE CERTIFICATE 1 MONTH NEW|4300.0|2025|APPROVED
NCC-CDF-SKL-01624|CHIFUBU|MWAMBA ALICE|501296/61/1|767595461|KAMBA TEMWENI|F|25.0|ROAD SKILLS DRIVING CE CERTIFICATE 1 MONTH NEW|4300.0|2025|APPROVED
NCC-CDF-SKL-01625|CHIFUBU|MWILA PATRICK|184168/34/1|960638844|KAMBA BUYANTA|M|26.0|ROAD SKILLS DRIVING CE CERTIFICATE 1 MONTH NEW|4300.0|2025|APPROVED
NCC-CDF-SKL-01626|CHIFUBU|MUSONDA MOSES|379613/43/1|964870238|KAMBA KALELA|M|26.0|ROAD SKILLS DRIVING CE CERTIFICATE 1 MONTH NEW|4300.0|2025|APPROVED
NCC-CDF-SKL-01627|CHIFUBU|SIAMUYUMBWE|356271/73/1|979804649|KAMBA BUNTUNG|M|27.0|ROAD SKILLS DRIVING CE CERTIFICATE 1 MONTH NEW|4300.0|2025|APPROVED
NCC-CDF-SKL-01628|CHIFUBU|KIZIBA IREEN|501443/61/1|976723677|KAMBA TEMWENI|F|27.0|ROAD SKILLS DRIVING CE CERTIFICATE 1 MONTH NEW|4300.0|2025|APPROVED
NCC-CDF-SKL-01629|CHIFUBU|KASONDE BENJAMIN|505149/61/1|962104815|KAMBA TEMWENI|M|27.0|ROAD SKILLS DRIVING CE CERTIFICATE 1 MONTH NEW|4300.0|2025|APPROVED
NCC-CDF-SKL-01630|CHIFUBU|SIKAZWE JOSEPHAT|505666/61/1|974411352|KAMBA MANGO|M|27.0|ROAD SKILLS DRIVING CE CERTIFICATE 1 MONTH NEW|4300.0|2025|APPROVED
NCC-CDF-SKL-01631|CHIFUBU|LUKONDE CHAMA|487698/61/1|760800274|KAMBA TEMWENI|M|28.0|ROAD SKILLS DRIVING CE CERTIFICATE 1 MONTH NEW|4300.0|2025|APPROVED
NCC-CDF-SKL-01632|CHIFUBU|MPATAMATO MARTIN|254080/45/1|968396339|KAMBA TEMWENI|M|29.0|ROAD SKILLS DRIVING CE CERTIFICATE 1 MONTH NEW|4300.0|2025|APPROVED
NCC-CDF-SKL-01633|CHIFUBU|MWABA ELIJAH|310808/31/1|771668925|KAMBA TEMWENI|M|29.0|ROAD SKILLS DRIVING CE CERTIFICATE 1 MONTH NEW|4300.0|2025|APPROVED
NCC-CDF-SKL-01634|CHIFUBU|SAVIOR MULENGA|341440/43/1|971816468|KAMBA TEMWENI|M|29.0|ROAD SKILLS DRIVING CE CERTIFICATE 1 MONTH NEW|4300.0|2025|APPROVED
NCC-CDF-SKL-01635|CHIFUBU|NGULUBE STEPHEN|374871/61/1|965554545|KAMBA LEA LUI|M|29.0|ROAD SKILLS DRIVING CE CERTIFICATE 1 MONTH NEW|4300.0|2025|APPROVED
NCC-CDF-SKL-01636|CHIFUBU|NG'ANDWE MAYBIN|411990/65/1|962445102|KAMBA TEMWENI|M|29.0|ROAD SKILLS DRIVING CE CERTIFICATE 1 MONTH NEW|4300.0|2025|APPROVED
NCC-CDF-SKL-01637|CHIFUBU|SILUTONGWE SAVIOUR|303175/16/1|967759269|KAMBA TEMWENI|M|30.0|ROAD SKILLS DRIVING CE CERTIFICATE 1 MONTH NEW|4300.0|2025|APPROVED
NCC-CDF-SKL-01638|CHIFUBU|TONGOZELA MUIMUI|343266/82/1|971173423|KAMBA MANGO|M|31.0|ROAD SKILLS DRIVING CE CERTIFICATE 1 MONTH NEW|4300.0|2025|APPROVED
NCC-CDF-SKL-01639|CHIFUBU|MUGALA JUSTINE|256068/47/1|963700169|KAMBA LEA LUI|M|32.0|ROAD SKILLS DRIVING CE CERTIFICATE 1 MONTH NEW|4300.0|2025|APPROVED
NCC-CDF-SKL-01640|CHIFUBU|TEMBO ALIDESS|444465/67/1|968569965|KAMBA TEMWENI|F|32.0|ROAD SKILLS DRIVING CE CERTIFICATE 1 MONTH NEW|4300.0|2025|APPROVED
NCC-CDF-SKL-01641|CHIFUBU|PATIENCE KABASO|252625/63/1|968442830|KAMBA TEMWENI|F|32.0|ROAD SKILLS DRIVING CE CERTIFICATE 1 MONTH NEW|4300.0|2025|APPROVED
NCC-CDF-SKL-01642|CHIFUBU|FLOYD LYAWAWA|286005/17/1|973421556|KAMBA TEMWENI|M|33.0|ROAD SKILLS DRIVING CE CERTIFICATE 1 MONTH NEW|4300.0|2025|APPROVED
NCC-CDF-SKL-01643|CHIFUBU|NGULUBE GIVEN|413012/61/1|979661644|KAMBA TEMWENI|F|33.0|ROAD SKILLS DRIVING CE CERTIFICATE 1 MONTH NEW|4300.0|2025|APPROVED
NCC-CDF-SKL-01644|CHIFUBU|MULLYOKA BELINDA|397294/66/1|978209786|KAMBA TEMWENI|F|34.0|ROAD SKILLS DRIVING CE CERTIFICATE 1 MONTH NEW|4300.0|2025|APPROVED
NCC-CDF-SKL-01645|CHIFUBU|CHIWANA RAMA|620492/61/1|762030666|KAMBA TEMWENI|M|21.0|ZAMBIA UNIVERSITY ARMATURE CERTIFICATE 3 MONTHS NEW|5800.0|2025|APPROVED
NCC-CDF-SKL-01646|CHIFUBU|MAINI SOLOMON|572769/61/1|969744453|KAMBA BUYANTA|M|21.0|ZAMBIA UNIVERSITY COMPUTER CERTIFICATE 3 MONTHS NEW|5800.0|2025|APPROVED
NCC-CDF-SKL-01647|CHIFUBU|NG'UNI ELIZABETH|420682/16/1|979241531|KAMBA MANGO|F|27.0|ZAMBIA UNIVERSITY COMPUTER CERTIFICATE 3 MONTHS NEW|5800.0|2025|APPROVED
NCC-CDF-SKL-01648|CHIFUBU|KAFWIMBI ANNIE|640154/61/1|967206491|KAMBA TEMWENI|F|18.0|ZAMBIA UNIVERSITY DOMESTIC CERTIFICATE 3 MONTHS NEW|5800.0|2025|APPROVED
NCC-CDF-SKL-01649|CHIFUBU|PHIRI FRANCIS|385093/16/1|966924297|KAMBA NAKATIND|M|28.0|ZAMBIA UNIVERSITY DOMESTIC CERTIFICATE 3 MONTHS NEW|5800.0|2025|APPROVED
NCC-CDF-SKL-01650|CHIFUBU|SUMAILI WILSON|555543/61/1|764412146|KAMBA TEMWENI|M|22.0|ZAMBIA UNIVERSITY ELECTRICAL & DIPLOMA 3 YEARS RETURNING|8400.0|2025|APPROVED
NCC-CDF-SKL-01651|CHIFUBU|SHAMUTUKU|618198/61/1|761351303|KAMBA TEMWENI|F|19.0|ZAMBIA UNIVERSITY ELECTRICAL AND DIPLOMA 3 YEARS RETURNING|8400.0|2025|APPROVED
NCC-CDF-SKL-01652|CHIFUBU|MUSONDA JOSEPH|583046/61/1|770497044|KAMBA MANGO|M|22.0|ZAMBIA UNIVERSITY ELECTRICAL AND DIPLOMA 3 YEARS RETURNING|8400.0|2025|APPROVED
NCC-CDF-SKL-01653|CHIFUBU|SUMAILI PAUL|605815/61/1|962561387|KAMBA MANGO|M|20.0|ZAMBIA UNIVERSITY INFORMATION DIPLOMA 3 YEARS RETURNING|8400.0|2025|APPROVED
NCC-CDF-SKL-01654|CHIFUBU|MULENGA GEORGE|484395/61/1|960626346|KAMBA MANGO|M|29.0|ZAMBIA UNIVERSITY SOFTWARE CERTIFICATE 3 MONTHS NEW|5800.0|2025|APPROVED
NCC-CDF-SKL-01655|CHIFUBU|FELIX MULENGA KAIRA|468404/61/1|774772122|KAMBA BUYANTA|M|30.0|ZAMBIA UNIVERSITY SOFTWARE CERTIFICATE 3 MONTHS NEW|5800.0|2025|APPROVED
NCC-CDF-SKL-01656|CHIFUBU|CHIWAYA PRECIOUS|637907/61/1|||F|18.0|765944059 KANIKI KANIKI 2 F 18 COPPERSTONE FOOD PRODUTION CERTIFICATE 3 MONTHS NEW|6753.0|2025|APPROVED
NCC-CDF-SKL-01657|CHIFUBU|MUSONDA BLESSINGS|640850/61/1|||F|18.0|966226845 KANIKI KANIKI 2 F 18 COPPERSTONE FOOD PRODUTION CERTIFICATE 3 MONTHS NEW|6753.0|2025|APPROVED
NCC-CDF-SKL-01658|CHIFUBU|KATIBA MIRRIAM|623686/61/1|||F|19.0|960405036 KANIKI KANIKI 2 F 19 COPPERSTONE FOOD PRODUTION CERTIFICATE 3 MONTHS NEW|6753.0|2025|APPROVED
NCC-CDF-SKL-01659|CHIFUBU|MWANSA JOYCE|600639/61/1|||F|20.0|979662257 KANIKI KANIKI 2 F 20 COPPERSTONE FOOD PRODUTION CERTIFICATE 3 MONTHS NEW|6753.0|2025|APPROVED
NCC-CDF-SKL-01660|CHIFUBU|SABAO JENNIPHER|576298/61/1|||F|21.0|776307590 KANIKI KANIKI 2 F 21 COPPERSTONE FOOD PRODUTION CERTIFICATE 3 MONTHS NEW|6753.0|2025|APPROVED
NCC-CDF-SKL-01661|CHIFUBU|BANDA LAIKAH|577320/61/1|||F|21.0|760758145 KANIKI KANIKI 2 F 21 COPPERSTONE FOOD PRODUTION CERTIFICATE 3 MONTHS NEW|6753.0|2025|APPROVED
NCC-CDF-SKL-01662|CHIFUBU|MWABA JUCINTA|257422/46/1|||F|22.0|774219080 KANIKI KANIKI 2 F 22 COPPERSTONE FOOD PRODUTION CERTIFICATE 3 MONTHS NEW|6753.0|2025|APPROVED
NCC-CDF-SKL-01663|CHIFUBU|MUKONGA BETTY|567855/61/1|||F|22.0|963825215 KANIKI KANIKI 2 F 22 COPPERSTONE FOOD PRODUTION CERTIFICATE 3 MONTHS NEW|6753.0|2025|APPROVED
NCC-CDF-SKL-01664|CHIFUBU|MWAMBA YVONNE|588717/61/1|||F|22.0|979847163 KANIKI KANIKI 2 F 22 COPPERSTONE FOOD PRODUTION CERTIFICATE 3 MONTHS NEW|6753.0|2025|APPROVED
NCC-CDF-SKL-01665|CHIFUBU|CHINYIMBA LUCIA|530226/61/1|||F|25.0|762229176 KANIKI KANIKI 2 F 25 COPPERSTONE FOOD PRODUTION CERTIFICATE 3 MONTHS NEW|6753.0|2025|APPROVED
NCC-CDF-SKL-01666|CHIFUBU|MWASIKILI MARGRET|497488/61/1|||F|26.0|761769127 KANIKI KANIKI 2 F 26 COPPERSTONE FOOD PRODUTION CERTIFICATE 3 MONTHS NEW|6753.0|2025|APPROVED
NCC-CDF-SKL-01667|CHIFUBU|MPONDA BIBIAN|506380/61/1|||F|26.0|969642527 KANIKI KANIKI 2 F 26 COPPERSTONE FOOD PRODUTION CERTIFICATE 3 MONTHS NEW|6753.0|2025|APPROVED
NCC-CDF-SKL-01668|CHIFUBU|KAMANGA PATIENCE|515730/98/1|||F|26.0|961864244 KANIKI KANIKI 2 F 26 COPPERSTONE FOOD PRODUTION CERTIFICATE 3 MONTHS NEW|6753.0|2025|APPROVED
NCC-CDF-SKL-01669|CHIFUBU|NSAMA MONICA|510304/61/1|||F|28.0|764125353 KANIKI KANIKI 2 F 28 COPPERSTONE FOOD PRODUTION CERTIFICATE 3 MONTHS NEW|6753.0|2025|APPROVED
NCC-CDF-SKL-01670|CHIFUBU|KALANDO JULIET|466764/61/1|||F|29.0|970154247 KANIKI KANIKI 2 F 29 COPPERSTONE FOOD PRODUTION CERTIFICATE 3 MONTHS NEW|6753.0|2025|APPROVED
NCC-CDF-SKL-01671|CHIFUBU|LESA MABLE|540295/61/1|||F|30.0|962024147 KANIKI KANIKI 2 F 30 COPPERSTONE FOOD PRODUTION CERTIFICATE 3 MONTHS NEW|6753.0|2025|APPROVED
NCC-CDF-SKL-01672|CHIFUBU|CHILESHE SILVIA|481652/67/1|||F|31.0|768534952 KANIKI KANIKI 2 F 31 COPPERSTONE FOOD PRODUTION CERTIFICATE 3 MONTHS NEW|6753.0|2025|APPROVED
NCC-CDF-SKL-01673|CHIFUBU|CHITABATA BWAMBU|641177/61/1|||M|18.0|969548467 KANIKI KANIKI 2 M 18 NORTHERN AUTOMOTIVE CERTIFICATE 1 YEAR NEW|21050.0|2025|APPROVED
NCC-CDF-SKL-01674|CHIFUBU|HAAKONDO MARY|647354/67/1|||F|19.0|963577729 KANIKI KANIKI 2 F 19 NORTHERN AUTOMOTIVE CERTIFICATE 1 YEAR NEW|21050.0|2025|APPROVED
NCC-CDF-SKL-01675|CHIFUBU|TAILOKA MACHEAL|633575/61/1|||M|19.0|978867718 KANIKI KANIKI 2 M 19 NORTHERN ELECTRICAL CERTIFICATE 1 YEAR NEW|21750.0|2025|APPROVED
NCC-CDF-SKL-01676|CHIFUBU|CHOONGA RICHRD|613314/61/1|||M|20.0|961734330 KANIKI KANIKI 2 M 20 NORTHERN ELECTRICAL CERTIFICATE 1 YEAR NEW|21750.0|2025|APPROVED
NCC-CDF-SKL-01677|CHIFUBU|MWANSA FEWDAYS|600723/61/1|||M|21.0|968698863 KANIKI KANIKI 2 M 21 NORTHERN ELECTRICAL CERTIFICATE 1 YEAR NEW|21750.0|2025|APPROVED
NCC-CDF-SKL-01678|CHIFUBU|MAYINGA NCHIMUNYA|338378/68/1|||M|22.0|765723034 KANIKI KANIKI 2 M 22 NORTHERN ELECTRICAL CERTIFICATE 1 YEAR NEW|21750.0|2025|APPROVED
NCC-CDF-SKL-01679|CHIFUBU|MUSONDA JOSHUA|457842/61/1|||M|23.0|769050778 KANIKI KANIKI 2 M 23 NORTHERN ELECTRICAL CERTIFICATE 1 YEAR NEW|21750.0|2025|APPROVED
NCC-CDF-SKL-01680|CHIFUBU|CHISULO MARGRET|335908/62/1|||F|23.0|766168399 KANIKI KANIKI 2 F 23 NORTHERN FASHION DESIGN CERTIFICATE 1 YEAR NEW|21750.0|2025|APPROVED
NCC-CDF-SKL-01681|CHIFUBU|MPONDA HOPE|492962/61/1|||F|27.0|967401681 KANIKI KANIKI 2 F 27 NORTHERN FASHION DESIGN CERTIFICATE 1 YEAR NEW|21750.0|2025|APPROVED
NCC-CDF-SKL-01682|CHIFUBU|KAFULA SHARON|327888/43/1|||F|32.0|962074816 KANIKI KANIKI 2 F 32 NORTHERN FASHION DESIGN CERTIFICATE 1 YEAR NEW|21750.0|2025|APPROVED
NCC-CDF-SKL-01683|CHIFUBU|ZULU MAKESON|626012/61/1|||M|21.0|774123724 KANIKI KANIKI 2 M 21 NORTHERN METAL CERTIFICATE 1 YEAR NEW|25550.0|2025|APPROVED
NCC-CDF-SKL-01684|CHIFUBU|KALUNGA CHARLES|626885/61/1|||M|19.0|774909542 KANIKI KANIKI 2 M 19 ROAD RANGE MACHINE CERTIFICATE 1 MONTH NEW|6750.0|2025|APPROVED
NCC-CDF-SKL-01685|CHIFUBU|KAMAU MAFUKA|544221/15/1|||M|21.0|965357616 KANIKI KANIKI 2 M 21 ROAD RANGE MACHINE CERTIFICATE 1 MONTH NEW|6750.0|2025|APPROVED
NCC-CDF-SKL-01686|CHIFUBU|ILUNGA ILUNGA|623065/61/1|||M|18.0|962901044 KANIKI KANIKI 2 M 18 ROAD SKILLS DRIVING CE CERTIFICATE 1 MONTH NEW|4300.0|2025|APPROVED
NCC-CDF-SKL-01687|CHIFUBU|MUSANGE LIVAN|167529/78/1|||M|19.0|774122199 KANIKI KANIKI 2 M 19 ROAD SKILLS DRIVING CE CERTIFICATE 1 MONTH NEW|4300.0|2025|APPROVED
NCC-CDF-SKL-01688|CHIFUBU|CHISANGA BORNFACE|616733/61/1|||M|20.0|964122575 KANIKI KANIKI 2 M 20 ROAD SKILLS DRIVING CE CERTIFICATE 1 MONTH NEW|4300.0|2025|APPROVED
NCC-CDF-SKL-01689|CHIFUBU|KABWE BLESSINGS|606288/61/1|||M|21.0|768275766 KANIKI KANIKI 2 M 21 ROAD SKILLS DRIVING CE CERTIFICATE 1 MONTH NEW|4300.0|2025|APPROVED
NCC-CDF-SKL-01690|CHIFUBU|KALYATA STEVEN|638373/61/1|||M|21.0|774120072 KANIKI KANIKI 2 M 21 ROAD SKILLS DRIVING CE CERTIFICATE 1 MONTH NEW|4300.0|2025|APPROVED
NCC-CDF-SKL-01691|CHIFUBU|MUNDEMBA CHIBUYE|626477/67/1|||M|22.0|776897384 KANIKI KANIKI 2 M 22 ROAD SKILLS DRIVING CE CERTIFICATE 1 MONTH NEW|4300.0|2025|APPROVED
NCC-CDF-SKL-01692|CHIFUBU|SIABALIMA TITUS|159943/78/1|||M|22.0|973811602 KANIKI KANIKI 2 M 22 ROAD SKILLS DRIVING CE CERTIFICATE 1 MONTH NEW|4300.0|2025|APPROVED
NCC-CDF-SKL-01693|CHIFUBU|LITWAYI JOHN|600918/60/1|||M|23.0|772463741 KANIKI KANIKI 2 M 23 ROAD SKILLS DRIVING CE CERTIFICATE 1 MONTH NEW|4300.0|2025|APPROVED
NCC-CDF-SKL-01694|CHIFUBU|KELVIN TEMBO|495336/61/1|||M|23.0|969088114 KANIKI KANIKI 2 M 23 ROAD SKILLS DRIVING CE CERTIFICATE 1 MONTH NEW|4300.0|2025|APPROVED
NCC-CDF-SKL-01695|CHIFUBU|KASONKA KENNEDY|558301/61/1|||M|24.0|779479836 KANIKI KANIKI 2 M 24 ROAD SKILLS DRIVING CE CERTIFICATE 1 MONTH NEW|4300.0|2025|APPROVED
NCC-CDF-SKL-01696|CHIFUBU|ZULU CHRISTOPHER|506941/61/1|||M|25.0|963120929 KANIKI KANIKI 2 M 25 ROAD SKILLS DRIVING CE CERTIFICATE 1 MONTH NEW|4300.0|2025|APPROVED
NCC-CDF-SKL-01697|CHIFUBU|NSAMA GIFT|507051/61/1|||M|25.0|970332117 KANIKI KANIKI 2 M 25 ROAD SKILLS DRIVING CE CERTIFICATE 1 MONTH NEW|4300.0|2025|APPROVED
NCC-CDF-SKL-01698|CHIFUBU|NYAMVWALA|143140/36/1|||M|26.0|973637407 KANIKI KANIKI 2 M 26 ROAD SKILLS DRIVING CE CERTIFICATE 1 MONTH NEW|4300.0|2025|APPROVED
NCC-CDF-SKL-01699|CHIFUBU|KAMUJUNGA AARON|527283/61/1|||M|26.0|974335425 KANIKI KANIKI 2 M 26 ROAD SKILLS DRIVING CE CERTIFICATE 1 MONTH NEW|4300.0|2025|APPROVED
NCC-CDF-SKL-01700|CHIFUBU|CHIBWE CLEMENT|496041/61/1|||M|26.0|973412388 KANIKI KANIKI 2 M 26 ROAD SKILLS DRIVING CE CERTIFICATE 1 MONTH NEW|4300.0|2025|APPROVED
NCC-CDF-SKL-01701|CHIFUBU|CHOLA AGNESS|505072/61/1|||F|27.0|971089751 KANIKI KANIKI 2 F 27 ROAD SKILLS DRIVING CE CERTIFICATE 1 MONTH NEW|4300.0|2025|APPROVED
NCC-CDF-SKL-01702|CHIFUBU|KUNDA TOBIAS|116178/37/1|||M|27.0|974620476 KANIKI KANIKI 2 M 27 ROAD SKILLS DRIVING CE CERTIFICATE 1 MONTH NEW|4300.0|2025|APPROVED
NCC-CDF-SKL-01703|CHIFUBU|BWEMBYA MATHEWS|478709/61/1|||M|27.0|975565670 KANIKI KANIKI 2 M 27 ROAD SKILLS DRIVING CE CERTIFICATE 1 MONTH NEW|4300.0|2025|APPROVED
NCC-CDF-SKL-01704|CHIFUBU|MUTALE EMMANUEL|491159/61/1|||M|27.0|777152097 KANIKI KANIKI 2 M 27 ROAD SKILLS DRIVING CE CERTIFICATE 1 MONTH NEW|4300.0|2025|APPROVED
NCC-CDF-SKL-01705|CHIFUBU|MULENGA AARON|353521/66/1|||M|28.0|965948296 KANIKI KANIKI 2 M 28 ROAD SKILLS DRIVING CE CERTIFICATE 1 MONTH NEW|4300.0|2025|APPROVED
NCC-CDF-SKL-01706|CHIFUBU|MWITWA BENJAMIN|470832/61/1|||M|28.0|966133874 KANIKI KANIKI 2 M 28 ROAD SKILLS DRIVING CE CERTIFICATE 1 MONTH NEW|4300.0|2025|APPROVED
NCC-CDF-SKL-01707|CHIFUBU|MWANSA MWELA|457477/61/1|||M|30.0|762587038 KANIKI KANIKI 2 M 30 ROAD SKILLS DRIVING CE CERTIFICATE 1 MONTH NEW|4300.0|2025|APPROVED
NCC-CDF-SKL-01708|CHIFUBU|KABULA EVARISTO|476243/61/1|||M|30.0|968984341 KANIKI KANIKI 2 M 30 ROAD SKILLS DRIVING CE CERTIFICATE 1 MONTH NEW|4300.0|2025|APPROVED
NCC-CDF-SKL-01709|CHIFUBU|CHIMWANGA PRAYI|420634/61/1|||M|31.0|769417543 KANIKI KANIKI 2 M 31 ROAD SKILLS DRIVING CE CERTIFICATE 1 MONTH NEW|4300.0|2025|APPROVED
NCC-CDF-SKL-01710|CHIFUBU|MUNKANTA MOFFAT|420091/61/1|||M|31.0|763412054 KANIKI KANIKI 2 M 31 ROAD SKILLS DRIVING CE CERTIFICATE 1 MONTH NEW|4300.0|2025|APPROVED
NCC-CDF-SKL-01711|CHIFUBU|CHISHA SABRINA|333658/64/1|||U||961046422 KANYANJE KANYANJE SOUFTH EAST26 COPPERSTONE FOOD PRODUTION CERTIFICATE 3 MONTHS NEW|6753.0|2025|APPROVED
NCC-CDF-SKL-01712|CHIFUBU|MUZUMARA EVELYN|637934/61/1|||U||760704877 KANYANJE KANYANJE SOUFTH EAST19 NDOLA SKILLS TAILORING CERTIFICATE 6 MONTHS NEW|4300.0|2025|APPROVED
NCC-CDF-SKL-01713|CHIFUBU|MWEWA LWENA|289578/62/1|||U||968592469 KANYANJE KANYANJE SOUFTH EAST34 NDOLA SKILLS TAILORING CERTIFICATE 6 MONTHS NEW|4300.0|2025|APPROVED
NCC-CDF-SKL-01714|CHIFUBU|BANDA JOSEPH|572941/61/1|||U||962585550 KANYANJE KANYANJE SOUMTH EAST20 NORTEC CRAFT CERTIFICATE CERTIFICATE 2 YEARS RETURNING|7600.0|2025|APPROVED
NCC-CDF-SKL-01715|CHIFUBU|BWANGA ENERST|579428/61/1|||U||769548930 KANYANJE KANYANJE SOUMTH EAST21 NORTHERN AUTOMOTIVE CERTIFICATE 1 YEAR NEW|25550.0|2025|APPROVED
NCC-CDF-SKL-01716|CHIFUBU|PHIRI JOSEPH|613251/61/1|||U||977788772 KANYANJE BUTUNGWA 2M 20 NORTHERN AUTOMOTIVE CERTIFICATE 1 YEAR NEW|21050.0|2025|APPROVED
NCC-CDF-SKL-01717|CHIFUBU|SIKANYIKA KUMBUKA|279890/45/1|||U||963817189 KANYANJE KANYANJE SOUMTH EAST28 NORTHERN AUTOMOTIVE CERTIFICATE 1 YEAR NEW|21050.0|2025|APPROVED
NCC-CDF-SKL-01718|CHIFUBU|MIYOBA LEON|574024/61/1|||U||973676490 KANYANJE KANYANJE SOUMTH EAST22 NORTHERN ELECTRICAL CERTIFICATE 1 YEAR NEW|21750.0|2025|APPROVED
NCC-CDF-SKL-01719|CHIFUBU|SICHULA DANNOX|518197/61/1|||U||974997440 KANYANJE KANYANJE SOUMTH EAST27 NORTHERN ELECTRICAL CERTIFICATE 1 YEAR NEW|21750.0|2025|APPROVED
NCC-CDF-SKL-01720|CHIFUBU|MUONGA CLEOPATRA|641346/61/1|||U||969377902 KANYANJE KANYANJE SOUFTH EAST18 NORTHERN FASHION DESIGN CERTIFICATE 1 YEAR NEW|21750.0|2025|APPROVED
NCC-CDF-SKL-01721|CHIFUBU|PHIRI PATRICK|627212/61/1|961144367|KANYANJE MINSUNDU|M|19.0|ROAD RANGE MACHINE CERTIFICATE 1 MONTH NEW|6750.0|2025|APPROVED
NCC-CDF-SKL-01722|CHIFUBU|CHIPETA NYUMA|515161/61/1|961259792|KANYANJE MINSUNDU|M|26.0|ROAD RANGE MACHINE CERTIFICATE 1 MONTH NEW|6750.0|2025|APPROVED
NCC-CDF-SKL-01723|CHIFUBU|BWANGA FREDRICK|310087/24/1|973614984|KANYANJE MINSUNDU|M|28.0|ROAD RANGE MACHINE CERTIFICATE 1 MONTH NEW|6750.0|2025|APPROVED
NCC-CDF-SKL-01724|CHIFUBU|MULANDO ERIC|629684/61/1|972780241|KANYANJE MULYATA|M|17.0|ROAD SKILLS DRIVING CE CERTIFICATE 1 MONTH NEW|4300.0|2025|APPROVED
NCC-CDF-SKL-01725|CHIFUBU|MWANSA INNOCENT|403334/32/1|||U||772062517 KANYANJE KANYANJE SOUMTH EAST18 ROAD SKILLS DRIVING CE CERTIFICATE 1 MONTH NEW|4300.0|2025|APPROVED
NCC-CDF-SKL-01726|CHIFUBU|SINKALA NIZA|403335/32/1|||U||763523862 KANYANJE KANYANJE SOUMTH EAST20 ROAD SKILLS DRIVING CE CERTIFICATE 1 MONTH NEW|4300.0|2025|APPROVED
NCC-CDF-SKL-01727|CHIFUBU|CHOTA RICKSON|363126/68/1|||U||769120837 KANYANJE KANYANJE SOUMTH EAST21 ROAD SKILLS DRIVING CE CERTIFICATE 1 MONTH NEW|4300.0|2025|APPROVED
NCC-CDF-SKL-01728|CHIFUBU|BWALYA ALUCIOUS|583372/61/1|||U||967333153 KANYANJE KANYANJE SOUMTH EAST21 ROAD SKILLS DRIVING CE CERTIFICATE 1 MONTH NEW|4300.0|2025|APPROVED
NCC-CDF-SKL-01729|CHIFUBU|CHILUFYA NEWSTONE|585021/61/1|||U||779786966 KANYANJE KANYANJE SOUMTH EAST21 ROAD SKILLS DRIVING CE CERTIFICATE 1 MONTH NEW|4300.0|2025|APPROVED
NCC-CDF-SKL-01730|CHIFUBU|KALUNGA NICHOLAS|592016/61/1|||U||968598171 KANYANJE BUTUNGWA 3M 21 ROAD SKILLS DRIVING CE CERTIFICATE 1 MONTH NEW|4300.0|2025|APPROVED
NCC-CDF-SKL-01731|CHIFUBU|BANDA RICHARD|583408/61/1|||U||760371739 KANYANJE KANYANJE SOUMTH EAST22 ROAD SKILLS DRIVING CE CERTIFICATE 1 MONTH NEW|4300.0|2025|APPROVED
NCC-CDF-SKL-01732|CHIFUBU|CHISENGA RONALD|584194/61/1|||U||779765718 KANYANJE KANYANJE SOUMTH EAST22 ROAD SKILLS DRIVING CE CERTIFICATE 1 MONTH NEW|4300.0|2025|APPROVED
NCC-CDF-SKL-01733|CHIFUBU|MUMBA JOSHUA|155144/49/1|||U||961595655 KANYANJE KANYANJE SOUMTH EAST23 ROAD SKILLS DRIVING CE CERTIFICATE 1 MONTH NEW|4300.0|2025|APPROVED
NCC-CDF-SKL-01734|CHIFUBU|MWAPE LOYD|600030/61/1|||U||972116058 KANYANJE KANYANJE SOUMTH EAST24 ROAD SKILLS DRIVING CE CERTIFICATE 1 MONTH NEW|4300.0|2025|APPROVED
NCC-CDF-SKL-01735|CHIFUBU|HAMANENGA|153587/69/1|771318865|KANYANJE MINSUNDU|M|24.0|ROAD SKILLS DRIVING CE CERTIFICATE 1 MONTH NEW|4300.0|2025|APPROVED
NCC-CDF-SKL-01736|CHIFUBU|SINFUKWE TEMWANJI|300149/66/1|961888680|KANYANJE MINSUNDU|M|24.0|ROAD SKILLS DRIVING CE CERTIFICATE 1 MONTH NEW|4300.0|2025|APPROVED
NCC-CDF-SKL-01737|CHIFUBU|CHONGO MISHECK|349912/68/1|964538282|KANYANJE MINSUNDU|M|24.0|ROAD SKILLS DRIVING CE CERTIFICATE 1 MONTH NEW|4300.0|2025|APPROVED
NCC-CDF-SKL-01738|CHIFUBU|MUMBA LAWRENCE|352431/31/1|974906732|KANYANJE MULYATA|M|25.0|ROAD SKILLS DRIVING CE CERTIFICATE 1 MONTH NEW|4300.0|2025|APPROVED
NCC-CDF-SKL-01739|CHIFUBU|CHONGO DAVID|316439/68/1|||U||975211221 KANYANJE KANYANJE SOUMTH EAST26 ROAD SKILLS DRIVING CE CERTIFICATE 1 MONTH NEW|4300.0|2025|APPROVED
NCC-CDF-SKL-01740|CHIFUBU|MUTUMA VICTOR|140987/69/1|||U||974240812 KANYANJE KANYANJE SOUMTH EAST27 ROAD SKILLS DRIVING CE CERTIFICATE 1 MONTH NEW|4300.0|2025|APPROVED
NCC-CDF-SKL-01741|CHIFUBU|CHOLA RODGERS|216613/32/1|||U||967700444 KANYANJE KANYANJE SOUMTH EAST27 ROAD SKILLS DRIVING CE CERTIFICATE 1 MONTH NEW|4300.0|2025|APPROVED
NCC-CDF-SKL-01742|CHIFUBU|CHILAMBE NOJOKER|309820/31/1|||U||779341302 KANYANJE KANYANJE SOUMTH EAST27 ROAD SKILLS DRIVING CE CERTIFICATE 1 MONTH NEW|4300.0|2025|APPROVED
NCC-CDF-SKL-01743|CHIFUBU|MUMBA AARON|318255/68/1|||U||966234746 KANYANJE KANYANJE SOUMTH EAST27 ROAD SKILLS DRIVING CE CERTIFICATE 1 MONTH NEW|4300.0|2025|APPROVED
NCC-CDF-SKL-01744|CHIFUBU|SIMUTOWE STEVEN|132608/69/1|||U||962089653 KANYANJE BUTUNGWA 4M 28 ROAD SKILLS DRIVING CE CERTIFICATE 1 MONTH NEW|4300.0|2025|APPROVED
NCC-CDF-SKL-01745|CHIFUBU|KABWE ABRAHAM|236017/41/1|||U||969527219 KANYANJE KANYANJE SOUMTH EAST28 ROAD SKILLS DRIVING CE CERTIFICATE 1 MONTH NEW|4300.0|2025|APPROVED
NCC-CDF-SKL-01746|CHIFUBU|KALABA EVARISTO|470442/61/1|||U||962789222 KANYANJE KANYANJE SOUMTH EAST29 ROAD SKILLS DRIVING CE CERTIFICATE 1 MONTH NEW|4300.0|2025|APPROVED
NCC-CDF-SKL-01747|CHIFUBU|CHIMPETA ALEX|314368/68/1|||U||774772122 KANYANJE KANYANJE SOUMTH EAST29 ROAD SKILLS DRIVING CE CERTIFICATE 1 MONTH NEW|4300.0|2025|APPROVED
NCC-CDF-SKL-01748|CHIFUBU|CHILUFYA GIVEN|525402/61/1|||U||966106962 KANYANJE KANYANJE SOUMTH EAST30 ROAD SKILLS DRIVING CE CERTIFICATE 1 MONTH NEW|4300.0|2025|APPROVED
NCC-CDF-SKL-01749|CHIFUBU|LUNGU AGATHAR|287730/62/1|969647287|KANYANJE MINSUNDU|F|30.0|ROAD SKILLS DRIVING CE CERTIFICATE 1 MONTH NEW|4300.0|2025|APPROVED
NCC-CDF-SKL-01750|CHIFUBU|ENDA HONESTER|213222/41/1|976837869|KANYANJE MINSUNDU|F|31.0|ROAD SKILLS DRIVING CE CERTIFICATE 1 MONTH NEW|4300.0|2025|APPROVED
NCC-CDF-SKL-01751|CHIFUBU|MWELWA JOSEPH|219427/46/1|971924698|KANYANJE MINSUNDU|M|31.0|ROAD SKILLS DRIVING CE CERTIFICATE 1 MONTH NEW|4300.0|2025|APPROVED
NCC-CDF-SKL-01752|CHIFUBU|CHEWE PATRICK|232036/46/1|776861222|KANYANJE MULYATA|M|31.0|ROAD SKILLS DRIVING CE CERTIFICATE 1 MONTH NEW|4300.0|2025|APPROVED
NCC-CDF-SKL-01753|CHIFUBU|MWAPE WILBROAD|316758/68/1|||U||966885261 KANYANJE KANYANJE SOUMTH EAST31 ROAD SKILLS DRIVING CE CERTIFICATE 1 MONTH NEW|4300.0|2025|APPROVED
NCC-CDF-SKL-01754|CHIFUBU|CHIBILITI BESA PAUL|368667/16/1|||U||965753971 KANYANJE KANYANJE SOUMTH EAST31 ROAD SKILLS DRIVING CE CERTIFICATE 1 MONTH NEW|4300.0|2025|APPROVED
NCC-CDF-SKL-01755|CHIFUBU|KABWE CHALULA|245145/42/1|||U||966281856 KANYANJE KANYANJE SOUMTH EAST32 ROAD SKILLS DRIVING CE CERTIFICATE 1 MONTH NEW|4300.0|2025|APPROVED
NCC-CDF-SKL-01756|CHIFUBU|SILWAMBA AARON|415463/61/1|||U||978671244 KANYANJE KANYANJE SOUMTH EAST34 ROAD SKILLS DRIVING CE CERTIFICATE 1 MONTH NEW|4300.0|2025|APPROVED
NCC-CDF-SKL-01757|CHIFUBU|KATWISHI CHARLES|133721/49/1|||U||776090043 KANYANJE KANYANJE SOUMTH EAST34 ROAD SKILLS DRIVING CE CERTIFICATE 1 MONTH NEW|4300.0|2025|APPROVED
NCC-CDF-SKL-01758|CHIFUBU|CHIPULU ROBERT|140659/49/1|||U||960492600 KANYANJE BUTUNGWA 5M 34 ROAD SKILLS DRIVING CE CERTIFICATE 1 MONTH NEW|4300.0|2025|APPROVED
NCC-CDF-SKL-01759|CHIFUBU|CHILEKWA OBIAS|256500/32/1|||U||760151509 KANYANJE KANYANJE SOUMTH EAST34 ROAD SKILLS DRIVING CE CERTIFICATE 1 MONTH NEW|4300.0|2025|APPROVED
NCC-CDF-SKL-01760|CHIFUBU|CHIKAIWA JOWAPI|376518/16/1|||U||976123311 KANYANJE KANYANJE SOUMTH EAST34 ROAD SKILLS DRIVING CE CERTIFICATE 1 MONTH NEW|4300.0|2025|APPROVED
NCC-CDF-SKL-01761|CHIFUBU|CHOLA FLORENCE|355697/31/1|||U||768293809 KANYANJE KANYANJE SOUFTH EAST22 TWIKATANE NDOLA CARPENTRY AND CERTIFICATE 1 YEAR NEW|7675.0|2025|APPROVED
NCC-CDF-SKL-01762|CHIFUBU|NAKAPIZYE NAOMI|504374/61/1|||U||779654842 KANYANJE KANYANJE SOUFTH EAST27 TWIKATANE NDOLA CATERING CERTIFICATE 1 YEAR NEW|7675.0|2025|APPROVED
NCC-CDF-SKL-01763|CHIFUBU|KAMUSHE CLARA|318875/66/1|964492059|KANYANJE MINSUNDU|F|32.0|TWIKATANE NDOLA TAILORING CERTIFICATE 1 YEAR NEW|7675.0|2025|APPROVED
NCC-CDF-SKL-01764|CHIFUBU|MWAMNSA PETER|368553/66/1|966442371|KANYANJE MINSUNDU|M|26.0|ZAMBIA UNIVERSITY COMPUTER CERTIFICATE 3 MONTHS NEW|5800.0|2025|APPROVED
NCC-CDF-SKL-01765|CHIFUBU|CHILUBA CHOTA|136687/49/1|968803364|KANYANJE MINSUNDU|M|34.0|ZAMBIA UNIVERSITY DOMESTIC CERTIFICATE 3 MONTHS NEW|5800.0|2025|APPROVED
NCC-CDF-SKL-01766|CHIFUBU|MWANSA PATIENCE|633315/61/1|760400565|KAWAMA KADANSA|F|18.0|COPPERSTONE FOOD PRODUTION CERTIFICATE 3 MONTHS NEW|6753.0|2025|APPROVED
NCC-CDF-SKL-01767|CHIFUBU|MBEWE RUTH|638046/61/1|||F|18.0|771418665 KAWAMA BUTUNGWA 2 F 18 COPPERSTONE FOOD PRODUTION CERTIFICATE 3 MONTHS NEW|6753.0|2025|APPROVED
NCC-CDF-SKL-01768|CHIFUBU|BWALYA JANE|257132/91/1|963733424|KAWAMA INTULO|F|19.0|COPPERSTONE FOOD PRODUTION CERTIFICATE 3 MONTHS NEW|6753.0|2025|APPROVED
NCC-CDF-SKL-01769|CHIFUBU|BANDA HAPPINESS|635633/61/1|768540836|KAWAMA INTULO|F|20.0|COPPERSTONE FOOD PRODUTION CERTIFICATE 3 MONTHS NEW|6753.0|2025|APPROVED
NCC-CDF-SKL-01770|CHIFUBU|NJOVU ENALA|582905/61/1|763211655|KAWAMA INTULO|F|20.0|COPPERSTONE FOOD PRODUTION CERTIFICATE 3 MONTHS NEW|6753.0|2025|APPROVED
NCC-CDF-SKL-01771|CHIFUBU|MWANSA LOVENESS|582838/61/1|770181102|KAWAMA MISHIKA|F|21.0|COPPERSTONE FOOD PRODUTION CERTIFICATE 3 MONTHS NEW|6753.0|2025|APPROVED
NCC-CDF-SKL-01772|CHIFUBU|NAMFUKWE GETRUDE|162353/95/1|||U||961663390 KAWAMA PINE GROOVEF 25 COPPERSTONE FOOD PRODUTION CERTIFICATE 3 MONTHS NEW|6753.0|2025|APPROVED
NCC-CDF-SKL-01773|CHIFUBU|MWIINGA NATASHA|621016/61/1|770910554|KAWAMA CHIPALAMBA|F|19.0|NKUMBI DIPLOMA IN DIPLOMA 1 YEAR NEW|22010.0|2025|APPROVED
NCC-CDF-SKL-01774|CHIFUBU|KANEMA ENOCK|491030/61/1|||M|26.0|770908673 KAWAMA SATHY SAI 2 M 26 NORTHERN AUTOMOTIVE CERTIFICATE 1 YEAR NEW|25550.0|2025|APPROVED
NCC-CDF-SKL-01775|CHIFUBU|CHIWAYA FREDRICK|266915/23/1|956083075|KAWAMA KAMANDA|M|23.0|NORTHERN AUTOMOTIVE CERTIFICATE 1 YEAR NEW|25550.0|2025|APPROVED
NCC-CDF-SKL-01776|CHIFUBU|PHIRI JOSEPH|626632/61/1|||U||769912723 KAWAMA PINE GROOVEM 18 NORTHERN AUTOMOTIVE CERTIFICATE 1 YEAR NEW|21050.0|2025|APPROVED
NCC-CDF-SKL-01777|CHIFUBU|NKABI GRAYSON|581572/61/1|975134278|KAWAMA KADANSA|M|21.0|NORTHERN AUTOMOTIVE CERTIFICATE 1 YEAR NEW|21050.0|2025|APPROVED
NCC-CDF-SKL-01778|CHIFUBU|KAUNDA INNOCENT|618918/61/1|||U||963539308 KAWAMA BUTUNGWA 3M 21 NORTHERN AUTOMOTIVE CERTIFICATE 1 YEAR NEW|21050.0|2025|APPROVED
NCC-CDF-SKL-01779|CHIFUBU|MWANSA KELVIN|578715/61/1|769816895|KAWAMA INTULO|M|25.0|NORTHERN AUTOMOTIVE CERTIFICATE 1 YEAR NEW|21050.0|2025|APPROVED
NCC-CDF-SKL-01780|CHIFUBU|MWEWA CHOMBA|473345/61/1|777368901|KAWAMA INTULO|M|29.0|NORTHERN AUTOMOTIVE CERTIFICATE 1 YEAR NEW|21050.0|2025|APPROVED
NCC-CDF-SKL-01781|CHIFUBU|ZULU HARRISON|478600/61/1|777144669|KAWAMA INTULO|M|29.0|NORTHERN AUTOMOTIVE CERTIFICATE 1 YEAR NEW|21050.0|2025|APPROVED
NCC-CDF-SKL-01782|CHIFUBU|CHILESHE ALPHAS|643452/61/1|978262586|KAWAMA MISHIKA|M|17.0|NORTHERN BRICKLAYING & CERTIFICATE 1 YEAR NEW|20330.0|2025|APPROVED
NCC-CDF-SKL-01783|CHIFUBU|KAPOLYO ARNOLD|643361/61/1|||U||965303001 KAWAMA PINE GROOVEM 16 NORTHERN ELECTRICAL CERTIFICATE 1 YEAR NEW|21750.0|2025|APPROVED
NCC-CDF-SKL-01784|CHIFUBU|MUTALE MEMORY|158979/94/1|968703362|KAWAMA CHIPALAMBA|F|27.0|NORTHERN ELECTRICAL CERTIFICATE 1 YEAR NEW|21750.0|2025|APPROVED
NCC-CDF-SKL-01785|CHIFUBU|BANDA MEMORY|446264/61/1|||F|32.0|765493260 KAWAMA SATHY SAI 3 F 32 NORTHERN FASHION DESIGN CERTIFICATE 1 YEAR NEW|21750.0|2025|APPROVED
NCC-CDF-SKL-01786|CHIFUBU|MWANSA RICHARD|638082/61/1|966293233|KAWAMA KAMANDA|M|17.0|PASCAL INSTITUTE OF MACHINE CERTIFICATE 1 MONTH NEW|6750.0|2025|APPROVED
NCC-CDF-SKL-01787|CHIFUBU|CHIKABAKANYA|615103/61/1|||U||770868613 KAWAMA PINE GROOVEM 19 PASCAL INSTITUTE OF MACHINE CERTIFICATE 1 MONTH NEW|6750.0|2025|APPROVED
NCC-CDF-SKL-01788|CHIFUBU|CHIRWA CONSTANCE|617735/61/1|767032762|KAWAMA KADANSA|F|19.0|PASCAL INSTITUTE OF MACHINE CERTIFICATE 1 MONTH NEW|6750.0|2025|APPROVED
NCC-CDF-SKL-01789|CHIFUBU|KASOBO JOSEPH|627856/61/1|||U||771996848 KAWAMA BUTUNGWA 4M 19 PASCAL INSTITUTE OF MACHINE CERTIFICATE 1 MONTH NEW|6750.0|2025|APPROVED
NCC-CDF-SKL-01790|CHIFUBU|CHISHA REMMY|581400/61/1|763362311|KAWAMA INTULO|M|21.0|PASCAL INSTITUTE OF MACHINE CERTIFICATE 1 MONTH NEW|6750.0|2025|APPROVED
NCC-CDF-SKL-01791|CHIFUBU|CHIMWANGA PATRICK|583055/61/1|771546340|KAWAMA INTULO|M|21.0|PASCAL INSTITUTE OF MACHINE CERTIFICATE 1 MONTH NEW|6750.0|2025|APPROVED
NCC-CDF-SKL-01792|CHIFUBU|CHOLA BEST|552775/61/1|967381202|KAWAMA INTULO|M|22.0|PASCAL INSTITUTE OF MACHINE CERTIFICATE 1 MONTH NEW|6750.0|2025|APPROVED
NCC-CDF-SKL-01793|CHIFUBU|KATAMBI HAGGAI|566309/61/1|962622281|KAWAMA MISHIKA|M|22.0|PASCAL INSTITUTE OF MACHINE CERTIFICATE 1 MONTH NEW|6750.0|2025|APPROVED
NCC-CDF-SKL-01794|CHIFUBU|YENESHA ALEX|570989/61/1|||U||965700293 KAWAMA PINE GROOVEM 22 PASCAL INSTITUTE OF MACHINE CERTIFICATE 1 MONTH NEW|6750.0|2025|APPROVED
NCC-CDF-SKL-01795|CHIFUBU|LUKWESA MABLE|578654/61/1|764305656|KAWAMA CHIPALAMBA|M|22.0|PASCAL INSTITUTE OF MACHINE CERTIFICATE 1 MONTH NEW|6750.0|2025|APPROVED
NCC-CDF-SKL-01796|CHIFUBU|SILUNGWE SHADRICK|582832/61/1|||M|22.0|762928829 KAWAMA SATHY SAI 4 M 22 PASCAL INSTITUTE OF MACHINE CERTIFICATE 1 MONTH NEW|6750.0|2025|APPROVED
NCC-CDF-SKL-01797|CHIFUBU|MUTULA OLIVER|605735/61/1|967073983|KAWAMA KAMANDA|M|22.0|PASCAL INSTITUTE OF MACHINE CERTIFICATE 1 MONTH NEW|6750.0|2025|APPROVED
NCC-CDF-SKL-01798|CHIFUBU|CHISHIMBA WILLIAM|558238/61/1|||U||777110946 KAWAMA PINE GROOVEM 23 PASCAL INSTITUTE OF MACHINE CERTIFICATE 1 MONTH NEW|6750.0|2025|APPROVED
NCC-CDF-SKL-01799|CHIFUBU|MUSONGOLE LAMECK|571493/61/1|768701276|KAWAMA KADANSA|M|23.0|PASCAL INSTITUTE OF MACHINE CERTIFICATE 1 MONTH NEW|6750.0|2025|APPROVED
NCC-CDF-SKL-01800|CHIFUBU|SIMUTOWE JOHN|509111/61/1|||U||765493419 KAWAMA BUTUNGWA 5M 25 PASCAL INSTITUTE OF MACHINE CERTIFICATE 1 MONTH NEW|6750.0|2025|APPROVED
NCC-CDF-SKL-01801|CHIFUBU|NGOYI DANIEL|500438/61/1|768207054|KAWAMA INTULO|M|26.0|PASCAL INSTITUTE OF MACHINE CERTIFICATE 1 MONTH NEW|6750.0|2025|APPROVED
NCC-CDF-SKL-01802|CHIFUBU|BWALYA PAUL|526907/61/1|961632072|KAWAMA INTULO|M|26.0|PASCAL INSTITUTE OF MACHINE CERTIFICATE 1 MONTH NEW|6750.0|2025|APPROVED
NCC-CDF-SKL-01803|CHIFUBU|CHOLA CHIMFWEMBE|535700/61/1|961212699|KAWAMA INTULO|M|26.0|PASCAL INSTITUTE OF MACHINE CERTIFICATE 1 MONTH NEW|6750.0|2025|APPROVED
NCC-CDF-SKL-01804|CHIFUBU|MALEKANI CHRISPINE|504774/61/1|960976781|KAWAMA MISHIKA|M|27.0|PASCAL INSTITUTE OF MACHINE CERTIFICATE 1 MONTH NEW|6750.0|2025|APPROVED
NCC-CDF-SKL-01805|CHIFUBU|KANGWA LEWIS|496277/67/1|||U||769419240 KAWAMA PINE GROOVEM 29 PASCAL INSTITUTE OF MACHINE CERTIFICATE 1 MONTH NEW|6750.0|2025|APPROVED
NCC-CDF-SKL-01806|CHIFUBU|TEMBO ANDERSON|354939/61/1|961463105|KAWAMA CHIPALAMBA|M|23.0|ROAD RANGE MACHINE CERTIFICATE 1 MONTH NEW|6750.0|2025|APPROVED
NCC-CDF-SKL-01807|CHIFUBU|MULENGA EDWIN|144015/69/1|||M|25.0|970620375 KAWAMA SATHY SAI 5 M 25 ROAD RANGE MACHINE CERTIFICATE 1 MONTH NEW|6750.0|2025|APPROVED
NCC-CDF-SKL-01808|CHIFUBU|LWIKAZHA TRACY|474520/61/1|761833843|KAWAMA KAMANDA|F|27.0|ROAD RANGE MACHINE CERTIFICATE 1 MONTH NEW|6750.0|2025|APPROVED
NCC-CDF-SKL-01809|CHIFUBU|CHANDA MOSES|229426/54/1|||U||770480772 KAWAMA PINE GROOVEM 29 ROAD RANGE MACHINE CERTIFICATE 1 MONTH NEW|6750.0|2025|APPROVED
NCC-CDF-SKL-01810|CHIFUBU|KAMPAGWE NOWA|468001/61/1|963482608|KAWAMA KADANSA|M|30.0|ROAD RANGE MACHINE CERTIFICATE 1 MONTH NEW|6750.0|2025|APPROVED
NCC-CDF-SKL-01811|CHIFUBU|CHIBWE JENIPHER|433639/61/1|||F|31.0|777497781 KAWAMA BUTUNGWA 6 F 31 ROAD RANGE MACHINE CERTIFICATE 1 MONTH NEW|6750.0|2025|APPROVED
NCC-CDF-SKL-01812|CHIFUBU|MULABA EMMANUEL|443788/61/1|968358080|KAWAMA INTULO|M|31.0|ROAD RANGE MACHINE CERTIFICATE 1 MONTH NEW|6750.0|2025|APPROVED
NCC-CDF-SKL-01813|CHIFUBU|LWIKAZHA MISHECK|411217/61/1|968886140|KAWAMA INTULO|M|33.0|ROAD RANGE MACHINE CERTIFICATE 1 MONTH NEW|6750.0|2025|APPROVED
NCC-CDF-SKL-01814|CHIFUBU|NCHEPESHI MAUREEN|415246/61/1|975098176|KAWAMA INTULO|F|33.0|ROAD RANGE MACHINE CERTIFICATE 1 MONTH NEW|6750.0|2025|APPROVED
NCC-CDF-SKL-01815|CHIFUBU|MUMBA KAUNDA|430698/61/1|779569733|KAWAMA MISHIKA|F|33.0|ROAD RANGE MACHINE CERTIFICATE 1 MONTH NEW|6750.0|2025|APPROVED
NCC-CDF-SKL-01816|CHIFUBU|MULENGA EVARISTO|526636/61/1|||U||965769049 KAWAMA PINE GROOVEM 31 ROAD SKILLS DRIVING CE CERTIFICATE 1 MONTH NEW|4300.0|2025|APPROVED
NCC-CDF-SKL-01817|CHIFUBU|SAMPA ENOCK|629322/61/1|771668099|KAWAMA CHIPALAMBA|M|17.0|ROAD SKILLS DRIVING CE CERTIFICATE 1 MONTH NEW|4300.0|2025|APPROVED
NCC-CDF-SKL-01818|CHIFUBU|KUNDA RABSON|612765/61/1|||M|18.0|975024157 KAWAMA SATHY SAI 6 M 18 ROAD SKILLS DRIVING CE CERTIFICATE 1 MONTH NEW|4300.0|2025|APPROVED
NCC-CDF-SKL-01819|CHIFUBU|SIMOVWE NATHAN|622435/61/1|769147309|KAWAMA KAMANDA|M|18.0|ROAD SKILLS DRIVING CE CERTIFICATE 1 MONTH NEW|4300.0|2025|APPROVED
NCC-CDF-SKL-01820|CHIFUBU|NYIRENDA HENRY|629724/61/1|||U||974727698 KAWAMA PINE GROOVEM 18 ROAD SKILLS DRIVING CE CERTIFICATE 1 MONTH NEW|4300.0|2025|APPROVED
NCC-CDF-SKL-01821|CHIFUBU|CHISANGA CHANDA|614040/61/1|973867984|KAWAMA KADANSA|M|19.0|ROAD SKILLS DRIVING CE CERTIFICATE 1 MONTH NEW|4300.0|2025|APPROVED
NCC-CDF-SKL-01822|CHIFUBU|NGANDU PATRICK|638742/61/1|||U||765327029 KAWAMA BUTUNGWA 7M 19 ROAD SKILLS DRIVING CE CERTIFICATE 1 MONTH NEW|4300.0|2025|APPROVED
NCC-CDF-SKL-01823|CHIFUBU|MATE BAFANA|365474/32/1|961129116|KAWAMA INTULO|M|20.0|ROAD SKILLS DRIVING CE CERTIFICATE 1 MONTH NEW|4300.0|2025|APPROVED
NCC-CDF-SKL-01824|CHIFUBU|KABUYANA JONES|632162/61/1|964032999|KAWAMA INTULO|M|20.0|ROAD SKILLS DRIVING CE CERTIFICATE 1 MONTH NEW|4300.0|2025|APPROVED
NCC-CDF-SKL-01825|CHIFUBU|CHOLA MATHEWS|581509/61/1|968802339|KAWAMA INTULO|M|21.0|ROAD SKILLS DRIVING CE CERTIFICATE 1 MONTH NEW|4300.0|2025|APPROVED
NCC-CDF-SKL-01826|CHIFUBU|CHISALA BERNARD|582982/61/1|766820981|KAWAMA MISHIKA|M|21.0|ROAD SKILLS DRIVING CE CERTIFICATE 1 MONTH NEW|4300.0|2025|APPROVED
NCC-CDF-SKL-01827|CHIFUBU|KUNDA EDWARD|583049/61/1|||U||762233529 KAWAMA PINE GROOVEM 21 ROAD SKILLS DRIVING CE CERTIFICATE 1 MONTH NEW|4300.0|2025|APPROVED
NCC-CDF-SKL-01828|CHIFUBU|MUTALE STEPHEN|586101/61/1|966770017|KAWAMA CHIPALAMBA|M|21.0|ROAD SKILLS DRIVING CE CERTIFICATE 1 MONTH NEW|4300.0|2025|APPROVED
NCC-CDF-SKL-01829|CHIFUBU|MWAPE MARTIN|592354/61/1|||M|22.0|969886881 KAWAMA SATHY SAI 7 M 22 ROAD SKILLS DRIVING CE CERTIFICATE 1 MONTH NEW|4300.0|2025|APPROVED
NCC-CDF-SKL-01830|CHIFUBU|MUNGULUBE BOYD|332043/13/1|968838547|KAWAMA KAMANDA|M|22.0|ROAD SKILLS DRIVING CE CERTIFICATE 1 MONTH NEW|4300.0|2025|APPROVED
NCC-CDF-SKL-01831|CHIFUBU|MENDAI MULELE|568869/61/1|||U||765082089 KAWAMA PINE GROOVEM 22 ROAD SKILLS DRIVING CE CERTIFICATE 1 MONTH NEW|4300.0|2025|APPROVED
NCC-CDF-SKL-01832|CHIFUBU|MWANDU CORNELIUS|581283/61/1|769441322|KAWAMA KADANSA|M|22.0|ROAD SKILLS DRIVING CE CERTIFICATE 1 MONTH NEW|4300.0|2025|APPROVED
NCC-CDF-SKL-01833|CHIFUBU|PHIRI CHRISTABEL|592270/61/1|||F|23.0|976652550 KAWAMA BUTUNGWA 8 F 23 ROAD SKILLS DRIVING CE CERTIFICATE 1 MONTH NEW|4300.0|2025|APPROVED
NCC-CDF-SKL-01834|CHIFUBU|ILUNGA SHADRICK|601763/61/1|972135112|KAWAMA INTULO|M|23.0|ROAD SKILLS DRIVING CE CERTIFICATE 1 MONTH NEW|4300.0|2025|APPROVED
NCC-CDF-SKL-01835|CHIFUBU|KAZEMBE JAFALI|581267/61/1|777047200|KAWAMA INTULO|M|23.0|ROAD SKILLS DRIVING CE CERTIFICATE 1 MONTH NEW|4300.0|2025|APPROVED
NCC-CDF-SKL-01836|CHIFUBU|KAZADI MISHECK|536466/61/1|967504465|KAWAMA INTULO|M|24.0|ROAD SKILLS DRIVING CE CERTIFICATE 1 MONTH NEW|4300.0|2025|APPROVED
NCC-CDF-SKL-01837|CHIFUBU|MUMBA DAVIS|582809/61/1|767118541|KAWAMA MISHIKA|M|24.0|ROAD SKILLS DRIVING CE CERTIFICATE 1 MONTH NEW|4300.0|2025|APPROVED
NCC-CDF-SKL-01838|CHIFUBU|MOSES NGANDWE|278447/46/1|||U||976057474 KAWAMA PINE GROOVEM 25 ROAD SKILLS DRIVING CE CERTIFICATE 1 MONTH NEW|4300.0|2025|APPROVED
NCC-CDF-SKL-01839|CHIFUBU|CHISENGA PETER|537344/61/1|966674893|KAWAMA CHIPALAMBA|M|25.0|ROAD SKILLS DRIVING CE CERTIFICATE 1 MONTH NEW|4300.0|2025|APPROVED
NCC-CDF-SKL-01840|CHIFUBU|MALEKANI ELVIS|548794/61/1|||M|25.0|770406174 KAWAMA SATHY SAI 8 M 25 ROAD SKILLS DRIVING CE CERTIFICATE 1 MONTH NEW|4300.0|2025|APPROVED
NCC-CDF-SKL-01841|CHIFUBU|BWALYA KAPAPA|526814/61/1|961218350|KAWAMA KAMANDA|M|26.0|ROAD SKILLS DRIVING CE CERTIFICATE 1 MONTH NEW|4300.0|2025|APPROVED
NCC-CDF-SKL-01842|CHIFUBU|CHILILEKA BORNWELL|220253/91/1|||U||768624682 KAWAMA PINE GROOVEM 26 ROAD SKILLS DRIVING CE CERTIFICATE 1 MONTH NEW|4300.0|2025|APPROVED
NCC-CDF-SKL-01843|CHIFUBU|MWENDABAI|424936/16/1|765852065|KAWAMA KADANSA|M|26.0|ROAD SKILLS DRIVING CE CERTIFICATE 1 MONTH NEW|4300.0|2025|APPROVED
NCC-CDF-SKL-01844|CHIFUBU|BWALYA CHANDA|482139/61/1|||U||968051634 KAWAMA BUTUNGWA 9M 26 ROAD SKILLS DRIVING CE CERTIFICATE 1 MONTH NEW|4300.0|2025|APPROVED
NCC-CDF-SKL-01845|CHIFUBU|MUWANDIA LUCKSON|478731/61/1|771766596|KAWAMA INTULO|M|28.0|ROAD SKILLS DRIVING CE CERTIFICATE 1 MONTH NEW|4300.0|2025|APPROVED
NCC-CDF-SKL-01846|CHIFUBU|BOWA JAIRUS|481735/61/1|766445598|KAWAMA INTULO|M|28.0|ROAD SKILLS DRIVING CE CERTIFICATE 1 MONTH NEW|4300.0|2025|APPROVED
NCC-CDF-SKL-01847|CHIFUBU|KAPEMBA BLESSINGS|629441/61/1|965429118|KAWAMA INTULO|M|29.0|ROAD SKILLS DRIVING CE CERTIFICATE 1 MONTH NEW|4300.0|2025|APPROVED
NCC-CDF-SKL-01848|CHIFUBU|THOLE ABRAHAM|505399/61/1|974494704|KAWAMA MISHIKA|M|30.0|ROAD SKILLS DRIVING CE CERTIFICATE 1 MONTH NEW|4300.0|2025|APPROVED
NCC-CDF-SKL-01849|CHIFUBU|ZULU MWIZA|627629/52/1|||U||978091095 KAWAMA PINE GROOVEM 30 ROAD SKILLS DRIVING CE CERTIFICATE 1 MONTH NEW|4300.0|2025|APPROVED
NCC-CDF-SKL-01850|CHIFUBU|KAPAPI CHISENGA|446140/61/1|966297594|KAWAMA CHIPALAMBA|M|31.0|ROAD SKILLS DRIVING CE CERTIFICATE 1 MONTH NEW|4300.0|2025|APPROVED
NCC-CDF-SKL-01851|CHIFUBU|MWAMBA KALUNGA|456278/61/1|||M|31.0|966883537 KAWAMA SATHY SAI 9 M 31 ROAD SKILLS DRIVING CE CERTIFICATE 1 MONTH NEW|4300.0|2025|APPROVED
NCC-CDF-SKL-01852|CHIFUBU|TEMBO JIMMY|444747/61/1|766197281|KAWAMA KAMANDA|M|32.0|ROAD SKILLS DRIVING CE CERTIFICATE 1 MONTH NEW|4300.0|2025|APPROVED
NCC-CDF-SKL-01853|CHIFUBU|CHILESHE CONELIOUS|446174/61/1|||U||974163639 KAWAMA PINE GROOVEM 32 ROAD SKILLS DRIVING CE CERTIFICATE 1 MONTH NEW|4300.0|2025|APPROVED
NCC-CDF-SKL-01854|CHIFUBU|CHANDA KELVIN|446621/61/1|961026879|KAWAMA KADANSA|M|32.0|ROAD SKILLS DRIVING CE CERTIFICATE 1 MONTH NEW|4300.0|2025|APPROVED
NCC-CDF-SKL-01855|CHIFUBU|CHENGO LAZAROUS|261417/71/1|||U||772776551 KAWAMA BUTUNGWA 10M 33 ROAD SKILLS DRIVING CE CERTIFICATE 1 MONTH NEW|4300.0|2025|APPROVED
NCC-CDF-SKL-01856|CHIFUBU|SAKULANDA JAPHATH|587193/10/1|776658546|KAWAMA INTULO|M|25.0|TWIKATANE NDOLA CARPENTRY AND CERTIFICATE 1 YEAR NEW|7675.0|2025|APPROVED
NCC-CDF-SKL-01857|CHIFUBU|KALOMO NORAH|579083/61/1|961072780|KAWAMA INTULO|F|22.0|ZAMBIA UNIVERSITY COMPUTER CERTIFICATE 3 MONTHS NEW|5800.0|2025|APPROVED
NCC-CDF-SKL-01858|CHIFUBU|MWANSA MIKE|567439/61/1|966262449|KAWAMA INTULO|M|23.0|ZAMBIA UNIVERSITY INFORMATION DIPLOMA 3 YEARS RETURNING|8400.0|2025|APPROVED
NCC-CDF-SKL-01859|CHIFUBU|KATETE DAMACIOUS|414163/16/1|979923221|KAWAMA MISHIKA|M|26.0|ZAMBIA UNIVERSITY SOFTWARE CERTIFICATE 3 MONTHS NEW|5800.0|2025|APPROVED
NCC-CDF-SKL-01860|CHIFUBU|NAMUKOKO HELLEN|617239/61/1|777206590|PAMODZI SATHYA SAI|F|19.0|CHIFUBU SKILLS CATERING CERTIFICATE 1 YEAR NEW|4100.0|2025|APPROVED
NCC-CDF-SKL-01861|CHIFUBU|KASANGA LILLIAN|578823/61/1|766824498|PAMODZI SATHYA SAI|F|24.0|CHIFUBU SKILLS CATERING CERTIFICATE 1 YEAR NEW|4100.0|2025|APPROVED
NCC-CDF-SKL-01862|CHIFUBU|CHIMWANGA FEBBY|446948/61/1|779839896|PAMODZI KALELA|F|25.0|COPPERSTONE FOOD PRODUTION CERTIFICATE 3 MONTHS NEW|6753.0|2025|APPROVED
NCC-CDF-SKL-01863|CHIFUBU|CHANSA ENESS|156649/48/1|767249069|PAMODZI SATHYA SAI|F|29.0|COPPERSTONE FOOD PRODUTION CERTIFICATE 3 MONTHS NEW|6753.0|2025|APPROVED
NCC-CDF-SKL-01864|CHIFUBU|MUBITA NORAH|259841/71/1|975988836|PAMODZI SATHYA SAI|F|30.0|COPPERSTONE FOOD PRODUTION CERTIFICATE 3 MONTHS NEW|6753.0|2025|APPROVED
NCC-CDF-SKL-01865|CHIFUBU|MUTOYA MEMORY|278438/24/1|969262003|PAMODZI SATHYA SAI|F|32.0|COPPERSTONE FOOD PRODUTION CERTIFICATE 3 MONTHS NEW|6753.0|2025|APPROVED
NCC-CDF-SKL-01866|CHIFUBU|NDOVI SERAH|409100/61/1|972083555|PAMODZI KALELA|F|33.0|COPPERSTONE FOOD PRODUTION CERTIFICATE 3 MONTHS NEW|6753.0|2025|APPROVED
NCC-CDF-SKL-01867|CHIFUBU|MUSONDA NATALIA|492637/16/1|773177028|PAMODZI SATHYA SAI|F|18.0|KABUSHI GENERAL CERTIFICATE 1 YEAR NEW|10000.0|2025|APPROVED
NCC-CDF-SKL-01868|CHIFUBU|PHIRI ENELESS|622816/61/1|779972904|PAMODZI SATHYA SAI|F|19.0|KABUSHI GENERAL CERTIFICATE 1 YEAR NEW|10000.0|2025|APPROVED
NCC-CDF-SKL-01869|CHIFUBU|MUSONDA PHILLIS|624174/61/1|961237108|PAMODZI SATHYA SAI|F|19.0|KABUSHI GENERAL CERTIFICATE 1 YEAR NEW|10000.0|2025|APPROVED
NCC-CDF-SKL-01870|CHIFUBU|PHIRI MARY|628608/61/1|975090313|PAMODZI SATHYA SAI|F|19.0|KABUSHI GENERAL CERTIFICATE 1 YEAR NEW|10000.0|2025|APPROVED
NCC-CDF-SKL-01871|CHIFUBU|NKHUMBA FAITH|625963/61/1|772849445|PAMODZI SATHYA SAI|F|20.0|KABUSHI GENERAL CERTIFICATE 1 YEAR NEW|10000.0|2025|APPROVED
NCC-CDF-SKL-01872|CHIFUBU|CHILEYA MILDRED|590513/61/1|770190275|PAMODZI SATHYA SAI|F|21.0|KABUSHI GENERAL CERTIFICATE 1 YEAR NEW|10000.0|2025|APPROVED
NCC-CDF-SKL-01873|CHIFUBU|NGOSA BERTHA|615696/61/1|968816624|PAMODZI SATHYA SAI|F|21.0|KABUSHI GENERAL CERTIFICATE 1 YEAR NEW|10000.0|2025|APPROVED
NCC-CDF-SKL-01874|CHIFUBU|SAKALA RUTH|566394/61/1|967499812|PAMODZI SATHYA SAI|F|23.0|KABUSHI GENERAL CERTIFICATE 1 YEAR NEW|10000.0|2025|APPROVED
NCC-CDF-SKL-01875|CHIFUBU|MUTALE MAJORY|590187/61/1|776869544|PAMODZI SATHYA SAI|F|23.0|KABUSHI GENERAL CERTIFICATE 1 YEAR NEW|10000.0|2025|APPROVED
NCC-CDF-SKL-01876|CHIFUBU|PHIRI PRECIOUS|493413/61/1|||F|26.0|969911706 PAMODZI OVERSPILL 2 F 26 KABUSHI GENERAL CERTIFICATE 1 YEAR NEW|10000.0|2025|APPROVED
NCC-CDF-SKL-01877|CHIFUBU|CHIBWE GLORIA|461376/61/1|||F|30.0|761011768 PAMODZI OVERSPILL 2 F 30 KABUSHI GENERAL CERTIFICATE 1 YEAR NEW|10000.0|2025|APPROVED
NCC-CDF-SKL-01878|CHIFUBU|CHANSA AGNESS|487675/61/1|||F|30.0|765378207 PAMODZI OVERSPILL 2 F 30 KABUSHI GENERAL CERTIFICATE 1 YEAR NEW|10000.0|2025|APPROVED
NCC-CDF-SKL-01879|CHIFUBU|MWANZA GRACE|641509/61/1|||F|19.0|777383372 PAMODZI OVERSPILL 2 F 19 NDOLA SKILLS CATERING CERTIFICATE 1 YEAR NEW|4300.0|2025|APPROVED
NCC-CDF-SKL-01880|CHIFUBU|FREDRICK MWANSA|501403/61/1|||M|25.0|767188477 PAMODZI OVERSPILL 2 M 25 NORTEC ADVANCED CERTIFICATE 1 YEAR NEW|9100.0|2025|APPROVED
NCC-CDF-SKL-01881|CHIFUBU|WINDARS MUKOTI|406226/17/1|||M|23.0|974041232 PAMODZI OVERSPILL 2 M 23 NORTEC AUTOMOTIVE DIPLOMA 3 YEARS NEW|8700.0|2025|APPROVED
NCC-CDF-SKL-01882|CHIFUBU|WILLIAM CHITAMBO|608472/61/1|||M|20.0|968711009 PAMODZI OVERSPILL 2 M 20 NORTEC CRAFT CERTIFICATE CERTIFICATE 2 YEARS NEW|8700.0|2025|APPROVED
NCC-CDF-SKL-01883|CHIFUBU|KUNDA KAREN|590296/61/1|||F|21.0|962426372 PAMODZI OVERSPILL 2 F 21 NORTEC CRAFT HEAVY DIPLOMA 2 YEARS RETURNING|10600.0|2025|APPROVED
NCC-CDF-SKL-01884|CHIFUBU|GARRISON SIANEMBO|232313/19/1|||M|24.0|771694041 PAMODZI OVERSPILL 2 M 24 NORTEC DIPLOMA IN DIPLOMA 3 YEARS NEW|8700.0|2025|APPROVED
NCC-CDF-SKL-01885|CHIFUBU|CHRISTOPHER|574289/61/1|||M|21.0|966824913 PAMODZI OVERSPILL 2 M 21 NORTEC DIPLOMA IN HEAVY DIPLOMA 3 YEARS NEW|14350.0|2025|APPROVED
NCC-CDF-SKL-01886|CHIFUBU|MWAPE IAN|607927/61/1|||M|19.0|777441210 PAMODZI OVERSPILL 2 M 19 NORTEC HEAVY EQUIPMENT DIPLOMA 3 YEARS RETURNING|14350.0|2025|APPROVED
NCC-CDF-SKL-01887|CHIFUBU|CHOLA EVELYN|170523/69/1|||F|20.0|974534405 PAMODZI OVERSPILL 2 F 20 NORTEC HEAVY EQUIPMENT DIPLOMA 3 YEARS RETURNING|14350.0|2025|APPROVED
NCC-CDF-SKL-01888|CHIFUBU|SIMFUKWE BRANDON|611123/61/1|||M|20.0|764851952 PAMODZI OVERSPILL 2 M 20 NORTEC MECHANICAL DIPLOMA 3 YEARS RETURNING|7600.0|2025|APPROVED
NCC-CDF-SKL-01889|CHIFUBU|BROWN SEAN|381048/73/1|||M|20.0|968478209 PAMODZI OVERSPILL 2 M 20 NORTEC REFRIDGERATION CERTIFICATE 1 MONTH NEW|4350.0|2025|APPROVED
NCC-CDF-SKL-01890|CHIFUBU|MFULA ALVIN|567759/61/1|||M|22.0|961762435 PAMODZI OVERSPILL 2 M 22 NORTEC REFRIDGERATION CERTIFICATE 1 MONTH NEW|4350.0|2025|APPROVED
NCC-CDF-SKL-01891|CHIFUBU|KAWANGU WOMBA|499467/61/1|||M|27.0|965828362 PAMODZI OVERSPILL 2 M 27 NORTHERN AUTOMOTIVE CERTIFICATE 1 YEAR NEW|25550.0|2025|APPROVED
NCC-CDF-SKL-01892|CHIFUBU|CHILIFYE DENNIS|328649/43/1|||M|33.0|976814685 PAMODZI OVERSPILL 2 M 33 NORTHERN AUTOMOTIVE CERTIFICATE 1 YEAR NEW|25550.0|2025|APPROVED
NCC-CDF-SKL-01893|CHIFUBU|CHALWE PETER|439935/61/1|||M|32.0|770311671 PAMODZI OVERSPILL 2 M 32 NORTHERN AUTOMOTIVE CERTIFICATE 1 YEAR NEW|25550.0|2025|APPROVED
NCC-CDF-SKL-01894|CHIFUBU|CHABALA JIMMY|620102/61/1|||M|19.0|763925343 PAMODZI OVERSPILL 2 M 19 NORTHERN AUTOMOTIVE CERTIFICATE 1 YEAR NEW|21050.0|2025|APPROVED
NCC-CDF-SKL-01895|CHIFUBU|MUSEMA PAUL|628936/61/1|||M|20.0|960239729 PAMODZI OVERSPILL 2 M 20 NORTHERN AUTOMOTIVE CERTIFICATE 1 YEAR NEW|21050.0|2025|APPROVED
NCC-CDF-SKL-01896|CHIFUBU|SICHANDE CHIBUYE|710656/10/1|||M|20.0|976124546 PAMODZI OVERSPILL 2 M 20 NORTHERN AUTOMOTIVE CERTIFICATE 1 YEAR NEW|21050.0|2025|APPROVED
NCC-CDF-SKL-01897|CHIFUBU|MAMBWE ABEL|573815/61/1|||M|22.0|968419972 PAMODZI OVERSPILL 2 M 22 NORTHERN AUTOMOTIVE CERTIFICATE 1 YEAR NEW|21050.0|2025|APPROVED
NCC-CDF-SKL-01898|CHIFUBU|LUWAILE WEBBY|581480/61/1|||M|22.0|966591724 PAMODZI OVERSPILL 2 M 22 NORTHERN AUTOMOTIVE CERTIFICATE 1 YEAR NEW|21050.0|2025|APPROVED
NCC-CDF-SKL-01899|CHIFUBU|CHISENGA SHEMAIAH|558415/61/1|965583010|PAMODZI KALELA|M|23.0|NORTHERN AUTOMOTIVE CERTIFICATE 1 YEAR NEW|21050.0|2025|APPROVED
NCC-CDF-SKL-01900|CHIFUBU|KAFWANKA GIFT|526790/61/1|761578272|PAMODZI KALELA|M|25.0|NORTHERN AUTOMOTIVE CERTIFICATE 1 YEAR NEW|21050.0|2025|APPROVED
NCC-CDF-SKL-01901|CHIFUBU|CHALI BEN|517902/67/1|978138487|PAMODZI KALELA|M|27.0|NORTHERN AUTOMOTIVE CERTIFICATE 1 YEAR NEW|21050.0|2025|APPROVED
NCC-CDF-SKL-01902|CHIFUBU|MULENGA PATRICK|397192/10/1|762609077|PAMODZI KALELA|M|29.0|NORTHERN AUTOMOTIVE CERTIFICATE 1 YEAR NEW|21050.0|2025|APPROVED
NCC-CDF-SKL-01903|CHIFUBU|CHEMBO SANDY|297714/31/1|965189573|PAMODZI KALELA|M|31.0|NORTHERN AUTOMOTIVE CERTIFICATE 1 YEAR NEW|21050.0|2025|APPROVED
NCC-CDF-SKL-01904|CHIFUBU|KALEBWE DORCUS|408625/61/1|771171934|PAMODZI KALELA|F|34.0|NORTHERN AUTOMOTIVE CERTIFICATE 1 YEAR NEW|21050.0|2025|APPROVED
NCC-CDF-SKL-01905|CHIFUBU|CHENGO CHARITY|640842/61/1|777751600|PAMODZI KALELA|F|19.0|NORTHERN BRICKLAYING & CERTIFICATE 1 YEAR NEW|20330.0|2025|APPROVED
NCC-CDF-SKL-01906|CHIFUBU|MWELA CHARLES|378168/88/1|968940655|PAMODZI KALELA|M|24.0|NORTHERN BRICKLAYING & CERTIFICATE 1 YEAR NEW|20330.0|2025|APPROVED
NCC-CDF-SKL-01907|CHIFUBU|MUBITA JOSHUA|259528/71/1|766243781|PAMODZI KALELA|M|28.0|NORTHERN BRICKLAYING & CERTIFICATE 1 YEAR NEW|20330.0|2025|APPROVED
NCC-CDF-SKL-01908|CHIFUBU|CHIBVURI ABIGAIL|633553/61/1|765356042|PAMODZI KALELA|F|19.0|NORTHERN ELECTRICAL CERTIFICATE 1 YEAR NEW|21750.0|2025|APPROVED
NCC-CDF-SKL-01909|CHIFUBU|MAKULU GESHOM|637285/61/1|978525578|PAMODZI KALELA|M|19.0|NORTHERN ELECTRICAL CERTIFICATE 1 YEAR NEW|21750.0|2025|APPROVED
NCC-CDF-SKL-01910|CHIFUBU|MWANSA MIRRIAM|390101/31/1|772722158|PAMODZI KALELA|M|20.0|NORTHERN ELECTRICAL CERTIFICATE 1 YEAR NEW|21750.0|2025|APPROVED
NCC-CDF-SKL-01911|CHIFUBU|PHIRI JUSTIN|575582/61/1|979010246|PAMODZI KALELA|M|20.0|NORTHERN ELECTRICAL CERTIFICATE 1 YEAR NEW|21750.0|2025|APPROVED
NCC-CDF-SKL-01912|CHIFUBU|MWANSA PERRY|574619/61/1|777935131|PAMODZI KALELA|M|21.0|NORTHERN ELECTRICAL CERTIFICATE 1 YEAR NEW|21750.0|2025|APPROVED
NCC-CDF-SKL-01913|CHIFUBU|NKOLE PETER|714267/10/1|762113867|PAMODZI KALELA|M|21.0|NORTHERN ELECTRICAL CERTIFICATE 1 YEAR NEW|21750.0|2025|APPROVED
NCC-CDF-SKL-01914|CHIFUBU|SIAME MISHECK|555396/61/1|769054553|PAMODZI KALELA|M|23.0|NORTHERN ELECTRICAL CERTIFICATE 1 YEAR NEW|21750.0|2025|APPROVED
NCC-CDF-SKL-01915|CHIFUBU|MAWELE NATASHA|586545/67/1|972257862|PAMODZI KALELA|F|23.0|NORTHERN ELECTRICAL CERTIFICATE 1 YEAR NEW|21750.0|2025|APPROVED
NCC-CDF-SKL-01916|CHIFUBU|MANYUKU RONALD|538432/61/1|978808040|PAMODZI KALELA|M|24.0|NORTHERN ELECTRICAL CERTIFICATE 1 YEAR NEW|21750.0|2025|APPROVED
NCC-CDF-SKL-01917|CHIFUBU|HANKOPE ABRAHAM|509532/61/1|969821051|PAMODZI KALELA|M|25.0|NORTHERN ELECTRICAL CERTIFICATE 1 YEAR NEW|21750.0|2025|APPROVED
NCC-CDF-SKL-01918|CHIFUBU|RICHARD CHILUFYA|322183/62/1|772917930|PAMODZI KALELA|M|26.0|NORTHERN ELECTRICAL CERTIFICATE 1 YEAR NEW|21750.0|2025|APPROVED
NCC-CDF-SKL-01919|CHIFUBU|MWEWA ERICA|492448/61/1|962536244|PAMODZI KALELA|F|26.0|NORTHERN ELECTRICAL CERTIFICATE 1 YEAR NEW|21750.0|2025|APPROVED
NCC-CDF-SKL-01920|CHIFUBU|SHANGUBALIA|492564/61/1|968872003|PAMODZI KALELA|F|27.0|NORTHERN ELECTRICAL CERTIFICATE 1 YEAR NEW|21750.0|2025|APPROVED
NCC-CDF-SKL-01921|CHIFUBU|CHEMBO CALEB|516012/61/1|978220951|PAMODZI KALELA|M|27.0|NORTHERN ELECTRICAL CERTIFICATE 1 YEAR NEW|21750.0|2025|APPROVED
NCC-CDF-SKL-01922|CHIFUBU|SIMBULE ELIJAH|481860/61/1|||U||962155163 PAMODZI CHILYAMITONDMO 28 NORTHERN ELECTRICAL CERTIFICATE 1 YEAR NEW|21750.0|2025|APPROVED
NCC-CDF-SKL-01923|CHIFUBU|CHELLAH CHISANGA|316123/66/1|||U||964242782 PAMODZI CHILYAMITONDMO 33 NORTHERN ELECTRICAL CERTIFICATE 1 YEAR NEW|21750.0|2025|APPROVED
NCC-CDF-SKL-01924|CHIFUBU|NGOMA TANGU|400277/61/1|||U||966529391 PAMODZI CHILYAMITONDFO 33 NORTHERN ELECTRICAL CERTIFICATE 1 YEAR NEW|21750.0|2025|APPROVED
NCC-CDF-SKL-01925|CHIFUBU|BANDA ANNIE|620150/61/1|||U||777150171 PAMODZI CHILYAMITONDFO 20 NORTHERN FASHION DESIGN CERTIFICATE 1 YEAR NEW|21750.0|2025|APPROVED
NCC-CDF-SKL-01926|CHIFUBU|CHEWE NAMOONGA|292007/71/1|||U||971157919 PAMODZI CHILYAMITONDFO 24 NORTHERN FASHION DESIGN CERTIFICATE 1 YEAR NEW|21750.0|2025|APPROVED
NCC-CDF-SKL-01927|CHIFUBU|LASA THERESA|378832/65/1|||U||769146070 PAMODZI CHILYAMITONDFO 32 NORTHERN FASHION DESIGN CERTIFICATE 1 YEAR NEW|21750.0|2025|APPROVED
NCC-CDF-SKL-01928|CHIFUBU|NYAMBI DEBORAH|539874/52/1|||U||974294113 PAMODZI CHILYAMITONDFO 34 NORTHERN FASHION DESIGN CERTIFICATE 1 YEAR NEW|21750.0|2025|APPROVED
NCC-CDF-SKL-01929|CHIFUBU|NKHOMA EUNICE|640166/61/1|||U||762640748 PAMODZI CHILYAMITONDFO 18 NORTHERN FOOD PRODUTION CERTIFICATE 1 YEAR NEW|20575.0|2025|APPROVED
NCC-CDF-SKL-01930|CHIFUBU|PHIRI PETRONELLA|575433/61/1|||U||772836070 PAMODZI CHILYAMITONDFO 20 NORTHERN FOOD PRODUTION CERTIFICATE 1 YEAR NEW|20575.0|2025|APPROVED
NCC-CDF-SKL-01931|CHIFUBU|SILOMBA TAONGA|586452/61/1|||U||760444826 PAMODZI CHILYAMITONDFO 20 NORTHERN FOOD PRODUTION CERTIFICATE 1 YEAR NEW|20575.0|2025|APPROVED
NCC-CDF-SKL-01932|CHIFUBU|KESA THERESA|576340/61/1|||U||773082466 PAMODZI CHILYAMITONDFO 21 NORTHERN FOOD PRODUTION CERTIFICATE 1 YEAR NEW|20575.0|2025|APPROVED
NCC-CDF-SKL-01933|CHIFUBU|KOMBE LISTER|584245/61/1|||U||978664030 PAMODZI CHILYAMITONDFO 21 NORTHERN FOOD PRODUTION CERTIFICATE 1 YEAR NEW|20575.0|2025|APPROVED
NCC-CDF-SKL-01934|CHIFUBU|MUDENDA BUUMBA|567033/61/1|||U||966424070 PAMODZI CHILYAMITONDFO 23 NORTHERN FOOD PRODUTION CERTIFICATE 1 YEAR NEW|20575.0|2025|APPROVED
NCC-CDF-SKL-01935|CHIFUBU|KALOLO FRIDAH|577108/61/1|||U||967212581 PAMODZI CHILYAMITONDFO 24 NORTHERN FOOD PRODUTION CERTIFICATE 1 YEAR NEW|20575.0|2025|APPROVED
NCC-CDF-SKL-01936|CHIFUBU|MULENGA KELVIN|326444/45/1|||U||761309867 PAMODZI CHILYAMITONDMO 22 NORTHERN METAL CERTIFICATE 1 YEAR NEW|25550.0|2025|APPROVED
NCC-CDF-SKL-01937|CHIFUBU|BANDA KANAN|588194/61/1|||U||766659998 PAMODZI CHILYAMITONDMO 22 NORTHERN METAL CERTIFICATE 1 YEAR NEW|25550.0|2025|APPROVED
NCC-CDF-SKL-01938|CHIFUBU|MACHAYI DAVID|497289/61/1|||U||762535266 PAMODZI CHILYAMITONDMO 26 NORTHERN METAL CERTIFICATE 1 YEAR NEW|25550.0|2025|APPROVED
NCC-CDF-SKL-01939|CHIFUBU|NYENDWA PEARSON|451207/61/1|||U||977304219 PAMODZI CHILYAMITONDMO 34 NORTHERN METAL CERTIFICATE 1 YEAR NEW|25550.0|2025|APPROVED
NCC-CDF-SKL-01940|CHIFUBU|SHIMISHI GIFT|111939/27/1|||U||962413559 PAMODZI CHILYAMITONDMO 27 PASCAL INSTITUTE OF MACHINE CERTIFICATE 1 MONTH NEW|6750.0|2025|APPROVED
NCC-CDF-SKL-01941|CHIFUBU|LUNGU STEWARD|622247/61/1|||U||773551693 PAMODZI CHILYAMITONDMO 20 PASCAL INSTITUTE OF MACHINE CERTIFICATE 1 MONTH NEW|6750.0|2025|APPROVED
NCC-CDF-SKL-01942|CHIFUBU|MAZAMBA OTILIA|564229/61/1|||U||972139419 PAMODZI CHILYAMITONDFO 21 PASCAL INSTITUTE OF MACHINE CERTIFICATE 1 MONTH NEW|6750.0|2025|APPROVED
NCC-CDF-SKL-01943|CHIFUBU|MASHAWU ANTHONY|582971/61/1|||U||963667699 PAMODZI CHILYAMITONDMO 21 PASCAL INSTITUTE OF MACHINE CERTIFICATE 1 MONTH NEW|6750.0|2025|APPROVED
NCC-CDF-SKL-01944|CHIFUBU|CHIKANG'A BRIDGET|555181/61/1|||U||779468008 PAMODZI CHILYAMITONDFO 22 PASCAL INSTITUTE OF MACHINE CERTIFICATE 1 MONTH NEW|6750.0|2025|APPROVED
NCC-CDF-SKL-01945|CHIFUBU|CHULU JAMES|579542/61/1|||U||771545421 PAMODZI CHILYAMITONDMO 22 PASCAL INSTITUTE OF MACHINE CERTIFICATE 1 MONTH NEW|6750.0|2025|APPROVED
NCC-CDF-SKL-01946|CHIFUBU|MWENGE CYNTHIA|588494/61/1|||U||764294407 PAMODZI CHILYAMITONDFO 23 PASCAL INSTITUTE OF MACHINE CERTIFICATE 1 MONTH NEW|6750.0|2025|APPROVED
NCC-CDF-SKL-01947|CHIFUBU|NGOMA PHILIP|547428/61/1|||U||963567701 PAMODZI CHILYAMITONDMO 24 PASCAL INSTITUTE OF MACHINE CERTIFICATE 1 MONTH NEW|6750.0|2025|APPROVED
NCC-CDF-SKL-01948|CHIFUBU|MWAPE MOSES|501115/61/1|||U||972291239 PAMODZI CHILYAMITONDMO 25 PASCAL INSTITUTE OF MACHINE CERTIFICATE 1 MONTH NEW|6750.0|2025|APPROVED
NCC-CDF-SKL-01949|CHIFUBU|MUULU CHUNGU|509992/61/1|||U||966908181 PAMODZI CHILYAMITONDMO 25 PASCAL INSTITUTE OF MACHINE CERTIFICATE 1 MONTH NEW|6750.0|2025|APPROVED
NCC-CDF-SKL-01950|CHIFUBU|MUPETA JUSTINE|524093/61/1|||U||976441704 PAMODZI CHILYAMITONDMO 25 PASCAL INSTITUTE OF MACHINE CERTIFICATE 1 MONTH NEW|6750.0|2025|APPROVED
NCC-CDF-SKL-01951|CHIFUBU|ZULU KENNEDY|546125/61/1|||U||762677792 PAMODZI CHILYAMITONDMO 25 PASCAL INSTITUTE OF MACHINE CERTIFICATE 1 MONTH NEW|6750.0|2025|APPROVED
NCC-CDF-SKL-01952|CHIFUBU|CHOMBA GEORGE|565979/16/1|||U||966589633 PAMODZI CHILYAMITONDMO 25 PASCAL INSTITUTE OF MACHINE CERTIFICATE 1 MONTH NEW|6750.0|2025|APPROVED
NCC-CDF-SKL-01953|CHIFUBU|MUULU MUBANGA|475429/61/1|||U||966559993 PAMODZI CHILYAMITONDFO 27 PASCAL INSTITUTE OF MACHINE CERTIFICATE 1 MONTH NEW|6750.0|2025|APPROVED
NCC-CDF-SKL-01954|CHIFUBU|CHANDA JACKSON|485598/61/1|||U||975478605 PAMODZI CHILYAMITONDMO 27 PASCAL INSTITUTE OF MACHINE CERTIFICATE 1 MONTH NEW|6750.0|2025|APPROVED
NCC-CDF-SKL-01955|CHIFUBU|MILIMBA MALIWA|478422/61/1|960163794|PAMODZI BUNTUNGWA|F|29.0|PASCAL INSTITUTE OF MACHINE CERTIFICATE 1 MONTH NEW|6750.0|2025|APPROVED
NCC-CDF-SKL-01956|CHIFUBU|MWAPE KUNDA|454888/67/1|978501779|PAMODZI BUNTUNGWA|M|33.0|PASCAL INSTITUTE OF MACHINE CERTIFICATE 1 MONTH NEW|6750.0|2025|APPROVED
NCC-CDF-SKL-01957|CHIFUBU|JONATHAN SIALYOBO|402066/76/1|777641434|PAMODZI BUNTUNGWA|M|25.0|ROAD SKILLS DRIVING CE CERTIFICATE 1 MONTH NEW|4300.0|2025|APPROVED
NCC-CDF-SKL-01958|CHIFUBU|JEDIDAH KAYAMBA|557871/61/1|967294080|PAMODZI BUNTUNGWA|F|23.0|ROAD SKILLS DRIVING CE CERTIFICATE 1 MONTH NEW|4300.0|2025|APPROVED
NCC-CDF-SKL-01959|CHIFUBU|CHALEKWA MUSONDA|623370/61/1|962043214|PAMODZI BUNTUNGWA|M|19.0|ROAD SKILLS DRIVING CE CERTIFICATE 1 MONTH NEW|4300.0|2025|APPROVED
NCC-CDF-SKL-01960|CHIFUBU|KABWE SAVIOUR|364459/31/1|779314151|PAMODZI BUNTUNGWA|M|21.0|ROAD SKILLS DRIVING CE CERTIFICATE 1 MONTH NEW|4300.0|2025|APPROVED
NCC-CDF-SKL-01961|CHIFUBU|KUNDA MARREN|468028/61/1|774131031|PAMODZI BUNTUNGWA|F|21.0|ROAD SKILLS DRIVING CE CERTIFICATE 1 MONTH NEW|4300.0|2025|APPROVED
NCC-CDF-SKL-01962|CHIFUBU|MWAPE MUPETA|672231/10/1|768014553|PAMODZI BUNTUNGWA|M|22.0|ROAD SKILLS DRIVING CE CERTIFICATE 1 MONTH NEW|4300.0|2025|APPROVED
NCC-CDF-SKL-01963|CHIFUBU|ZULU HARRIET|293986/45/1|975114720|PAMODZI BUNTUNGWA|F|23.0|ROAD SKILLS DRIVING CE CERTIFICATE 1 MONTH NEW|4300.0|2025|APPROVED
NCC-CDF-SKL-01964|CHIFUBU|MWELEMUKA ARTHUR|555139/61/1|966800188|PAMODZI BUNTUNGWA|M|24.0|ROAD SKILLS DRIVING CE CERTIFICATE 1 MONTH NEW|4300.0|2025|APPROVED
NCC-CDF-SKL-01965|CHIFUBU|CHIWANA RODRICK|283459/23/1|760206340|PAMODZI BUNTUNGWA|M|24.0|ROAD SKILLS DRIVING CE CERTIFICATE 1 MONTH NEW|4300.0|2025|APPROVED
NCC-CDF-SKL-01966|CHIFUBU|MUNSAKA SIPHO|394306/73/1|979595444|PAMODZI BUNTUNGWA|M|24.0|ROAD SKILLS DRIVING CE CERTIFICATE 1 MONTH NEW|4300.0|2025|APPROVED
NCC-CDF-SKL-01967|CHIFUBU|MESA JUSTIN|453030/16/1|764138162|PAMODZI BUNTUNGWA|M|24.0|ROAD SKILLS DRIVING CE CERTIFICATE 1 MONTH NEW|4300.0|2025|APPROVED
NCC-CDF-SKL-01968|CHIFUBU|MUSONDA JOSEPH|272134/63/1|968283184|PAMODZI BUNTUNGWA|M|25.0|ROAD SKILLS DRIVING CE CERTIFICATE 1 MONTH NEW|4300.0|2025|APPROVED
NCC-CDF-SKL-01969|CHIFUBU|GONDWE JUSTIN|297504/13/1|978525300|PAMODZI BUNTUNGWA|M|25.0|ROAD SKILLS DRIVING CE CERTIFICATE 1 MONTH NEW|4300.0|2025|APPROVED
NCC-CDF-SKL-01970|CHIFUBU|CHIMWISHI RUTH|331811/68/1|977103531|PAMODZI BUNTUNGWA|F|25.0|ROAD SKILLS DRIVING CE CERTIFICATE 1 MONTH NEW|4300.0|2025|APPROVED
NCC-CDF-SKL-01971|CHIFUBU|MUDENDA MALIWE|385467/65/1|978391025|PAMODZI BUNTUNGWA|M|26.0|ROAD SKILLS DRIVING CE CERTIFICATE 1 MONTH NEW|4300.0|2025|APPROVED
NCC-CDF-SKL-01972|CHIFUBU|NZUNDA CHILUFYA|489274/61/1|768321874|PAMODZI BUNTUNGWA|M|26.0|ROAD SKILLS DRIVING CE CERTIFICATE 1 MONTH NEW|4300.0|2025|APPROVED
NCC-CDF-SKL-01973|CHIFUBU|PENGELE REGINA|489816/61/1|978423959|PAMODZI KALELA|F|26.0|ROAD SKILLS DRIVING CE CERTIFICATE 1 MONTH NEW|4300.0|2025|APPROVED
NCC-CDF-SKL-01974|CHIFUBU|MWENYA LOVEMORE|490235/61/1|975519676|PAMODZI KALELA|M|26.0|ROAD SKILLS DRIVING CE CERTIFICATE 1 MONTH NEW|4300.0|2025|APPROVED
NCC-CDF-SKL-01975|CHIFUBU|COLLINS LEWANIKA|501236/52/1|764089635|PAMODZI KALELA|M|26.0|ROAD SKILLS DRIVING CE CERTIFICATE 1 MONTH NEW|4300.0|2025|APPROVED
NCC-CDF-SKL-01976|CHIFUBU|SICHONE INNOCENT|322178/62/1|969739465|PAMODZI FIBUSA|M|27.0|ROAD SKILLS DRIVING CE CERTIFICATE 1 MONTH NEW|4300.0|2025|APPROVED
NCC-CDF-SKL-01977|CHIFUBU|FUNGANISHA JOSEPH|376757/10/1|966781819|PAMODZI FIBUSA|M|27.0|ROAD SKILLS DRIVING CE CERTIFICATE 1 MONTH NEW|4300.0|2025|APPROVED
NCC-CDF-SKL-01978|CHIFUBU|SIMUKONDA|484248/61/1|||U||779819280 PAMODZI MUKOBEKO 1M 27 ROAD SKILLS DRIVING CE CERTIFICATE 1 MONTH NEW|4300.0|2025|APPROVED
NCC-CDF-SKL-01979|CHIFUBU|CHOLA ZEBE|485012/61/1|||U||776288417 PAMODZI MUKOBEKO 1M 27 ROAD SKILLS DRIVING CE CERTIFICATE 1 MONTH NEW|4300.0|2025|APPROVED
NCC-CDF-SKL-01980|CHIFUBU|MUSUPESUPE|390242/65/1|770976310|PAMODZI SATHYA|M|28.0|ROAD SKILLS DRIVING CE CERTIFICATE 1 MONTH NEW|4300.0|2025|APPROVED
NCC-CDF-SKL-01981|CHIFUBU|MIYAMBO FRIDAY|397280/61/1|963472648|PAMODZI OVERSPIL|M|28.0|ROAD SKILLS DRIVING CE CERTIFICATE 1 MONTH NEW|4300.0|2025|APPROVED
NCC-CDF-SKL-01982|CHIFUBU|KANYINJI MELAYI|482925/61/1|977102587|PAMODZI SATHYA|F|28.0|ROAD SKILLS DRIVING CE CERTIFICATE 1 MONTH NEW|4300.0|2025|APPROVED
NCC-CDF-SKL-01983|CHIFUBU|KABWITA SAMSON|409594/61/1|768653952|PAMODZI SATHYA|M|29.0|ROAD SKILLS DRIVING CE CERTIFICATE 1 MONTH NEW|4300.0|2025|APPROVED
NCC-CDF-SKL-01984|CHIFUBU|VICTORIA KASANGA|261450/63/1|972391112|PAMODZI KALELA|F|29.0|ROAD SKILLS DRIVING CE CERTIFICATE 1 MONTH NEW|4300.0|2025|APPROVED
NCC-CDF-SKL-01985|CHIFUBU|MWIMBA GLORY|473929/61/1|974411352|PAMODZI MUKOBEK|M|29.0|ROAD SKILLS DRIVING CE CERTIFICATE 1 MONTH NEW|4300.0|2025|APPROVED
NCC-CDF-SKL-01986|CHIFUBU|SIKAYAMBA MARTIN|475867/61/1|765406047|PAMODZI KALELA|M|29.0|ROAD SKILLS DRIVING CE CERTIFICATE 1 MONTH NEW|4300.0|2025|APPROVED
NCC-CDF-SKL-01987|CHIFUBU|KAMPAPA MATHEWS|346012/43/1|967590605|PAMODZI KALELA|M|30.0|ROAD SKILLS DRIVING CE CERTIFICATE 1 MONTH NEW|4300.0|2025|APPROVED
NCC-CDF-SKL-01988|CHIFUBU|CHISHIMBA LAMECK|369956/65/1|966775052|PAMODZI KALELA|M|30.0|ROAD SKILLS DRIVING CE CERTIFICATE 1 MONTH NEW|4300.0|2025|APPROVED
NCC-CDF-SKL-01989|CHIFUBU|CHINYANTA JONES|287281/31/1|979816766|PAMODZI SATHYA SAI|M|31.0|ROAD SKILLS DRIVING CE CERTIFICATE 1 MONTH NEW|4300.0|2025|APPROVED
NCC-CDF-SKL-01990|CHIFUBU|MUMBA TYSON|446482/61/1|962567476|PAMODZI SATHYA SAI|M|31.0|ROAD SKILLS DRIVING CE CERTIFICATE 1 MONTH NEW|4300.0|2025|APPROVED
NCC-CDF-SKL-01991|CHIFUBU|TEMBO EDWARD|455959/61/1|963516703|PAMODZI KALELA|M|31.0|ROAD SKILLS DRIVING CE CERTIFICATE 1 MONTH NEW|4300.0|2025|APPROVED
NCC-CDF-SKL-01992|CHIFUBU|MWENYA RICHARD|459220/61/1|966248124|PAMODZI SATHYA SAI|M|31.0|ROAD SKILLS DRIVING CE CERTIFICATE 1 MONTH NEW|4300.0|2025|APPROVED
NCC-CDF-SKL-01993|CHIFUBU|NYIRENDA RITA|268162/10/1|964337373|PAMODZI SATHYA SAI|F|32.0|ROAD SKILLS DRIVING CE CERTIFICATE 1 MONTH NEW|4300.0|2025|APPROVED
NCC-CDF-SKL-01994|CHIFUBU|SILUNGWE WONDER|307501/68/1|962977007|PAMODZI SATHYA SAI|M|32.0|ROAD SKILLS DRIVING CE CERTIFICATE 1 MONTH NEW|4300.0|2025|APPROVED
NCC-CDF-SKL-01995|CHIFUBU|MPONDA|311594/64/1|966824737|PAMODZI KALELA|M|32.0|ROAD SKILLS DRIVING CE CERTIFICATE 1 MONTH NEW|4300.0|2025|APPROVED
NCC-CDF-SKL-01996|CHIFUBU|KAYOMBO EDWARD|334912/66/1|967262687|PAMODZI SATHYA SAI|M|32.0|ROAD SKILLS DRIVING CE CERTIFICATE 1 MONTH NEW|4300.0|2025|APPROVED
NCC-CDF-SKL-01997|CHIFUBU|KENZIE ELIDAH TEMBO|466234/61/1|969578176|PAMODZI SATHYA SAI|F|32.0|ROAD SKILLS DRIVING CE CERTIFICATE 1 MONTH NEW|4300.0|2025|APPROVED
NCC-CDF-SKL-01998|CHIFUBU|CHISALA ALEX|280436/32/1|974159744|PAMODZI SATHYA SAI|M|33.0|ROAD SKILLS DRIVING CE CERTIFICATE 1 MONTH NEW|4300.0|2025|APPROVED
NCC-CDF-SKL-01999|CHIFUBU|MUGALA EVARISTO|314611/66/1|963614612|PAMODZI SATHYA SAI|M|33.0|ROAD SKILLS DRIVING CE CERTIFICATE 1 MONTH NEW|4300.0|2025|APPROVED
NCC-CDF-SKL-02000|CHIFUBU|KASONDE ISAAC|320635/43/1|976810355|PAMODZI SATHYA SAI|M|33.0|ROAD SKILLS DRIVING CE CERTIFICATE 1 MONTH NEW|4300.0|2025|APPROVED
NCC-CDF-SKL-02001|CHIFUBU|MITI KELVIN|384605/61/1|966505156|PAMODZI SATHYA SAI|M|33.0|ROAD SKILLS DRIVING CE CERTIFICATE 1 MONTH NEW|4300.0|2025|APPROVED
NCC-CDF-SKL-02002|CHIFUBU|CHIKAMPAMA DORAM|454447/61/1|972204932|PAMODZI SATHYA SAI|M|33.0|ROAD SKILLS DRIVING CE CERTIFICATE 1 MONTH NEW|4300.0|2025|APPROVED
NCC-CDF-SKL-02003|CHIFUBU|PHIRI MARVIN|291819/10/1|961512742|PAMODZI SATHYA SAI|M|34.0|ROAD SKILLS DRIVING CE CERTIFICATE 1 MONTH NEW|4300.0|2025|APPROVED
NCC-CDF-SKL-02004|CHIFUBU|KALUNGA MWAPE|235941/24/1|961106811|PAMODZI SATHYA SAI|M|30.0|TWIKATANE NDOLA CARPENTRY AND CERTIFICATE 1 YEAR NEW|7675.0|2025|APPROVED
NCC-CDF-SKL-02005|CHIFUBU|KUNDA MERCY|546160/61/1|||F|25.0|968771010 PAMODZI OVERSPILL 2 F 25 TWIKATANE NDOLA CATERING CERTIFICATE 1 YEAR NEW|7675.0|2025|APPROVED
NCC-CDF-SKL-02006|CHIFUBU|SHIPANUKA LULUMBI|495304/61/1|||F|26.0|965304334 PAMODZI OVERSPILL 2 F 26 TWIKATANE NDOLA CATERING CERTIFICATE 1 YEAR NEW|7675.0|2025|APPROVED
NCC-CDF-SKL-02007|CHIFUBU|EDITH CHOMBA|443484/10/1|||F|26.0|777904646 PAMODZI OVERSPILL 2 F 26 TWIKATANE NDOLA CATERING CERTIFICATE 1 YEAR NEW|7675.0|2025|APPROVED
NCC-CDF-SKL-02008|CHIFUBU|SHIPANUKA NDEMENA|557535/61/1|||M|23.0|978782777 PAMODZI OVERSPILL 2 M 23 TWIKATANE NDOLA INFORMATION CERTIFICATE 1 YEAR NEW|7675.0|2025|APPROVED
NCC-CDF-SKL-02009|CHIFUBU|CHIBUYE ALVIN|567315/61/1|||M|23.0|962482842 PAMODZI OVERSPILL 2 M 23 TWIKATANE NDOLA INFORMATION CERTIFICATE 1 YEAR NEW|7675.0|2025|APPROVED
NCC-CDF-SKL-02010|CHIFUBU|MUSAKABANTU|588276/61/1|||F|19.0|760402687 PAMODZI OVERSPILL 2 F 19 TWIKATANE NDOLA TAILORING CERTIFICATE 1 YEAR NEW|7675.0|2025|APPROVED
NCC-CDF-SKL-02011|CHIFUBU|IMASIKU NAMBULA|382827/82/1|||F|22.0|962922703 PAMODZI OVERSPILL 2 F 22 TWIKATANE NDOLA TAILORING CERTIFICATE 1 YEAR NEW|7675.0|2025|APPROVED
NCC-CDF-SKL-02012|CHIFUBU|ZULU BRIAN|564133/61/1|||M|24.0|964230329 PAMODZI OVERSPILL 2 M 24 ZAMBIA UNIVERSITY ARMATURE CERTIFICATE 3 MONTHS NEW|5800.0|2025|APPROVED
NCC-CDF-SKL-02013|CHIFUBU|KASEKELA CALEB|387218/65/1|||M|27.0|967172147 PAMODZI OVERSPILL 2 M 27 ZAMBIA UNIVERSITY ARMATURE CERTIFICATE 3 MONTHS NEW|5800.0|2025|APPROVED
NCC-CDF-SKL-02014|CHIFUBU|MWANZA LEONTINA|632453/61/1|||F|18.0|973758018 PAMODZI OVERSPILL 2 F 18 ZAMBIA UNIVERSITY COMPUTER CERTIFICATE 3 MONTHS NEW|5800.0|2025|APPROVED
NCC-CDF-SKL-02015|CHIFUBU|KASONDE BRIGHTON|126357/94/1|||M|34.0|968410592 PAMODZI OVERSPILL 2 M 34 ZAMBIA UNIVERSITY COMPUTER CERTIFICATE 3 MONTHS NEW|5800.0|2025|APPROVED
NCC-CDF-SKL-02016|CHIFUBU|MAIMBOLWA|591850/61/1|||M|20.0|772877114 PAMODZI OVERSPILL 2 M 20 ZAMBIA UNIVERSITY DOMESTIC CERTIFICATE 3 MONTHS NEW|5800.0|2025|APPROVED
NCC-CDF-SKL-02017|CHIFUBU|CHIRWA KONDWANI|557328/61/1|||M|23.0|763146617 PAMODZI OVERSPILL 2 M 23 ZAMBIA UNIVERSITY DOMESTIC CERTIFICATE 3 MONTHS NEW|5800.0|2025|APPROVED
NCC-CDF-SKL-02018|CHIFUBU|MUMBA CHIKO|487487/61/1|||F|29.0|761585326 PAMODZI OVERSPILL 2 F 29 ZAMBIA UNIVERSITY DOMESTIC CERTIFICATE 3 MONTHS NEW|5800.0|2025|APPROVED
NCC-CDF-SKL-02019|CHIFUBU|MUSONGO FELIX|590284/61/1|||M|21.0|769458275 PAMODZI OVERSPILL 2 M 21 ZAMBIA UNIVERSITY ELECTRICAL & DIPLOMA 3 YEARS RETURNING|8400.0|2025|APPROVED
NCC-CDF-SKL-02020|CHIFUBU|MWEWA MAXWELL|590369/61/1|||M|22.0|961579083 PAMODZI OVERSPILL 2 M 22 ZAMBIA UNIVERSITY ELECTRICAL & DIPLOMA 3 YEARS RETURNING|8400.0|2025|APPROVED
NCC-CDF-SKL-02021|CHIFUBU|MUSIPILI GOLDEN|485596/61/1|||M|28.0|977101470 PAMODZI OVERSPILL 2 M 28 ZAMBIA UNIVERSITY ELECTRICAL AND DIPLOMA 3 YEARS RETURNING|8400.0|2025|APPROVED
NCC-CDF-SKL-02022|CHIFUBU|PATIENCE MUSONDA|615733/61/1|||F|20.0|777442483 PAMODZI OVERSPILL 2 F 20 ZAMBIA UNIVERSITY INFORMATON DIPLOMA 3 YEARS RETURNING|8402.0|2025|APPROVED
NCC-CDF-SKL-02023|CHIFUBU|SILISHEBO BRIGHT|352561/68/1|||M|22.0|772254175 PAMODZI OVERSPILL 2 M 22 ZAMBIA UNIVERSITY INFORMATON DIPLOMA 3 YEARS RETURNING|8400.0|2025|APPROVED
NCC-CDF-SKL-02024|CHIFUBU|MUTESWA KENNEDY|381170/64/1|||M|22.0|963592086 PAMODZI OVERSPILL 2 M 22 ZAMBIA UNIVERSITY INFORMATON DIPLOMA 3 YEARS RETURNING|8400.0|2025|APPROVED
NCC-CDF-SKL-02025|CHIFUBU|SIMASIKU ELIZABETH|299405/45/1|||F|22.0|771168778 PAMODZI OVERSPILL 2 F 22 ZAMBIA UNIVERSITY INFORMATON DIPLOMA 3 YEARS RETURNING|8400.0|2025|APPROVED
NCC-CDF-SKL-02026|CHIFUBU|SAKASHIMBI WANA|571127/61/1|||M|23.0|968866048 PAMODZI OVERSPILL 2 M 23 ZAMBIA UNIVERSITY INFORMATON DIPLOMA 3 YEARS RETURNING|8400.0|2025|APPROVED
NCC-CDF-SKL-02027|CHIFUBU|LYONGA EMMANUEL|590428/61/1|||M|20.0|770423759 PAMODZI OVERSPILL 2 M 20 ZAMBIA UNIVERSITY SOFTWARE CERTIFICATE 3 MONTHS NEW|5800.0|2025|APPROVED
NCC-CDF-SKL-02028|CHIFUBU|MUSHITU GIFT|632480/61/1|974540802|PAMODZI KALELA|M|19.0|ZAMBIA UNIVERSITY SOFTWARE CERTIFICATE 3 MONTHS RETURNING|5800.0|2025|APPROVED
NCC-CDF-SKL-02029|KABUSHI|IREEN MAMBWE|317363/62/1|973335656|KABUSHI|F|31.0|COPPERSTONE GENERAL HOSPITALITY CERTIFICATE 3 MONTHS NEW|6753.0|2025|APPROVED
NCC-CDF-SKL-02030|KABUSHI|NAKAUNDI GIFT|560984/61/1|767201484|KABUSHI|F|26.0|COPPERSTONE GENERAL HOSPITALITY CERTIFICATE 3 MONTHS NEW|6753.0|2025|APPROVED
NCC-CDF-SKL-02031|KABUSHI|ELIZABETH WAMUNDILA|589399/61/1|960392398|KABUSHI|F|21.0|COPPERSTONE GENERAL HOSPITALITY CERTIFICATE 3 MONTHS NEW|6753.0|2025|APPROVED
NCC-CDF-SKL-02032|KABUSHI|GETRUDE NACHULA|589433/61/1|763396789|KABUSHI|F|23.0|COPPERSTONE GENERAL HOSPITALITY CERTIFICATE 3 MONTHS NEW|6753.0|2025|APPROVED
NCC-CDF-SKL-02033|KABUSHI|CHIKAMPAMA NATASHA|590049/61/1|772912441|KABUSHI|F|21.0|COPPERSTONE GENERAL HOSPITALITY CERTIFICATE 3 MONTHS NEW|6753.0|2025|APPROVED
NCC-CDF-SKL-02034|KABUSHI|SHADRICK CHITAWU|593499/61/1|973821406|KABUSHI|M|20.0|COPPERSTONE GENERAL HOSPITALITY CERTIFICATE 3 MONTHS NEW|6753.0|2025|APPROVED
NCC-CDF-SKL-02035|KABUSHI|MULENGA CHRISTABEL|599631/61/1|962646601|KABUSHI|F|21.0|COPPERSTONE GENERAL HOSPITALITY CERTIFICATE 3 MONTHS NEW|6753.0|2025|APPROVED
NCC-CDF-SKL-02036|KABUSHI|SHARON MUKUBE|608234/61/1|760698569|KABUSHI|F|21.0|COPPERSTONE GENERAL HOSPITALITY CERTIFICATE 3 MONTHS NEW|6753.0|2025|APPROVED
NCC-CDF-SKL-02037|KABUSHI|MWAPE MAPALO|609271/61/1|771165781|KABUSHI|F|21.0|COPPERSTONE GENERAL HOSPITALITY CERTIFICATE 3 MONTHS NEW|6753.0|2025|APPROVED
NCC-CDF-SKL-02038|KABUSHI|BEAUTY CHANDA|629893/61/1|777385281|KABUSHI|F|18.0|COPPERSTONE GENERAL HOSPITALITY CERTIFICATE 3 MONTHS NEW|6753.0|2025|APPROVED
NCC-CDF-SKL-02039|KABUSHI|EDITH BUBALA|634584/61/1|971980810|KABUSHI|F|19.0|COPPERSTONE GENERAL HOSPITALITY CERTIFICATE 3 MONTHS NEW|6753.0|2025|APPROVED
NCC-CDF-SKL-02040|KABUSHI|TASILA PHIRI|638204/61/1|964613111|KABUSHI|F|18.0|COPPERSTONE GENERAL HOSPITALITY CERTIFICATE 3 MONTHS NEW|6753.0|2025|APPROVED
NCC-CDF-SKL-02041|KABUSHI|GLORIA KALUNGA|642574/61/1|970455763|KABUSHI|F|18.0|COPPERSTONE GENERAL HOSPITALITY CERTIFICATE 3 MONTHS NEW|6753.0|2025|APPROVED
NCC-CDF-SKL-02042|KABUSHI|ELINA NYONI|643510/61/1|974596143|KABUSHI|F|19.0|COPPERSTONE GENERAL HOSPITALITY CERTIFICATE 3 MONTHS NEW|6753.0|2025|APPROVED
NCC-CDF-SKL-02043|KABUSHI|NORAH LENGWE|645118/61/1|768386613|KABUSHI|F|21.0|COPPERSTONE GENERAL HOSPITALITY CERTIFICATE 3 MONTHS NEW|6753.0|2025|APPROVED
NCC-CDF-SKL-02044|KABUSHI|KATILUNGU CLEOPATRA|513462/61/1|974059304|LUBUTO|F|27.0|COPPERSTONE INFORMATION CERTIFICATE 3 MONTHS NEW|6753.0|2025|APPROVED
NCC-CDF-SKL-02045|KABUSHI|MUKOSIKU PRECIOUS|606706/61/1|760351053|MUKUBA|F|22.0|COPPERSTONE GENERAL HOSPITALITY CERTIFICATE 3 MONTHS NEW|6753.0|2025|APPROVED
NCC-CDF-SKL-02046|KABUSHI|CHILUFYA CINDY|229753/10/1|964603632|MUKUBA|F|32.0|COPPERSTONE GENERAL HOSPITALITY CERTIFICATE 3 MONTHS NEW|6753.0|2025|APPROVED
NCC-CDF-SKL-02047|KABUSHI|MWAPE MWANSA|529083/61/1|978269770|MUKUBA|F|26.0|COPPERSTONE GENERAL HOSPITALITY CERTIFICATE 3 MONTHS NEW|6753.0|2025|APPROVED
NCC-CDF-SKL-02048|KABUSHI|MWAPE ISABEL|617008/61/1|976579928|MUKUBA|F|19.0|COPPERSTONE GENERAL HOSPITALITY CERTIFICATE 3 MONTHS NEW|6753.0|2025|APPROVED
NCC-CDF-SKL-02049|KABUSHI|MOFYA PHYLIS|639118/61/1|760389471|MUKUBA|F|19.0|COPPERSTONE GENERAL HOSPITALITY CERTIFICATE 3 MONTHS NEW|6753.0|2025|APPROVED
NCC-CDF-SKL-02050|KABUSHI|CHAKA CHARITY|669545/10/1|972184020|MUKUBA|F|21.0|COPPERSTONE GENERAL HOSPITALITY CERTIFICATE 3 MONTHS NEW|6753.0|2025|APPROVED
NCC-CDF-SKL-02051|KABUSHI|CHAKA SARAH|930837/10/1|963599171|MUKUBA|F|19.0|COPPERSTONE GENERAL HOSPITALITY CERTIFICATE 3 MONTHS NEW|6753.0|2025|APPROVED
NCC-CDF-SKL-02052|KABUSHI|MULENGA DANIEL|559390/61/1|969693160|MUKUBA|M|24.0|COPPERSTONE INFORMATION CERTIFICATE 3 MONTHS NEW|6753.0|2025|APPROVED
NCC-CDF-SKL-02053|KABUSHI|MULENGA MERLABY|312958/31/1|968536634|TOKA|F|28.0|COPPERSTONE GENERAL HOSPITALITY CERTIFICATE 3 MONTHS NEW|6753.0|2025|APPROVED
NCC-CDF-SKL-02054|KABUSHI|MASHINDA CAROLINE|478794/61/1|964367905|TOKA|F|27.0|COPPERSTONE GENERAL HOSPITALITY CERTIFICATE 3 MONTHS NEW|6753.0|2025|APPROVED
NCC-CDF-SKL-02055|KABUSHI|KALUNGA BEAUTY|553436/61/1|762703835|TOKA|F|24.0|COPPERSTONE GENERAL HOSPITALITY CERTIFICATE 3 MONTHS NEW|6753.0|2025|APPROVED
NCC-CDF-SKL-02056|KABUSHI|MASHINDA MIRRIAM|553503/61/1|774583959|TOKA|F|24.0|COPPERSTONE GENERAL HOSPITALITY CERTIFICATE 3 MONTHS NEW|6753.0|2025|APPROVED
NCC-CDF-SKL-02057|KABUSHI|CHOMBA ALICE|556287/61/1|760646657|TOKA|F|24.0|COPPERSTONE GENERAL HOSPITALITY CERTIFICATE 3 MONTHS NEW|6753.0|2025|APPROVED
NCC-CDF-SKL-02058|KABUSHI|MWENDA EVELYN|613497/61/1|962381594|TOKA|F|19.0|COPPERSTONE GENERAL HOSPITALITY CERTIFICATE 3 MONTHS NEW|6753.0|2025|APPROVED
NCC-CDF-SKL-02059|KABUSHI|NTUKA NATASHA|622322/61/1|965874722|TOKA|F|19.0|COPPERSTONE GENERAL HOSPITALITY CERTIFICATE 3 MONTHS NEW|6753.0|2025|APPROVED
NCC-CDF-SKL-02060|KABUSHI|MUSONDA VERONICA|632609/61/1|770067914|TOKA|F|20.0|COPPERSTONE GENERAL HOSPITALITY CERTIFICATE 3 MONTHS NEW|6753.0|2025|APPROVED
NCC-CDF-SKL-02061|KABUSHI|KUTASHA KUNDA|552670/61/1|776131970|KABUSHI|F|22.0|KABUSHI VOCATIONAL COMPUTER STUDIES CERTIFICATE 6 MONTHS NEW|3600.0|2025|APPROVED
NCC-CDF-SKL-02062|KABUSHI|NATHAN MALAMBO|626411/61/1|968010201|KABUSHI|M|20.0|KABUSHI VOCATIONAL COMPUTER STUDIES CERTIFICATE 6 MONTHS NEW|3600.0|2025|APPROVED
NCC-CDF-SKL-02063|KABUSHI|PHIRI MABLE|638217/61/1|973643377|KABUSHI|F|18.0|KABUSHI VOCATIONAL COMPUTER STUDIES CERTIFICATE 6 MONTHS NEW|3600.0|2025|APPROVED
NCC-CDF-SKL-02064|KABUSHI|JUDITH ZIMBA|645115/61/1|772455369|KABUSHI|F|18.0|KABUSHI VOCATIONAL COMPUTER STUDIES CERTIFICATE 6 MONTHS NEW|3600.0|2025|APPROVED
NCC-CDF-SKL-02065|KABUSHI|ROBERT MULENGA|645174/61/1|766253338|KABUSHI|M|19.0|KABUSHI VOCATIONAL COMPUTER STUDIES CERTIFICATE 6 MONTHS NEW|3600.0|2025|APPROVED
NCC-CDF-SKL-02066|KABUSHI|JOSHUA TEMBO|645206/61/1|761811806|KABUSHI|M|18.0|KABUSHI VOCATIONAL COMPUTER STUDIES CERTIFICATE 6 MONTHS NEW|3600.0|2025|APPROVED
NCC-CDF-SKL-02067|KABUSHI|MUTUNA MUBANGA|645207/61/1|965888257|KABUSHI|M|19.0|KABUSHI VOCATIONAL COMPUTER STUDIES CERTIFICATE 6 MONTHS NEW|3600.0|2025|APPROVED
NCC-CDF-SKL-02068|KABUSHI|ANNABELL TEMBO|574912/61/1|972964554|KABUSHI|F|20.0|KABUSHI VOCATIONAL HAIR DRESSING & CERTIFICATE 1 YEAR NEW|5400.0|2025|APPROVED
NCC-CDF-SKL-02069|KABUSHI|MAKUNGU ILUNGA|577023/61/1|966562079|KABUSHI|F|24.0|KABUSHI VOCATIONAL HAIR DRESSING & CERTIFICATE 1 YEAR NEW|5400.0|2025|APPROVED
NCC-CDF-SKL-02070|KABUSHI|BEAUTY MUMBA|645242/61/1|963492729|KABUSHI|F|17.0|KABUSHI VOCATIONAL HAIR DRESSING & CERTIFICATE 1 YEAR NEW|5400.0|2025|APPROVED
NCC-CDF-SKL-02071|KABUSHI|KASABITA DOMINGO|645243/61/1|773156693|KABUSHI|F|20.0|KABUSHI VOCATIONAL HAIR DRESSING & CERTIFICATE 1 YEAR NEW|5400.0|2025|APPROVED
NCC-CDF-SKL-02072|KABUSHI|CHILESHE JOSEPHINE|205794/35/1|962841690|KABUSHI|F|28.0|KABUSHI VOCATIONAL PLUMBING CERTIFICATE 6 MONTHS NEW|4600.0|2025|APPROVED
NCC-CDF-SKL-02073|KABUSHI|CHRISTABEL MUSUKWA|475759/61/1|965104416|KAFUBU|F|30.0|KABUSHI VOCATIONAL HAIR DRESSING & CERTIFICATE 1 YEAR NEW|5400.0|2025|APPROVED
NCC-CDF-SKL-02074|KABUSHI|KASHALA JOSEPH|437620/61/1|967153801|LUBUTO|M|33.0|KABUSHI VOCATIONAL COMPUTER STUDIES CERTIFICATE 6 MONTHS NEW|3600.0|2025|APPROVED
NCC-CDF-SKL-02075|KABUSHI|MUSONDA ESNART|466947/61/1|973977678|LUBUTO|F|29.0|KABUSHI VOCATIONAL COMPUTER STUDIES CERTIFICATE 6 MONTHS NEW|3600.0|2025|APPROVED
NCC-CDF-SKL-02076|KABUSHI|MUSONDA VIOLET|543245/67/1|766733183|LUBUTO|F|27.0|KABUSHI VOCATIONAL COMPUTER STUDIES CERTIFICATE 6 MONTHS NEW|3600.0|2025|APPROVED
NCC-CDF-SKL-02077|KABUSHI|MATANDA CHALWE|608286/61/1|967894850|LUBUTO|M|21.0|KABUSHI VOCATIONAL COMPUTER STUDIES CERTIFICATE 6 MONTHS NEW|3600.0|2025|APPROVED
NCC-CDF-SKL-02078|KABUSHI|NKHOMA JOSEPH|316970/62/1|769306530|LUBUTO|M|31.0|KABUSHI VOCATIONAL PLUMBING CERTIFICATE 6 MONTHS NEW|4600.0|2025|APPROVED
NCC-CDF-SKL-02079|KABUSHI|MUYAMBO ALISEN|513251/61/1|966578420|LUBUTO|M|26.0|KABUSHI VOCATIONAL PLUMBING CERTIFICATE 6 MONTHS NEW|4600.0|2025|APPROVED
NCC-CDF-SKL-02080|KABUSHI|MWANZA ENOCK|552618/61/1|764801474|LUBUTO|M|25.0|KABUSHI VOCATIONAL PLUMBING CERTIFICATE 6 MONTHS NEW|4600.0|2025|APPROVED
NCC-CDF-SKL-02081|KABUSHI|DAINESS KAMBULEKI|536572/61/1|761673336|MUKUBA|F|28.0|KABUSHI VOCATIONAL COMPUTER STUDIES CERTIFICATE 6 MONTHS NEW|3600.0|2025|APPROVED
NCC-CDF-SKL-02082|KABUSHI|JACKQULINE MWAMBA|583557/61/1|761331796|MUKUBA|F|24.0|KABUSHI VOCATIONAL COMPUTER STUDIES CERTIFICATE 6 MONTHS NEW|3600.0|2025|APPROVED
NCC-CDF-SKL-02083|KABUSHI|LUANGA PRISCA|596546/61/1|769286183|MUKUBA|F|21.0|KABUSHI VOCATIONAL HAIR DRESSING & CERTIFICATE 1 YEAR NEW|5400.0|2025|APPROVED
NCC-CDF-SKL-02084|KABUSHI|GILBERT SIKATALI|486605/61/1|960621211|MUKUBA|M|28.0|KABUSHI VOCATIONAL PLUMBING CERTIFICATE 6 MONTHS NEW|4600.0|2025|APPROVED
NCC-CDF-SKL-02085|KABUSHI|CHIPOYA SHARON|419500/61/1|970998865|TOKA|F|32.0|KABUSHI VOCATIONAL COMPUTER STUDIES CERTIFICATE 6 MONTHS NEW|3600.0|2025|APPROVED
NCC-CDF-SKL-02086|KABUSHI|CHISENGA MEMORY|563410/61/1|965451899|TOKA|F|24.0|KABUSHI VOCATIONAL COMPUTER STUDIES CERTIFICATE 6 MONTHS NEW|3600.0|2025|APPROVED
NCC-CDF-SKL-02087|KABUSHI|CHITIMWANGO KENNEDY|599820/61/1|973438716|TOKA|M|21.0|KABUSHI VOCATIONAL COMPUTER STUDIES CERTIFICATE 6 MONTHS NEW|3600.0|2025|APPROVED
NCC-CDF-SKL-02088|KABUSHI|SIAME SUZYO|340710/64/1|771707406|TOKA|M|28.0|KABUSHI VOCATIONAL HAIR DRESSING & CERTIFICATE 1 YEAR NEW|5400.0|2025|APPROVED
NCC-CDF-SKL-02089|KABUSHI|PRECIOUS NAMAKAU|569844/61/1|779458321|TOKA|F|24.0|KABUSHI VOCATIONAL HAIR DRESSING & CERTIFICATE 1 YEAR NEW|5400.0|2025|APPROVED
NCC-CDF-SKL-02090|KABUSHI|MULENGA PATRICIA|574471/61/1|765029494|TOKA|F|22.0|KABUSHI VOCATIONAL HAIR DRESSING & CERTIFICATE 1 YEAR NEW|5400.0|2025|APPROVED
NCC-CDF-SKL-02091|KABUSHI|MBEWE DIANA|614995/61/1|767129194|TOKA|F|18.0|KABUSHI VOCATIONAL HAIR DRESSING & CERTIFICATE 1 YEAR NEW|5400.0|2025|APPROVED
NCC-CDF-SKL-02092|KABUSHI|MUMBA DONAVAN|820842/10/1|776777652|MUKUBA|M|20.0|KABWE INSTITUTE OF CRAFT CERTIFICATE IN CERTIFICATE 2 YEARS NEW|23540.0|2025|APPROVED
NCC-CDF-SKL-02093|KABUSHI|TAMBATAMBA CHIBUTA|503329/61/1|966911196|KABUSHI|M|26.0|LEOM SCHOOL OF PSYCHOSOCIAL CERTIFICATE 6 MONTHS NEW|6700.0|2025|APPROVED
NCC-CDF-SKL-02094|KABUSHI|MWAMBOMA LEYLA|615238/61/1|962717452|KABUSHI|F|20.0|LEOM SCHOOL OF PSYCHOSOCIAL CERTIFICATE 6 MONTHS NEW|6700.0|2025|APPROVED
NCC-CDF-SKL-02095|KABUSHI|NGOSA IREEN CHOLA|615665/61/1|961008327|KABUSHI|F|19.0|LEOM SCHOOL OF PSYCHOSOCIAL CERTIFICATE 6 MONTHS NEW|6700.0|2025|APPROVED
NCC-CDF-SKL-02096|KABUSHI|MASHIKOLO ABIGAIL|618617/61/1|766358168|KABUSHI|F|20.0|LEOM SCHOOL OF PSYCHOSOCIAL CERTIFICATE 6 MONTHS NEW|6700.0|2025|APPROVED
NCC-CDF-SKL-02097|KABUSHI|MUNSAKA EUNICE|623810/61/1|766873460|KABUSHI|F|20.0|LEOM SCHOOL OF PSYCHOSOCIAL CERTIFICATE 6 MONTHS NEW|6700.0|2025|APPROVED
NCC-CDF-SKL-02098|KABUSHI|MUTOBWA MONICA|628671/61/1|769472300|KABUSHI|F|18.0|LEOM SCHOOL OF PSYCHOSOCIAL CERTIFICATE 6 MONTHS NEW|6700.0|2025|APPROVED
NCC-CDF-SKL-02099|KABUSHI|CHANDA INNOCENT|632343/61/1|772623094|KABUSHI|M|19.0|LEOM SCHOOL OF PSYCHOSOCIAL CERTIFICATE 6 MONTHS NEW|6700.0|2025|APPROVED
NCC-CDF-SKL-02100|KABUSHI|MBEWE JOSEPH|635487/61/1|974416289|KABUSHI|M|18.0|LEOM SCHOOL OF PSYCHOSOCIAL CERTIFICATE 6 MONTHS NEW|6700.0|2025|APPROVED
NCC-CDF-SKL-02101|KABUSHI|CHILESHE PRISCILLA|635567/61/1|764679138|KABUSHI|F|19.0|LEOM SCHOOL OF PSYCHOSOCIAL CERTIFICATE 6 MONTHS NEW|6700.0|2025|APPROVED
NCC-CDF-SKL-02102|KABUSHI|THELMA CHITINA|423613/61/1|979607135|MUKUBA|F|30.0|LEOM SCHOOL OF PSYCHOSOCIAL CERTIFICATE 6 MONTHS NEW|6700.0|2025|APPROVED
NCC-CDF-SKL-02103|KABUSHI|CHANDA MISHECK|595964/61/1|760667755|LUBUTO|M|20.0|LUANSHYA TECHNICAL ELECTRICAL DIPLOMA 3 YEARS NEW|18697.0|2025|APPROVED
NCC-CDF-SKL-02104|KABUSHI|MALAMA MUMBA|609401/61/1|963480570|MASALA|F|20.0|LUANSHYA TECHNICAL ELECTRICAL DIPLOMA 3 YEARS NEW|18697.0|2025|APPROVED
NCC-CDF-SKL-02105|KABUSHI|CHITALU JOYCE|342397/68/1|760010069|KABUSHI|F|22.0|MINE MASALA SKILLS CATERING CERTIFICATE 1 YEAR NEW|3700.0|2025|APPROVED
NCC-CDF-SKL-02106|KABUSHI|MUSONDA SARAH|364878/42/1|771117516|KABUSHI|F|18.0|MINE MASALA SKILLS DESIGNING, CUTTING & CERTIFICATE 1 YEAR NEW|3700.0|2025|APPROVED
NCC-CDF-SKL-02107|KABUSHI|SARAH MWILA|587451/61/1|777420317|KABUSHI|F|27.0|MINE MASALA SKILLS TAILORING CERTICATE 1 YEAR NEW|3700.0|2025|APPROVED
NCC-CDF-SKL-02108|KABUSHI|REGINA CHUMA|589755/61/1|763655396|KABUSHI|F|25.0|MINE MASALA SKILLS TAILORING CERTICATE 1 YEAR NEW|3700.0|2025|APPROVED
NCC-CDF-SKL-02109|KABUSHI|BANDA GRACE|570567/61/1|966589604|KALOKO|F|25.0|MINE MASALA SKILLS CATERING CERTIFICATE 1 YEAR NEW|3700.0|2025|APPROVED
NCC-CDF-SKL-02110|KABUSHI|KASONDE MINIVER|354556/16/1|760658967|LUBUTO|F|31.0|MINE MASALA SKILLS DESIGNING, CUTTING & CERTIFICATE 1 YEAR NEW|3700.0|2025|APPROVED
NCC-CDF-SKL-02111|KABUSHI|NATA NAOMI|223728/62/1|762782100|LUBUTO|F|34.0|MINE MASALA SKILLS DESIGNING, CUTTING & CERTIFICATE 1 YEAR NEW|3700.0|2025|APPROVED
NCC-CDF-SKL-02112|KABUSHI|TATA EVERETY|477792/61/1|779624495|MASALA|F|29.0|MINE MASALA SKILLS CATERING CERTIFICATE 1 YEAR NEW|3700.0|2025|APPROVED
NCC-CDF-SKL-02113|KABUSHI|JESSY NACHALWE|479941/61/1|765072263|MASALA|F|28.0|MINE MASALA SKILLS CATERING CERTIFICATE 1 YEAR NEW|3700.0|2025|APPROVED
NCC-CDF-SKL-02114|KABUSHI|CHARITY KUNDA|260334/71/1|978175042|MASALA|F|30.0|MINE MASALA SKILLS CATERING CERTIFICATE 1 YEAR NEW|3900.0|2025|APPROVED
NCC-CDF-SKL-02115|KABUSHI|CHILESHE FOSTINA|498810/61/1|963869780|MASALA|F|27.0|MINE MASALA SKILLS COMPUTER STUDIES CERTIFICATE 1 YEAR NEW|3700.0|2025|APPROVED
NCC-CDF-SKL-02116|KABUSHI|DAKA DICKSON|551571/61/1|779742162|MASALA|M|25.0|MINE MASALA SKILLS DESIGNING, CUTTING & CERTIFICATE 1 YEAR NEW|3700.0|2025|APPROVED
NCC-CDF-SKL-02117|KABUSHI|REPHER CHUUMPA|485660/61/1|964532147|MASALA|F|29.0|MINE MASALA SKILLS DESIGNING, CUTTING & CERTIFICATE 1 YEAR NEW|3700.0|2025|APPROVED
NCC-CDF-SKL-02118|KABUSHI|PHIRI RABECCA|500555/61/1|771431150|MASALA|F|27.0|MINE MASALA SKILLS DESIGNING, CUTTING & CERTIFICATE 1 YEAR NEW|3700.0|2025|APPROVED
NCC-CDF-SKL-02119|KABUSHI|KABWE JOAN|462382/61/1|963465557|MUKUBA|F|31.0|MINE MASALA SKILLS DESIGNING, CUTTING & CERTIFICATE 1 YEAR NEW|3700.0|2025|APPROVED
NCC-CDF-SKL-02120|KABUSHI|MUSOLE BERIS|613774/61/1|976813011|MUKUBA|F|19.0|MINE MASALA SKILLS DESIGNING, CUTTING & CERTIFICATE 1 YEAR NEW|3700.0|2025|APPROVED
NCC-CDF-SKL-02121|KABUSHI|KIFOKOLA HARRIET|262511/24/1|770316567|TOKA|F|34.0|MINE MASALA SKILLS DESIGNING, CUTTING & CERTIFICATE 1 YEAR NEW|3700.0|2025|APPROVED
NCC-CDF-SKL-02122|KABUSHI|MULOPA SUSAN|547322/61/1|964245948|TOKA|F|23.0|MINE MASALA SKILLS DESIGNING, CUTTING & CERTIFICATE 1 YEAR NEW|3700.0|2025|APPROVED
NCC-CDF-SKL-02123|KABUSHI|WABEYI MUBIANA|555871/61/1|963536950|TOKA|F|25.0|MINE MASALA SKILLS DESIGNING, CUTTING & CERTIFICATE 1 YEAR NEW|3700.0|2025|APPROVED
NCC-CDF-SKL-02124|KABUSHI|NAMUKOKO GRACE|599906/61/1|974072009|TOKA|F|21.0|MINE MASALA SKILLS DESIGNING, CUTTING & CERTIFICATE 1 YEAR NEW|3700.0|2025|APPROVED
NCC-CDF-SKL-02125|KABUSHI|CHIKOLONGO ANNIE|633942/61/1|968939396|KABUSHI|F|19.0|MUSHILI SKILLS COMPUTER AND FOOD CERTIFICATE 1 YEAR NEW|4100.0|2025|APPROVED
NCC-CDF-SKL-02126|KABUSHI|MIRRIAM KALABA|515741/61/1|963300754|KALOKO|F|27.0|MUSHILI SKILLS GENERAL HOSPITALITY CERTIFICATE 1 YEAR NEW|4100.0|2025|APPROVED
NCC-CDF-SKL-02127|KABUSHI|MPUNDU BIBIANA|536877/61/1|972468504|LUBUTO|F|26.0|MUSHILI SKILLS GENERAL HOSIPITALITY CERTIFICATE 1 YEAR NEW|4100.0|2025|APPROVED
NCC-CDF-SKL-02128|KABUSHI|MARKO MWALE|597951/61/1|979464027|KALOKO|M|20.0|NATIONAL METAL FABRICATION CERTIFICATE 1 YEAR NEW|12300.0|2025|APPROVED
NCC-CDF-SKL-02129|KABUSHI|PRAISE KAULU|612600/61/1|978114457|MASALA|F|20.0|NATIONAL TRADE TEST IN GENERAL CERTIFICATE 1 YEAR NEW|13500.0|2025|APPROVED
NCC-CDF-SKL-02130|KABUSHI|MULEYA BUUMBA|631433/61/1|971520325|KABUSHI|M|19.0|NATURAL RESOURCES DIPLOMA IN GENERAL CERTIFICATE 3 YEARS NEW|15000.0|2025|APPROVED
NCC-CDF-SKL-02131|KABUSHI|CATHERINE CHIPESHI|494693/61/1|964547284|KAFUBU|F|27.0|NDOLA SKILLS GENERAL HOSPITALITY CERTIFICATE 1 YEAR NEW|5300.0|2025|APPROVED
NCC-CDF-SKL-02132|KABUSHI|REBECCA CHIWOMA|607323/61/1|964525691|KAFUBU|F|21.0|NDOLA SKILLS GENERAL HOSPITALITY CERTIFICATE 1 YEAR NEW|5300.0|2025|APPROVED
NCC-CDF-SKL-02133|KABUSHI|CHIPASHA KATEWILE|541146/61/1|762406899|KALOKO|F|24.0|NDOLA SKILLS GENERAL HOSPITALITY CERTIFICATE 1 YEAR NEW|5300.0|2025|APPROVED
NCC-CDF-SKL-02134|KABUSHI|PURITY MUSAMBI|548000/61/1|767213318|KALOKO|F|25.0|NDOLA SKILLS GENERAL HOSPITALITY CERTIFICATE 1 YEAR NEW|5300.0|2025|APPROVED
NCC-CDF-SKL-02135|KABUSHI|DOREEN SAKALA|164918/34/1|760944620|MASALA|F|29.0|NDOLA SKILLS AUTOMOTIVE CERTIFICATE 1 YEAR NEW|5300.0|2025|APPROVED
NCC-CDF-SKL-02136|KABUSHI|ABIGAIL MANJIMELA|495887/67/1|976108860|MASALA|F|29.0|NDOLA SKILLS COMPUTER STUDIES CERTIFICATE 1 YEAR NEW|5300.0|2025|APPROVED
NCC-CDF-SKL-02137|KABUSHI|DIANA MISOZI BANDA|281002/68/1|777281965|MASALA|F|31.0|NDOLA SKILLS GENERAL HOSPITALITY CERTIFICATE 1 YEAR NEW|5300.0|2025|APPROVED
NCC-CDF-SKL-02138|KABUSHI|KAPOPO MARGRET|421579/61/1|971631063|MASALA|F|33.0|NDOLA SKILLS GENERAL HOSPITALITY CERTIFICATE 1 YEAR NEW|5300.0|2025|APPROVED
NCC-CDF-SKL-02139|KABUSHI|MUKANGE JACKLINE|605262/61/1|769972824|SKYWAYS|F|19.0|NDOLA SKILLS GENERAL HOSPITALITY CERTIFICATE 1 YEAR NEW|5300.0|2025|APPROVED
NCC-CDF-SKL-02140|KABUSHI|MUSHOTA MARTHA|624294/61/1|972990037|SKYWAYS|F|19.0|NDOLA SKILLS GENERAL HOSPITALITY CERTIFICATE 1 YEAR NEW|5300.0|2025|APPROVED
NCC-CDF-SKL-02141|KABUSHI|MWAMBA MWAMBA|616995/61/1|762758713|SKYWAYS|M|19.0|NDOLA SKILLS METAL FABRICATION CERTIFICATE 1 YEAR NEW|5300.0|2025|APPROVED
NCC-CDF-SKL-02142|KABUSHI|JESSICA BWALYA|599209/61/1|770918488|TOKA|F|21.0|NDOLA SKILLS GENERAL HOSPITALITY CERTIFICATE 1 YEAR NEW|5300.0|2025|APPROVED
NCC-CDF-SKL-02143|KABUSHI|RABSON NKANDU|529739/61/1|764388147|KABUSHI|M|26.0|NORTEC CRAFT CERTIFICATE IN CERTIFICATE 2 YEARS NEW|19200.0|2025|APPROVED
NCC-CDF-SKL-02144|KABUSHI|CHRISTIAN CHILESHE|466599/43/1|769773058|KABUSHI|M|22.0|NORTEC CRAFT CERTIFICATE IN CERTIFICATE 2 YEARS NEW|19250.0|2025|APPROVED
NCC-CDF-SKL-02145|KABUSHI|MISHECK MALAMA|559168/61/1|962441824|KABUSHI|M|22.0|NORTEC CRAFT CERTIFICATE IN CERTIFICATE 2 YEARS NEW|19250.0|2025|APPROVED
NCC-CDF-SKL-02146|KABUSHI|GRACE MULAUZI|580654/61/1|768892675|KABUSHI|F|21.0|NORTEC CRAFT CERTIFICATE IN CERTIFICATE 2 YEARS NEW|19250.0|2025|APPROVED
NCC-CDF-SKL-02147|KABUSHI|EMMANUEL LWAMDO|615080/61/1|769712346|KABUSHI|M|20.0|NORTEC CRAFT CERTIFICATE IN CERTIFICATE 2 YEARS NEW|19250.0|2025|APPROVED
NCC-CDF-SKL-02148|KABUSHI|CHRISPIN MWANZA|619148/61/1|968698651|KABUSHI|M|24.0|NORTEC CRAFT CERTIFICATE IN CERTIFICATE 2 YEARS NEW|19250.0|2025|APPROVED
NCC-CDF-SKL-02149|KABUSHI|EMMANUEL SILWENGA|619802/61/1|977374952|KABUSHI|M|20.0|NORTEC CRAFT CERTIFICATE IN CERTIFICATE 2 YEARS NEW|19250.0|2025|APPROVED
NCC-CDF-SKL-02150|KABUSHI|CHANDA COLLINS|670492/67/1|762529747|KABUSHI|M|17.0|NORTEC CRAFT CERTIFICATE IN CERTIFICATE 2 YEARS NEW|19250.0|2025|APPROVED
NCC-CDF-SKL-02151|KABUSHI|CHITENJE IBRAHIM|637168/61/1|977525103|KABUSHI|M|19.0|NORTEC DIPLOMA IN ELECTRICAL DIPLOMA 3 YEARS NEW|18900.0|2025|APPROVED
NCC-CDF-SKL-02152|KABUSHI|BORNFACE MULIKITA|585604/61/1|967022521|KABUSHI|M|21.0|NORTEC DIPLOMA IN HEAVY DIPLOMA 3 YEARS NEW|24850.0|2025|APPROVED
NCC-CDF-SKL-02153|KABUSHI|PATSON KANYAKULA|617317/61/1|978705525|KABUSHI|M|20.0|NORTEC DIPLOMA IN DIPLOMA 3 YEARS NEW|23150.0|2025|APPROVED
NCC-CDF-SKL-02154|KABUSHI|NALENI NAMONJE|468529/61/1|770911401|KABUSHI|F|29.0|NORTEC TRADE TEST CERTIFICATE 1 YEAR NEW|18100.0|2025|APPROVED
NCC-CDF-SKL-02155|KABUSHI|RICHARD TEMBO|478356/61/1|974708425|KABUSHI|M|28.0|NORTEC TRADE TEST CERTIFICATE 1 YEAR NEW|18100.0|2025|APPROVED
NCC-CDF-SKL-02156|KABUSHI|SIMBEYE EMMANUEL|541877/67/1|765508130|KABUSHI|M|28.0|NORTEC TRADE TEST CERTIFICATE 1 YEAR NEW|18100.0|2025|APPROVED
NCC-CDF-SKL-02157|KABUSHI|SELITA TEMBO|553112/61/1|968011721|KABUSHI|F|22.0|NORTEC TRADE TEST CERTIFICATE 1 YEAR NEW|18100.0|2025|APPROVED
NCC-CDF-SKL-02158|KABUSHI|BANDA EMMANUEL|619797/61/1|766504245|KABUSHI|M|19.0|NORTEC TRADE TEST CERTIFICATE 1 YEAR NEW|18100.0|2025|APPROVED
NCC-CDF-SKL-02159|KABUSHI|SARAH SIKOTA|624048/61/1|761814846|KABUSHI|F|19.0|NORTEC TRADE TEST CERTIFICATE 1 YEAR NEW|18100.0|2025|APPROVED
NCC-CDF-SKL-02160|KABUSHI|IREEN KAIMBO|625434/61/1|967726342|KABUSHI|F|20.0|NORTEC TRADE TEST CERTIFICATE 1 YEAR NEW|18100.0|2025|APPROVED
NCC-CDF-SKL-02161|KABUSHI|ABIGAIL NAMUDOLO|633720/61/1|961411116|KABUSHI|F|20.0|NORTEC TRADE TEST CERTIFICATE 1 YEAR NEW|18100.0|2025|APPROVED
NCC-CDF-SKL-02162|KABUSHI|NGOMA MAIWASE|529412/61/1|779638034|KABUSHI|F|31.0|NORTEC TRADE TEST CERTIFICATE 1 YEAR NEW|16600.0|2025|APPROVED
NCC-CDF-SKL-02163|KABUSHI|DANIEL MULUNDA|554697/61/1|763387892|KABUSHI|M|22.0|NORTEC TRADE TEST CERTIFICATE 1 YEAR NEW|16600.0|2025|APPROVED
NCC-CDF-SKL-02164|KABUSHI|MARTIN KUMWENDA|542868/61/1|763002810|KAFUBU|M|23.0|NORTEC CRAFT CERTIFICATE IN CERTIFICATE 2 YEARS NEW|19200.0|2025|APPROVED
NCC-CDF-SKL-02165|KABUSHI|SAKALA CHRISPIN|574720/61/1|760447515|KAFUBU|M|22.0|NORTEC DIPLOMA IN ELECTRICAL DIPLOMA 3 YEARS RETURNING|8700.0|2025|APPROVED
NCC-CDF-SKL-02166|KABUSHI|MULENGA CHISANGA|380207/64/1|978347100|KAFUBU|M|21.0|NORTEC DIPLOMA IN HEAVY DIPLOMA 3 YEARS NEW|24850.0|2025|APPROVED
NCC-CDF-SKL-02167|KABUSHI|VERSMOS CHISHALA|382403/33/1|970228695|KAFUBU|M|25.0|NORTEC DIPLOMA IN HEAVY DIPLOMA 3 YEARS RETURNING|14350.0|2025|APPROVED
NCC-CDF-SKL-02168|KABUSHI|BUPE SILVIA|549783/61/1|974739437|KAFUBU|F|23.0|NORTEC DIPLOMA IN HEAVY DIPLOMA 3 YEARS NEW|24850.0|2025|APPROVED
NCC-CDF-SKL-02169|KABUSHI|GOODWELL MUMBA|556268/61/1|967307856|KAFUBU|M|24.0|NORTEC DIPLOMA IN HEAVY DIPLOMA 3 YEARS RETURNING|14350.0|2025|APPROVED
NCC-CDF-SKL-02170|KABUSHI|RUTH MULENGA|564688/10/1|960550746|KAFUBU|F|26.0|NORTEC DIPLOMA IN HEAVY DIPLOMA 3 YEARS RETURNING|14350.0|2025|APPROVED
NCC-CDF-SKL-02171|KABUSHI|JOSEPH MWEENE|568277/61/1|961900723|KAFUBU|M|25.0|NORTEC DIPLOMA IN HEAVY DIPLOMA 3 YEARS RETURNING|14350.0|2025|APPROVED
NCC-CDF-SKL-02172|KABUSHI|DAVESON KAMIMBAYA|579866/61/1|769569614|KAFUBU|M|23.0|NORTEC DIPLOMA IN HEAVY DIPLOMA 3 YEARS RETURNING|14350.0|2025|APPROVED
NCC-CDF-SKL-02173|KABUSHI|CHUNGU ANTHONY|584153/61/1|969017884|KAFUBU|M|21.0|NORTEC DIPLOMA IN HEAVY DIPLOMA 3 YEARS NEW|24850.0|2025|APPROVED
NCC-CDF-SKL-02174|KABUSHI|MIKE MUBANGA MWABA|585894/61/1|974627200|KAFUBU|M|20.0|NORTEC DIPLOMA IN HEAVY DIPLOMA 3 YEARS RETURNING|14350.0|2025|APPROVED
NCC-CDF-SKL-02175|KABUSHI|INNOCENT MUKAYA|589806/61/1|965103039|KAFUBU|M|20.0|NORTEC DIPLOMA IN HEAVY DIPLOMA 3 YEARS RETURNING|14350.0|2025|APPROVED
NCC-CDF-SKL-02176|KABUSHI|KAFULA MPEPO|601444/61/1|965696402|KAFUBU|M|25.0|NORTEC DIPLOMA IN HEAVY DIPLOMA 3 YEARS NEW|24850.0|2025|APPROVED
NCC-CDF-SKL-02177|KABUSHI|KAILU NGUNGA|604440/61/1|966669850|KAFUBU|M|21.0|NORTEC DIPLOMA IN HEAVY DIPLOMA 3 YEARS RETURNING|14350.0|2025|APPROVED
NCC-CDF-SKL-02178|KABUSHI|MALASHA GIFT|622741/61/1|979530047|KAFUBU|M|21.0|NORTEC DIPLOMA IN HEAVY DIPLOMA 3 YEARS NEW|24850.0|2025|APPROVED
NCC-CDF-SKL-02179|KABUSHI|ELIAS NKHOMESHYA|630541/61/1|771912533|KAFUBU|M|19.0|NORTEC DIPLOMA IN HEAVY DIPLOMA 3 YEARS NEW|24850.0|2025|APPROVED
NCC-CDF-SKL-02180|KABUSHI|CANAAN MUBANGA|922764/10/1|977392083|KAFUBU|M|20.0|NORTEC DIPLOMA IN HEAVY DIPLOMA 3 YEARS NEW|24850.0|2025|APPROVED
NCC-CDF-SKL-02181|KABUSHI|AGNESS SHANIKA|157525/92/1|966128728|KAFUBU|F|25.0|NORTEC DIPLOMA IN DIPLOMA 3 YEARS NEW|23150.0|2025|APPROVED
NCC-CDF-SKL-02182|KABUSHI|CHOMA HIGHTEN|596375/61/1|766988904|KAFUBU|M|23.0|NORTEC DIPLOMA IN DIPLOMA 3 YEARS RETURNING|12000.0|2025|APPROVED
NCC-CDF-SKL-02183|KABUSHI|JODEPH CHIBANGU|616631/61/1|||M|22.0|96347443 KAFUBU M 22 NORTEC DIPLOMA IN DIPLOMA 3 YEARS RETURNING|12000.0|2025|APPROVED
NCC-CDF-SKL-02184|KABUSHI|MUDIMA MENKELA|623682/61/1|966950213|KAFUBU|M|20.0|NORTEC DIPLOMA IN DIPLOMA 3 YEARS RETURNING|12000.0|2025|APPROVED
NCC-CDF-SKL-02185|KABUSHI|BLESSINGS MULAMBE|537830/61/1|969075648|KALOKO|M|26.0|NORTEC CRAFT CERTIFICATE IN CERTIFICATE 2 YEARS NEW|19250.0|2025|APPROVED
NCC-CDF-SKL-02186|KABUSHI|MUTALE CHRISTOPHER|573258/61/1|764347838|KALOKO|M|21.0|NORTEC DIPLOMA MECHANICAL DIPLOMA 3 YEARS RETURNING|12000.0|2025|APPROVED
NCC-CDF-SKL-02187|KABUSHI|TRESFORD CHEMBA|561714/61/1|771564240|KALOKO|M|25.0|NORTEC TRADE TEST CERTIFICATE 1 YEAR NEW|15900.0|2025|APPROVED
NCC-CDF-SKL-02188|KABUSHI|GODWIN KACHAKA|593463/61/1|770506036|KALOKO|M|21.0|NORTEC TRADE TEST CERTIFICATE 1 YEAR NEW|18100.0|2025|APPROVED
NCC-CDF-SKL-02189|KABUSHI|MUSHIKITI MEMORY|207154/10/1|974440101|KALOKO|F|34.0|NORTEC TRADE TEST CERTIFICATE 1 YEAR NEW|16500.0|2025|APPROVED
NCC-CDF-SKL-02190|KABUSHI|PAULINE MUMA|603517/10/1|||F|25.0|77288104 LUBUTO F 25 NORTEC CRAFT CERTIFICATE IN CERTIFICATE 2 YEARS NEW|19250.0|2025|APPROVED
NCC-CDF-SKL-02191|KABUSHI|KASONGO STANLEY|874208/10/1|977708750|LUBUTO|M|18.0|NORTEC CRAFT CERTIFICATE IN CERTIFICATE 2 YEARS RETURNING|8750.0|2025|APPROVED
NCC-CDF-SKL-02192|KABUSHI|MWAMBA MOSES|464375/61/1|975444585|LUBUTO|M|30.0|NORTEC CRAFT CERTIFICATE IN CERTIFICATE 2 YEARS RETURNING|7600.0|2025|APPROVED
NCC-CDF-SKL-02193|KABUSHI|STEPHANI NKUWA|627355/61/1|960361712|LUBUTO|M|21.0|NORTEC CRAFT CERTIFICATE IN CERTIFICATE 2 YEARS RETURNING|8700.0|2025|APPROVED
NCC-CDF-SKL-02194|KABUSHI|MUMA KENNY|615088/61/1|966483847|LUBUTO|M|21.0|NORTEC CRAFT ELECTRICAL CERTIFICATE 2 YEARS RETURNING|8700.0|2025|APPROVED
NCC-CDF-SKL-02195|KABUSHI|NDEKA SERAH|176653/95/1|972931006|LUBUTO|F|22.0|NORTEC CRAFT HEAVY CERTIFICATE 2 YEARS RETURNING|8750.0|2025|APPROVED
NCC-CDF-SKL-02196|KABUSHI|EMMANUEL LUKUNDO|657587/67/1|760447515|LUBUTO|M|19.0|NORTEC CRAFT HEAVY CERTIFICATE 2 YEARS RETURNING|8750.0|2025|APPROVED
NCC-CDF-SKL-02197|KABUSHI|MUSONDA SILVIA|336783/68/1|964667018|LUBUTO|F|24.0|NORTEC CRAFT MECHANICAL CERTIFICATE 2 YEARS RETURNING|7600.0|2025|APPROVED
NCC-CDF-SKL-02198|KABUSHI|EMMANUEL MPUNDU|613890/61/1|||M|21.0|77038209 LUBUTO M 21 NORTEC DIPLOMA IN DIPLOMA 3 YEARS RETURNING|8400.0|2025|APPROVED
NCC-CDF-SKL-02199|KABUSHI|EDWIN KAPESA|519482/61/1|968385063|LUBUTO|M|27.0|NORTEC DIPLOMA IN ELECTRICAL DIPLOMA 3 YEARS RETURNING|8700.0|2025|APPROVED
NCC-CDF-SKL-02200|KABUSHI|PATRICK KASONGO|535612/61/1|779214218|LUBUTO|M|21.0|NORTEC DIPLOMA IN ELECTRICAL DIPLOMA 3 YEARS RETURNING|8700.0|2025|APPROVED
NCC-CDF-SKL-02201|KABUSHI|ROZALIA MWALE|166102/57/1|763277601|LUBUTO|F|22.0|NORTEC DIPLOMA IN ELECTRICAL DIPLOMA 3 YEARS RETURNING|8700.0|2025|APPROVED
NCC-CDF-SKL-02202|KABUSHI|THABI MUSONDA|238313/19/1|972098933|LUBUTO|F|25.0|NORTEC DIPLOMA IN ELECTRICAL DIPLOMA 3 YEARS NEW|18900.0|2025|APPROVED
NCC-CDF-SKL-02203|KABUSHI|KAFULA NKISU|292817/63/1|967305881|LUBUTO|M|18.0|NORTEC DIPLOMA IN ELECTRICAL DIPLOMA 3 YEARS RETURNING|8700.0|2025|APPROVED
NCC-CDF-SKL-02204|KABUSHI|MUMA ABEL|310428/45/1|760447515|LUBUTO|M|21.0|NORTEC DIPLOMA IN ELECTRICAL DIPLOMA 3 YEARS RETURNING|8700.0|2025|APPROVED
NCC-CDF-SKL-02205|KABUSHI|GIFT NKONDE|335125/61/1|764646197|LUBUTO|M|21.0|NORTEC DIPLOMA IN ELECTRICAL DIPLOMA 3 YEARS RETURNING|8700.0|2025|APPROVED
NCC-CDF-SKL-02206|KABUSHI|EVARISTO MUTALE|372449/65/1|961351907|LUBUTO|M|28.0|NORTEC DIPLOMA IN ELECTRICAL DIPLOMA 3 YEARS RETURNING|8700.0|2025|APPROVED
NCC-CDF-SKL-02207|KABUSHI|KENNEDY KUNDA|406631/65/1|966777361|LUBUTO|F|20.0|NORTEC DIPLOMA IN ELECTRICAL DIPLOMA 3 YEARS RETURNING|8700.0|2025|APPROVED
NCC-CDF-SKL-02208|KABUSHI|WANDI SANANA|509948/61/1|967827383|LUBUTO|M|25.0|NORTEC DIPLOMA IN ELECTRICAL DIPLOMA 3 YEARS RETURNING|8700.0|2025|APPROVED
NCC-CDF-SKL-02209|KABUSHI|SIAME ELIJAH|559066/61/1|965600346|LUBUTO|M|23.0|NORTEC DIPLOMA IN ELECTRICAL DIPLOMA 3 YEARS RETURNING|8700.0|2025|APPROVED
NCC-CDF-SKL-02210|KABUSHI|MISTON NHOMA|563132/61/1|966832412|LUBUTO|M|24.0|NORTEC DIPLOMA IN ELECTRICAL CERTIFICATE 3 YEARS RETURNING|8700.0|2025|APPROVED
NCC-CDF-SKL-02211|KABUSHI|GODFREY CHIBEKA|579787/61/1|779769579|LUBUTO|M|22.0|NORTEC DIPLOMA IN ELECTRICAL DIPLOMA 3 YEARS RETURNING|8700.0|2025|APPROVED
NCC-CDF-SKL-02212|KABUSHI|ENOCK CHILUFYA|580048/10/1|767477757|LUBUTO|M|24.0|NORTEC DIPLOMA IN ELECTRICAL DIPLOMA 3 YEARS RETURNING|8700.0|2025|APPROVED
NCC-CDF-SKL-02213|KABUSHI|BECKHAM SILVER|582085/61/1|969145187|LUBUTO|M|21.0|NORTEC DIPLOMA IN ELECTRICAL DIPLOMA 3 YEARS RETURNING|8700.0|2025|APPROVED
NCC-CDF-SKL-02214|KABUSHI|MITI MAMBAZYA|585436/61/1|969364910|LUBUTO|M|21.0|NORTEC DIPLOMA IN ELECTRICAL DIPLOMA 3 YEARS RETURNING|8700.0|2025|APPROVED
NCC-CDF-SKL-02215|KABUSHI|CHEWE BORNFACE|621790/61/1|968047847|MASALA|M|20.0|NORTEC CRAFT CERTIFICATE IN CERTIFICATE 2 YEARS RETURNING|8700.0|2025|APPROVED
NCC-CDF-SKL-02216|KABUSHI|SHADRECK NG'ANDWE|524139/61/1|969016164|MASALA|M|28.0|NORTEC CRAFT CERTIFICATE IN CERTIFICATE 2 YEARS RETURNING|8400.0|2025|APPROVED
NCC-CDF-SKL-02217|KABUSHI|EMMANUEL TEMBO|568855/61/1|977418181|MASALA|M|22.0|NORTEC CRAFT CERTIFICATE IN CERTIFICATE 2 YEARS RETURNING|8700.0|2025|APPROVED
NCC-CDF-SKL-02218|KABUSHI|MUKELABAI MUBITA|510100/61/1|974412699|MASALA|M|25.0|NORTEC CRAFT CERTIFICATE IN CERTIFICATE 2 YEARS RETURNING|8700.0|2025|APPROVED
NCC-CDF-SKL-02219|KABUSHI|NAMWAMBI ELIDAH|603999/61/1|962447885|MASALA|F|21.0|NORTEC CRAFT CERTIFICATE IN CERTIFICATE 2 YEARS RETURNING|8700.0|2025|APPROVED
NCC-CDF-SKL-02220|KABUSHI|CEPHAS MWANSA|181015/49/1|962173315|MASALA|M|21.0|NORTEC CRAFT CERTIFICATE IN CERTIFICATE 2 YEARS NEW|19250.0|2025|APPROVED
NCC-CDF-SKL-02221|KABUSHI|CAROLINA MWANZA|286876/54/1|975638195|MASALA|F|20.0|NORTEC CRAFT CERTIFICATE IN CERTIFICATE 2 YEARS NEW|19250.0|2025|APPROVED
NCC-CDF-SKL-02222|KABUSHI|DICKSON KONDOWE|323092/42/1|777288567|MASALA|M|24.0|NORTEC CRAFT CERTIFICATE IN CERTIFICATE 2 YEARS RETURNING|8750.0|2025|APPROVED
NCC-CDF-SKL-02223|KABUSHI|CHIFUNDA CHANSA|461092/61/1|976032229|MASALA|M|33.0|NORTEC CRAFT CERTIFICATE IN CERTIFICATE 2 YEARS NEW|19250.0|2025|APPROVED
NCC-CDF-SKL-02224|KABUSHI|PHIRI MEMORY|487134/61/1|969178634|MASALA|F|28.0|NORTEC CRAFT CERTIFICATE IN CERTIFICATE 2 YEARS RETURNING|8750.0|2025|APPROVED
NCC-CDF-SKL-02225|KABUSHI|PAUL MUYAMBO|513164/61/1|963398486|MASALA|M|28.0|NORTEC CRAFT CERTIFICATE IN CERTIFICATE 2 YEARS RETURNING|8750.0|2025|APPROVED
NCC-CDF-SKL-02226|KABUSHI|MARTIN SIMWANZA|546508/61/1|964463635|MASALA|M|24.0|NORTEC CRAFT CERTIFICATE IN CERTIFICATE 2 YEARS RETURNING|14350.0|2025|APPROVED
NCC-CDF-SKL-02227|KABUSHI|WALLEN KAPOMPOLE|473207/61/1|965627552|MASALA|M|29.0|NORTEC CRAFT CERTIFICATE IN CERTIFICATE 2 YEARS NEW|18100.0|2025|APPROVED
NCC-CDF-SKL-02228|KABUSHI|SIMUMBA SALIFYANJI|609715/61/1|769575488|MASALA|M|21.0|NORTEC DIPLOMA IN ELECTRICAL DIPLOMA 3 YEARS RETURNING|8700.0|2025|APPROVED
NCC-CDF-SKL-02229|KABUSHI|MOSES SINKAMBA|611558/61/1|||M|22.0|96052511 MASALA M 22 NORTEC DIPLOMA IN ELECTRICAL DIPLOMA 3 YEARS RETURNING|8700.0|2025|APPROVED
NCC-CDF-SKL-02230|KABUSHI|ANNA NYIRONGO|564227/61/1|||F|23.0|76720036 MASALA F 23 NORTEC DIPLOMA IN ELECTRICAL DIPLOMA 3 YEARS NEW|8700.0|2025|APPROVED
NCC-CDF-SKL-02231|KABUSHI|NEWA TOBIAS|631706/61/1|767005174|MASALA|M|18.0|NORTEC DIPLOMA IN ELECTRICAL DIPLOMA 3 YEARS RETURNING|8700.0|2025|APPROVED
NCC-CDF-SKL-02232|KABUSHI|KALUBA NJOVU|750602/62/1|761049243|MASALA|M|26.0|NORTEC DIPLOMA IN ELECTRICAL DIPLOMA 3 YEARS RETURNING|8700.0|2025|APPROVED
NCC-CDF-SKL-02233|KABUSHI|MUNDIA NAWA|804303/10/1|777500353|MASALA|M|20.0|NORTEC DIPLOMA IN ELECTRICAL DIPLOMA 3 YEARS RETURNING|8700.0|2025|APPROVED
NCC-CDF-SKL-02234|KABUSHI|GEORGE MWANZA|446254/61/1|764701878|MASALA|M|31.0|NORTEC DIPLOMA IN HEAVY DIPLOMA 3 YEARS RETURNING|14350.0|2025|APPROVED
NCC-CDF-SKL-02235|KABUSHI|LAURA MWIMBI|484167/16/1|975285908|MASALA|F|21.0|NORTEC DIPLOMA IN HEAVY DIPLOMA 3 YEARS RETURNING|14350.0|2025|APPROVED
NCC-CDF-SKL-02236|KABUSHI|MUTALE ANGELA|635756/61/1|973373898|MASALA|M|17.0|NORTEC DIPLOMA IN HEAVY DIPLOMA 3 YEARS RETURNING|14350.0|2025|APPROVED
NCC-CDF-SKL-02237|KABUSHI|MWEWA GOODSON|623828/61/1|777454853|MASALA|M|19.0|NORTEC DIPLOMA IN DIPLOMA 3 YEARS RETURNING|12000.0|2025|APPROVED
NCC-CDF-SKL-02238|KABUSHI|MICKSON MASHIKINI|842221/10/1|973726092|MASALA|M|22.0|NORTEC DIPLOMA IN DIPLOMA 3 YEARS RETURNING|12000.0|2025|APPROVED
NCC-CDF-SKL-02239|KABUSHI|BWALYA JOSEPH|314840/71/1|770680419|MUKUBA|M|19.0|NORTEC CRAFT CERTIFICATE IN CERTIFICATE 2 YEARS NEW|19200.0|2025|APPROVED
NCC-CDF-SKL-02240|KABUSHI|MSICHILI VIOLET|519145/61/1|769109180|MUKUBA|F|25.0|NORTEC CRAFT CERTIFICATE IN CERTIFICATE 2 YEARS NEW|19200.0|2025|APPROVED
NCC-CDF-SKL-02241|KABUSHI|LLOYD LOCHA|219377/91/1|976148234|MUKUBA|M|22.0|NORTEC CRAFT CERTIFICATE IN CERTIFICATE 2 YEARS NEW|19250.0|2025|APPROVED
NCC-CDF-SKL-02242|KABUSHI|MBEWE SYLVIA|576192/61/1|965423780|MUKUBA|F|20.0|NORTEC CRAFT CERTIFICATE IN CERTIFICATE 2 YEARS NEW|19250.0|2025|APPROVED
NCC-CDF-SKL-02243|KABUSHI|CHIMBWE ANDSON|633061/61/1|967061818|MUKUBA|M|18.0|NORTEC CRAFT CERTIFICATE IN CERTIFICATE 2 YEARS NEW|19250.0|2025|APPROVED
NCC-CDF-SKL-02244|KABUSHI|SINYANGWE STEPHEN|507306/61/1|960138772|MUKUBA|M|26.0|NORTEC CRAFT CERTIFICATE IN CERTIFICATE 2 YEARS NEW|18100.0|2025|APPROVED
NCC-CDF-SKL-02245|KABUSHI|KOMBE EMMAUEL|619625/61/1|963257869|MUKUBA|M|21.0|NORTEC CRAFT CERTIFICATE IN CERTIFICATE 2 YEARS NEW|18100.0|2025|APPROVED
NCC-CDF-SKL-02246|KABUSHI|MWANZA PURITY|603628/61/1|973713155|MUKUBA|F|21.0|NORTEC TRADE TEST CERTIFICATE 1 YEAR NEW|16500.0|2025|APPROVED
NCC-CDF-SKL-02247|KABUSHI|MARON MAMBWE|358054/68/1|767208393|SKYWAYS|M|19.0|NORTEC DIPLOMA IN HEAVY DIPLOMA 3 YEARS NEW|24850.0|2025|APPROVED
NCC-CDF-SKL-02248|KABUSHI|JOSEPH MUSANYA|568277/67/1|961900723|SKYWAYS|M|25.0|NORTEC DIPLOMA IN HEAVY DIPLOMA 3 YEARS RETURNING|14350.0|2025|APPROVED
NCC-CDF-SKL-02249|KABUSHI|EMMA CHISANGA|595126/61/1|||F|22.0|96202923 SKYWAYS F 22 NORTEC DIPLOMA IN HEAVY DIPLOMA 3 YEARS RETURNING|14350.0|2025|APPROVED
NCC-CDF-SKL-02250|KABUSHI|ASTON MAKOLEKA|632256/10/1|776866202|SKYWAYS|M|21.0|NORTEC DIPLOMA IN HEAVY DIPLOMA 3 YEARS NEW|24850.0|2025|APPROVED
NCC-CDF-SKL-02251|KABUSHI|NYAMBE AKABANA|100709/88/1|966862505|SKYWAYS|M|25.0|NORTEC DIPLOMA IN HEAVY DIPLOMA 3 YEARS RETURNING|14350.0|2025|APPROVED
NCC-CDF-SKL-02252|KABUSHI|ROYD MUDENDA|278831/71/1|977266909|SKYWAYS|M|24.0|NORTEC DIPLOMA IN HEAVY DIPLOMA 3 YEARS RETURNING|14350.0|2025|APPROVED
NCC-CDF-SKL-02253|KABUSHI|MUSONDA MFULA|333533/10/1|965037627|SKYWAYS|M|30.0|NORTEC DIPLOMA IN HEAVY DIPLOMA 3 YEARS RETURNING|14350.0|2025|APPROVED
NCC-CDF-SKL-02254|KABUSHI|MICHAEL CHISEMBELE|360543/33/1|973292961|SKYWAYS|M|27.0|NORTEC DIPLOMA IN HEAVY DIPLOMA 3 YEARS RETURNING|14350.0|2025|APPROVED
NCC-CDF-SKL-02255|KABUSHI|KAZUNGULA PHILIP|114488/26/1|760720014|TOKA|M|32.0|NORTEC CRAFT CERTIFICATE IN CERTIFICATE 2 YEARS NEW STUDENT|19200.0|2025|APPROVED
NCC-CDF-SKL-02256|KABUSHI|SICHINSAMBWE|421658/61/1|968850666|TOKA|M|33.0|NORTEC TRADE TEST CERTIFICATE 1 YEAR NEW STUDENT|16600.0|2025|APPROVED
NCC-CDF-SKL-02257|KABUSHI|SHANIKA AGNESS|137525/92/1|962511302|KABUSHI|F|25.0|NORTHERN AUTOMOTIVE CERTIFICATE 1 YEAR NEW STUDENT|21050.0|2025|APPROVED
NCC-CDF-SKL-02258|KABUSHI|MWANZA FREDRECK|617088/61/1|969406924|KABUSHI|M|21.0|NORTHERN AUTOMOTIVE CERTIFICATE 1 YEAR NEW STUDENT|21050.0|2025|APPROVED
NCC-CDF-SKL-02259|KABUSHI|DAVIES SUMBUKENI|373724/66/1|975792656|KABUSHI|M|29.0|NORTHERN AUTOMOTIVE CERTIFCATE 1 YEAR NEW STUDENT|21050.0|2025|APPROVED
NCC-CDF-SKL-02260|KABUSHI|SIKUTE SHADRICK|279418/71/1|750809017|KABUSHI|M|26.0|NORTHERN BRICKLAYING & CERTIFICATE 1 YEAR NEW STUDENT|20330.0|2025|APPROVED
NCC-CDF-SKL-02261|KABUSHI|KELVIN MUMBA|585243/61/1|773104110|KABUSHI|M|18.0|NORTHERN BRICKLAYING & CERTIFICATE 1 YEAR NEW STUDENT|20330.0|2025|APPROVED
NCC-CDF-SKL-02262|KABUSHI|CLEOPATRA MAPESA|376359/64/1|963489504|KABUSHI|F|21.0|NORTHERN ELECTRICAL CERTIFICATE 1 YEAR NEW STUDENT|21750.0|2025|APPROVED
NCC-CDF-SKL-02263|KABUSHI|KABANDA EVANS|399364/64/1|969316128|KABUSHI|M|20.0|NORTHERN ELECTRICAL CERTIFICATE 1 YEAR NEW STUDENT|21750.0|2025|APPROVED
NCC-CDF-SKL-02264|KABUSHI|KAFUMBO NANCY|574860/61/1|779240678|KABUSHI|F|20.0|NORTHERN ELECTRICAL CERTIFICATE 1 YEAR NEW STUDENT|21750.0|2025|APPROVED
NCC-CDF-SKL-02265|KABUSHI|ENOCK MUGALA|624344/61/1|964785774|KABUSHI|M|20.0|NORTHERN ELECTRICAL CERTIFICATE 1 YEAR NEW STUDENT|21750.0|2025|APPROVED
NCC-CDF-SKL-02266|KABUSHI|MULENGA ANGELA|585346/61/1|967149080|KABUSHI|F|20.0|NORTHERN FOOD PRODUCTION CERTIFICATE 1 YEAR NEW STUDENT|20575.0|2025|APPROVED
NCC-CDF-SKL-02267|KABUSHI|SHAMBOKO ESTHER|587027/61/1|779484814|KABUSHI|F|21.0|NORTHERN FOOD PRODUCTION CERTIFICATE 1 YEAR NEW STUDENT|20575.0|2025|APPROVED
NCC-CDF-SKL-02268|KABUSHI|KABASELA ETHER|613473/67/1|777736274|KABUSHI|F|21.0|NORTHERN FOOD PRODUCTION CERTIFICATE 1 YEAR NEW STUDENT|20575.0|2025|APPROVED
NCC-CDF-SKL-02269|KABUSHI|KALUNGA AUTRICIA|615223/61/1|970411907|KABUSHI|F|21.0|NORTHERN FOOD PRODUCTION CERTIFICATE 1 YEAR NEW STUDENT|20575.0|2025|APPROVED
NCC-CDF-SKL-02270|KABUSHI|MUSAMA GRACE|627786/61/1|962810661|KABUSHI|F|19.0|NORTHERN FOOD PRODUCTION CERTIFICATE 1 YEAR NEW STUDENT|20575.0|2025|APPROVED
NCC-CDF-SKL-02271|KABUSHI|CHARLES MWAMBA|489751/61/1|963959065|KABUSHI|M|28.0|NORTHERN METAL FABRICATION CERTIFICATE 1 YEAR NEW STUDENT|25550.0|2025|APPROVED
NCC-CDF-SKL-02272|KABUSHI|BRIGHT MULENGA|608165/61/1|769576833|KABUSHI|M|23.0|NORTHERN METAL FABRICATION CERTIFICATE 1 YEAR NEW STUDENT|25550.0|2025|APPROVED
NCC-CDF-SKL-02273|KABUSHI|FRANCIS MWEWA|643624/61/1|764281978|KABUSHI|M|18.0|NORTHERN METAL FABRICATION CERTIFICATE 1 YEAR NEW STUDENT|25550.0|2025|APPROVED
NCC-CDF-SKL-02274|KABUSHI|JOSEPHINE MUMBA|630852/61/1|768653676|KAFUBU|F|19.0|NORTHERN AUTOMOTIVE CERTIFICATE 1 YEAR NEW STUDENT|21050.0|2025|APPROVED
NCC-CDF-SKL-02275|KABUSHI|AGATHA MUKOSHA|463608/61/1|970225353|KAFUBU|F|28.0|NORTHERN ELECTRICAL CERTIFICATE 1 YEAR NEW STUDENT|21750.0|2025|APPROVED
NCC-CDF-SKL-02276|KABUSHI|LESA JOSEPH|565443/61/1|966277792|KAFUBU|M|21.0|NORTHERN ELECTRICAL CERTIFICATE 1 YEAR NEW STUDENT|21750.0|2025|APPROVED
NCC-CDF-SKL-02277|KABUSHI|JAPHET HAZIYU MAINZA|568809/61/1|965408770|KAFUBU|M|22.0|NORTHERN ELECTRICAL CERTIFICATE 1 YEAR NEW STUDENT|21750.0|2025|APPROVED
NCC-CDF-SKL-02278|KABUSHI|BEATRICE KATALI|585620/61/1|960116707|KAFUBU|F|22.0|NORTHERN ELECTRICAL CERTIFICATE 1 YEAR NEW STUDENT|21750.0|2025|APPROVED
NCC-CDF-SKL-02279|KABUSHI|ANNAH CHABALA|625773/61/1|964507271|KAFUBU|F|19.0|NORTHERN ELECTRICAL CERTIFICATE 1 YEAR NEW STUDENT|21750.0|2025|APPROVED
NCC-CDF-SKL-02280|KABUSHI|PATIENCE MWICHE|634276/61/1|772625562|KAFUBU|F|20.0|NORTHERN ELECTRICAL CERTIFICATE 1 YEAR NEW STUDENT|21750.0|2025|APPROVED
NCC-CDF-SKL-02281|KABUSHI|JOSEPHINE MWANZA|477700/61/1|969551115|KAFUBU|M|29.0|NORTHERN FOOD PRODUCTION CERTIFICATE 1 YEAR NEW STUDENT|20575.0|2025|APPROVED
NCC-CDF-SKL-02282|KABUSHI|REBECCA NDUMBA|490660/61/1|969088993|KAFUBU|F|28.0|NORTHERN FOOD PRODUCTION CERTIFICATE 1 YEAR NEW STUDENT|20575.0|2025|APPROVED
NCC-CDF-SKL-02283|KABUSHI|NAOMI NG'ANDU|524239/61/1|760699924|KAFUBU|F|24.0|NORTHERN FOOD PRODUCTION CERTIFICATE 1 YEAR NEW STUDENT|20575.0|2025|APPROVED
NCC-CDF-SKL-02284|KABUSHI|EDAH NAMABILO|585173/61/1|968764174|KAFUBU|F|20.0|NORTHERN FOOD PRODUCTION CERTIFICATE 1 YEAR NEW STUDENT|20575.0|2025|APPROVED
NCC-CDF-SKL-02285|KABUSHI|ESTHER NG'ANDU|585189/61/1|962409371|KAFUBU|F|21.0|NORTHERN FOOD PRODUCTION CERTIFICATE 1 YEAR NEW|20575.0|2025|APPROVED
NCC-CDF-SKL-02286|KABUSHI|BWALYA MULENGA|626488/61/1|763667302|KAFUBU|F|18.0|NORTHERN FOOD PRODUCTION CERTIFICATE 1 YEAR NEW|20575.0|2025|APPROVED
NCC-CDF-SKL-02287|KABUSHI|LUCKY MWANSA|568445/61/1|977262812|KAFUBU|M|21.0|NORTHERN METAL FABRICATION CERTIFICATE 1 YEAR NEW|25550.0|2025|APPROVED
NCC-CDF-SKL-02288|KABUSHI|ZIMBA ECCLESIASTIS|279378/91/1|760107418|KALOKO|M|20.0|NORTHERN AUTOMOTIVE CERTIFICATE 1 YEAR NEW|21050.0|2025|APPROVED
NCC-CDF-SKL-02289|KABUSHI|MUSONDA MERCY|544431/61/1|761362626|KALOKO|F|23.0|NORTHERN AUTOMOTIVE CERTIFICATE 1 YEAR NEW|21050.0|2025|APPROVED
NCC-CDF-SKL-02290|KABUSHI|MULENGA CHARITY|581898/61/1|765724494|KALOKO|F|26.0|NORTHERN AUTOMOTIVE CERTIFICATE 1 YEAR NEW|21050.0|2025|APPROVED
NCC-CDF-SKL-02291|KABUSHI|MUBANGA ROY|582001/61/1|767206099|KALOKO|M|21.0|NORTHERN AUTOMOTIVE CERTIFICATE 1 YEAR NEW|21050.0|2025|APPROVED
NCC-CDF-SKL-02292|KABUSHI|BWALYA BELVIN|504042/67/1|767973633|KALOKO|M|27.0|NORTHERN BRICKLAYING & CERTIFICATE 1 YEAR NEW|20330.0|2025|APPROVED
NCC-CDF-SKL-02293|KABUSHI|MWELWA EUGENE|215280/19/1|972275476|KALOKO|M|22.0|NORTHERN ELECTRICAL CERTIFICATE 1 YEAR NEW|21750.0|2025|APPROVED
NCC-CDF-SKL-02294|KABUSHI|OLIPAH NAKAMBA|280638/47/1|968606046|KALOKO|F|26.0|NORTHERN FOOD PRODUCTION CERTIFICATE 1 YEAR NEW|20575.0|2025|APPROVED
NCC-CDF-SKL-02295|KABUSHI|MAUREEN CHIPASHI|477043/61/1|961694640|KALOKO|F|30.0|NORTHERN FOOD PRODUCTION CERTIFICATE 1 YEAR NEW|20575.0|2025|APPROVED
NCC-CDF-SKL-02296|KABUSHI|CHEMBE JANE|524215/61/1|760944364|KALOKO|F|25.0|NORTHERN FOOD PRODUCTION CERTIFICATE 1 YEAR NEW|20575.0|2025|APPROVED
NCC-CDF-SKL-02297|KABUSHI|PHIRI ESTHER|544430/61/1|962477302|KALOKO|F|23.0|NORTHERN FOOD PRODUCTION CERTIFICATE 1 YEAR NEW|20575.0|2025|APPROVED
NCC-CDF-SKL-02298|KABUSHI|MUSANGU PURITY|570107/61/1|773728878|KALOKO|F|22.0|NORTHERN FOOD PRODUCTION CERTIFICATE 1 YEAR NEW|20575.0|2025|APPROVED
NCC-CDF-SKL-02299|KABUSHI|NAOMI MACHELETA|616289/61/1|773867334|KALOKO|F|23.0|NORTHERN FOOD PRODUCTION CERTIFICATE 1 YEAR NEW|20575.0|2025|APPROVED
NCC-CDF-SKL-02300|KABUSHI|CHANDA RUTH|649190/67/1|774332214|KALOKO|F|22.0|NORTHERN FOOD PRODUCTION CERTIFICATE 1 YEAR NEW|20575.0|2025|APPROVED
NCC-CDF-SKL-02301|KABUSHI|KANSAMBA BRIAN|529416/61/1|963628156|KALOKO|M|27.0|NORTHERN METAL FABRICATION CERTIFICATE 1 YEAR NEW|25550.0|2025|APPROVED
NCC-CDF-SKL-02302|KABUSHI|CHAPA CHAMA ELIZABETH|347117/64/1|962542172|LUBUTO|F|27.0|NORTHERN FOOD PRODUCTION CERTIFICATE 1 YEAR NEW|20575.0|2025|APPROVED
NCC-CDF-SKL-02303|KABUSHI|MAINZA MABALA EMMY|354164/10/1|974991221|LUBUTO|F|32.0|NORTHERN FOOD PRODUCTION CERTIFICATE 1 YEAR NEW|20575.0|2025|APPROVED
NCC-CDF-SKL-02304|KABUSHI|SAMUNUMA MARGARET|473595/61/1|972506814|LUBUTO|F|30.0|NORTHERN FOOD PRODUCTION CERTIFICATE 1 YEAR NEW|20575.0|2025|APPROVED
NCC-CDF-SKL-02305|KABUSHI|KANGWA JULLIE|502199/61/1|969543531|LUBUTO|F|25.0|NORTHERN FOOD PRODUCTION CERTIFICATE 1 YEAR NEW|20575.0|2025|APPROVED
NCC-CDF-SKL-02306|KABUSHI|NAWAKWI SANDRA|606890/61/1|965246360|LUBUTO|F|23.0|NORTHERN FOOD PRODUCTION CERTIFICATE 1 YEAR NEW|20575.0|2025|APPROVED
NCC-CDF-SKL-02307|KABUSHI|KASHALA FATUMA|634028/61/1|772170478|LUBUTO|F|20.0|NORTHERN FOOD PRODUCTION CERTIFICATE 1 YEAR NEW|20575.0|2025|APPROVED
NCC-CDF-SKL-02308|KABUSHI|BRIGHTON MABONGA|438839/61/1|760659963|MASALA|M|30.0|NORTHERN AUTOMOTIVE CERTIFICATE 1 YEAR NEW|21050.0|2025|APPROVED
NCC-CDF-SKL-02309|KABUSHI|NATASHA NACHINGA|551690/61/1|964636064|MASALA|F|23.0|NORTHERN AUTOMOTIVE CERTIFICATE 1 YEAR NEW|21050.0|2025|APPROVED
NCC-CDF-SKL-02310|KABUSHI|MUKATIMUYI SINYEMBA|486969/61/1|965030881|MASALA|F|27.0|NORTHERN ELECTRICAL CERTIFICATE 1 YEAR NEW|21750.0|2025|APPROVED
NCC-CDF-SKL-02311|KABUSHI|NACHILIMA NOZA|623552/61/1|768141457|MASALA|F|19.0|NORTHERN FOOD PRODUCTION CERTIFICATE 1 YEAR NEW|20575.0|2025|APPROVED
NCC-CDF-SKL-02312|KABUSHI|NATHANIEL MUSHOTA|627543/61/1|762253075|MASALA|M|19.0|NORTHERN METAL FABRICATION CERTIFICATE 1 YEAR NEW|25550.0|2025|APPROVED
NCC-CDF-SKL-02313|KABUSHI|NYIRONGO|430259/61/1|968882242|MUKUBA|F|31.0|NORTHERN FOOD PRODUCTION CERTIFICATE 1 YEAR NEW|20575.0|2025|APPROVED
NCC-CDF-SKL-02314|KABUSHI|NYIRENDA THOMAS|507811/61/1|762706759|MUKUBA|M|25.0|NORTHERN FOOD PRODUCTION CERTIFICATE 1 YEAR NEW|20575.0|2025|APPROVED
NCC-CDF-SKL-02315|KABUSHI|MUTAMBO BENJAMIN|513989/61/1|963527412|MUKUBA|M|27.0|NORTHERN FOOD PRODUCTION CERTIFICATE 1 YEAR NEW|20575.0|2025|APPROVED
NCC-CDF-SKL-02316|KABUSHI|CHIBONGO OLIPAH|548706/61/1|978717829|MUKUBA|F|25.0|NORTHERN FOOD PRODUCTION CERTIFICATE 1 YEAR NEW|20575.0|2025|APPROVED
NCC-CDF-SKL-02317|KABUSHI|MULENGA ANASTASIA|552841/61/1|771178366|MUKUBA|F|24.0|NORTHERN FOOD PRODUCTION CERTIFICATE 1 YEAR NEW|20575.0|2025|APPROVED
NCC-CDF-SKL-02318|KABUSHI|PHIRI RHODA|560117/61/1|963634485|MUKUBA|F|24.0|NORTHERN FOOD PRODUCTION CERTIFICATE 1 YEAR NEW|20575.0|2025|APPROVED
NCC-CDF-SKL-02319|KABUSHI|MULANGU JOSPHINE|578259/61/1|968020108|MUKUBA|F|19.0|NORTHERN FOOD PRODUCTION CERTIFICATE 1 YEAR NEW|20575.0|2025|APPROVED
NCC-CDF-SKL-02320|KABUSHI|KABANDA LISTER|579714/61/1|774362731|MUKUBA|F|22.0|NORTHERN FOOD PRODUCTION CERTIFICATE 1 YEAR NEW|20575.0|2025|APPROVED
NCC-CDF-SKL-02321|KABUSHI|MWAPE JULIET|574253/61/1|966893034|MUKUBA|F|22.0|NORTHERN METAL FABRICATION CERTIFICATE 1 YEAR NEW|25550.0|2025|APPROVED
NCC-CDF-SKL-02322|KABUSHI|MULENGA MWANSA|592851/67/1|961601336|MUKUBA|F|23.0|NORTHERN METAL FABRICATION CERTIFICATE 1 YEAR NEW|25550.0|2025|APPROVED
NCC-CDF-SKL-02323|KABUSHI|MILIMO JOSEPH|619998/61/1|968879376|MUKUBA|M|19.0|NORTHERN METAL FABRICATION CERTIFICATE 1 YEAR NEW|25550.0|2025|APPROVED
NCC-CDF-SKL-02324|KABUSHI|ZIMBA JACOB|608405/61/1|769466677|SKYWAYS|M|21.0|NORTHERN AUTOMOTIVE CERTIFICATE 1 YEAR NEW|25550.0|2025|APPROVED
NCC-CDF-SKL-02325|KABUSHI|CHUMYA JOSEPH|406852/64/1|760660626|SKYWAYS|M|20.0|NORTHERN AUTOMOTIVE CERTIFICATE 1 YEAR NEW|21050.0|2025|APPROVED
NCC-CDF-SKL-02326|KABUSHI|BLESSING CHISANGA|424779/61/1|779377701|SKYWAYS|M|31.0|NORTHERN ELECTRICAL CERTIFICATE 1 YEAR NEW|21750.0|2025|APPROVED
NCC-CDF-SKL-02327|KABUSHI|MULENGA HUMPHREY|461713/61/1|974462131|SKYWAYS|M|30.0|NORTHERN ELECTRICAL CERTIFICATE 1 YEAR NEW|21750.0|2025|APPROVED
NCC-CDF-SKL-02328|KABUSHI|LIPESHA LUCY|550061/61/1|764843594|SKYWAYS|F|23.0|NORTHERN FOOD PRODUCTION CERTIFICATE 1 YEAR NEW|20575.0|2025|APPROVED
NCC-CDF-SKL-02329|KABUSHI|JUMA MATTHEWS|556458/61/1|961199026|TOKA|M|23.0|NORTHERN AUTOMOTIVE CERTIFICATE 1 YEAR NEW|21050.0|2025|APPROVED
NCC-CDF-SKL-02330|KABUSHI|CHANDA MICHEAL|581675/61/1|768484940|TOKA|M|22.0|NORTHERN AUTOMOTIVE CERTIFICATE 1 YEAR NEW|21050.0|2025|APPROVED
NCC-CDF-SKL-02331|KABUSHI|PHIR MARY|385767/67/1|960105751|TOKA|F|27.0|NORTHERN ELECTRICAL CERTIFICATE 1 YEAR NEW|21750.0|2025|APPROVED
NCC-CDF-SKL-02332|KABUSHI|MULENGA GIFT|444408/16/1|973840480|TOKA|F|22.0|NORTHERN ELECTRICAL CERTIFICATE 1 YEAR NEW|21750.0|2025|APPROVED
NCC-CDF-SKL-02333|KABUSHI|PHIRI EVANS|490892/61/1|764439009|TOKA|M|26.0|NORTHERN ELECTRICAL CERTIFICATE 1 YEAR NEW|21750.0|2025|APPROVED
NCC-CDF-SKL-02334|KABUSHI|MWABA TERRENCE|565667/61/1|963817830|TOKA|M|23.0|NORTHERN ELECTRICAL CERTIFICATE 1 YEAR NEW|21750.0|2025|APPROVED
NCC-CDF-SKL-02335|KABUSHI|HALALE TINASHE|599899/61/1|966942239|TOKA|F|22.0|NORTHERN ELECTRICAL CERTIFICATE 1 YEAR NEW|21750.0|2025|APPROVED
NCC-CDF-SKL-02336|KABUSHI|PHIRI CHARLES|656091/10/1|771413970|TOKA|M|22.0|NORTHERN ELECTRICAL CERTIFICATE 1 YEAR NEW|21750.0|2025|APPROVED
NCC-CDF-SKL-02337|KABUSHI|MBEWE PHILIP|541697/61/1|966167057|TOKA|M|23.0|NORTHERN METAL FABRICATION CERTIFICATE 1 YEAR NEW|25550.0|2025|APPROVED
NCC-CDF-SKL-02338|KABUSHI|SIMWANZA AARON|611744/61/1|774224569|TOKA|M|23.0|NORTHERN METAL FABRICATION CERTIFICATE 1 YEAR NEW|25550.0|2025|APPROVED
NCC-CDF-SKL-02339|KABUSHI|ILUNGA MUYINDA JOHN|465631/61/1|765348621|KABUSHI|M|32.0|PASCAL INSTITUTE OF DUMP TRUCK CERTIFICATE 1 MONTH NEW|6750.0|2025|APPROVED
NCC-CDF-SKL-02340|KABUSHI|CHINJABATA HOPE|531773/61/1|965174778|KABUSHI|M|27.0|PASCAL INSTITUTE OF DUMP TRUCK CERTIFICATE 1 MONTH NEW|6750.0|2025|APPROVED
NCC-CDF-SKL-02341|KABUSHI|ENOCK MUMBA|265828/31/1|964770328|KABUSHI|M|32.0|PASCAL INSTITUTE OF EXCAVATOR CERTIFICATE 1 MONTH NEW|6750.0|2025|APPROVED
NCC-CDF-SKL-02342|KABUSHI|SINDUKU MERCY|361034/24/1|772699436|KABUSHI|M|22.0|PASCAL INSTITUTE OF EXCAVATOR CERTIFICATE 1 MONTH NEW|6750.0|2025|APPROVED
NCC-CDF-SKL-02343|KABUSHI|NGOMA IDAH|507572/61/1|974394988|KABUSHI|F|27.0|PASCAL INSTITUTE OF EXCAVATOR CERTIFICATE 1 MONTH NEW|6750.0|2025|APPROVED
NCC-CDF-SKL-02344|KABUSHI|MASEKA ALLAN|554048/61/1|762670025|KABUSHI|M|24.0|PASCAL INSTITUTE OF EXCAVATOR CERTIFICATE 1 MONTH NEW|6750.0|2025|APPROVED
NCC-CDF-SKL-02345|KABUSHI|MUSHINKO JULIET|595868/61/1|771832729|KABUSHI|F|21.0|PASCAL INSTITUTE OF EXCAVATOR CERTIFICATE 1 MONTH NEW|6750.0|2025|APPROVED
NCC-CDF-SKL-02346|KABUSHI|MUFUMBI AMOS|585573/61/1|979060255|KABUSHI|M|21.0|PASCAL INSTITUTE OF TLB OPERATOR CERTIFICATE 1 MONTH NEW|6750.0|2025|APPROVED
NCC-CDF-SKL-02347|KABUSHI|CHOMBA EDWARD|613954/61/1|972048027|KABUSHI|M|21.0|PASCAL INSTITUTE OF TLB OPERATOR CERTIFICATE 1 MONTH NEW|6750.0|2025|APPROVED
NCC-CDF-SKL-02348|KABUSHI|EVANS MUSHOTA|489621/61/1|963517572|KAFUBU|M|25.0|PASCAL INSTITUTE OF DUMP TRUCK CERTIFICATE 1 MONTH NEW|6750.0|2025|APPROVED
NCC-CDF-SKL-02349|KABUSHI|MOSES NDUMBA|496829/61/1|761960731|KAFUBU|M|26.0|PASCAL INSTITUTE OF DUMP TRUCK CERTIFICATE 1 MONTH NEW|6750.0|2025|APPROVED
NCC-CDF-SKL-02350|KABUSHI|THOLE BEENWELL|632542/61/1|958250950|KAFUBU|M|17.0|PASCAL INSTITUTE OF DUMP TRUCK CERTIFICATE 1 MONTH NEW|6750.0|2025|APPROVED
NCC-CDF-SKL-02351|KABUSHI|PRISCOVIA CHISHIMBA|184174/35/1|964001444|KAFUBU|F|30.0|PASCAL INSTITUTE OF EXCAVATOR CERTIFICATE 1 MONTH NEW|6750.0|2025|APPROVED
NCC-CDF-SKL-02352|KABUSHI|JACKSON ZULU|328879/64/1|978225653|KAFUBU|M|30.0|PASCAL INSTITUTE OF EXCAVATOR CERTIFICATE 1 MONTH NEW|6750.0|2025|APPROVED
NCC-CDF-SKL-02353|KABUSHI|VALENTINE MUMBI|472232/61/1|965769517|KAFUBU|M|28.0|PASCAL INSTITUTE OF EXCAVATOR CERTIFICATE 1 MONTH NEW|6750.0|2025|APPROVED
NCC-CDF-SKL-02354|KABUSHI|KUNDA TWALEMYA|491233/61/1|771430477|KAFUBU|M|27.0|PASCAL INSTITUTE OF EXCAVATOR CERTIFICATE 1 MONTH NEW|6750.0|2025|APPROVED
NCC-CDF-SKL-02355|KABUSHI|KENT KASAMBA|537654/61/1|972202998|KAFUBU|M|26.0|PASCAL INSTITUTE OF EXCAVATOR CERTIFICATE 1 MONTH NEW|6750.0|2025|APPROVED
NCC-CDF-SKL-02356|KABUSHI|KASAMBA BERTHA|228390/10/1|963201022|KAFUBU|F|32.0|PASCAL INSTITUTE OF FORKLIFT CERTIFICATE 1 MONTH NEW|6750.0|2025|APPROVED
NCC-CDF-SKL-02357|KABUSHI|CHISENGA KALUNGA|298593/68/1|972895107|KAFUBU|M|30.0|PASCAL INSTITUTE OF FORKLIFT CERTIFICATE 1 MONTH NEW|6750.0|2025|APPROVED
NCC-CDF-SKL-02358|KABUSHI|CHAMA MAPALO|585719/61/1|769896234|KAFUBU|F|20.0|PASCAL INSTITUTE OF FORKLIFT CERTIFICATE 1 MONTH NEW|6750.0|2025|APPROVED
NCC-CDF-SKL-02359|KABUSHI|KABWE NONDE|443893/61/1|763367293|KAFUBU|M|33.0|PASCAL INSTITUTE OF OPEN SURFACE CERTIFICATE 1 MONTH NEW|6750.0|2025|APPROVED
NCC-CDF-SKL-02360|KABUSHI|SEPO SITALI|596577/10/1|761259602|KAFUBU|M|20.0|PASCAL INSTITUTE OF OPEN SURFACE CERTIFICATE 1 MONTH NEW|6750.0|2025|APPROVED
NCC-CDF-SKL-02361|KABUSHI|SANDRA KAPESA|465925/61/1|974636302|KALOKO|F|29.0|PASCAL INSTITUTE OF DRIVING CE CERTIFICATE 1 MONTH NEW|4300.0|2025|APPROVED
NCC-CDF-SKL-02362|KABUSHI|KAZEMBA FRANCIS|348736/62/1|760019349|KALOKO|M|23.0|PASCAL INSTITUTE OF DUMP TRUCK CERTIFICATE 1 MONTH NEW|6750.0|2025|APPROVED
NCC-CDF-SKL-02363|KABUSHI|CHOMBA STANLEY|599647/61/1|766444104|KALOKO|M|21.0|PASCAL INSTITUTE OF DUMP TRUCK CERTIFICATE 1 MONTH NEW|6750.0|2025|APPROVED
NCC-CDF-SKL-02364|KABUSHI|KABAMBA EMELY|490463/61/1|964113004|KALOKO|F|27.0|PASCAL INSTITUTE OF EXCAVATOR CERTIFICATE 1 MONTH NEW|6750.0|2025|APPROVED
NCC-CDF-SKL-02365|KABUSHI|AARON CHALWE|646784/61/1|967911185|KALOKO|M|19.0|PASCAL INSTITUTE OF EXCAVATOR OPERATOR CERTIFICATE 1 MONTH NEW|6750.0|2025|APPROVED
NCC-CDF-SKL-02366|KABUSHI|ELIJAH CHIKWANKA|268860/31/1|977167483|KALOKO|M|28.0|PASCAL INSTITUTE OF FORKLIFT CERTIFICATE 1 MONTH NEW|6750.0|2025|APPROVED
NCC-CDF-SKL-02367|KABUSHI|KAUNDA MOSES|182121/34/1|976805066|LUBUTO|M|28.0|PASCAL INSTITUTE OF DUMP TRUCK CERTIFICATE 1 MONTH NEW|6750.0|2025|APPROVED
NCC-CDF-SKL-02368|KABUSHI|TEMBO KETTY|465829/61/1|970017735|LUBUTO|F|29.0|PASCAL INSTITUTE OF DUMP TRUCK CERTIFICATE 1 MONTH NEW|6750.0|2025|APPROVED
NCC-CDF-SKL-02369|KABUSHI|MARTHA MUTONGA|411113/61/1|965816474|LUBUTO|F|33.0|PASCAL INSTITUTE OF DUMP TRUCK CERTIFICATE 1 MONTH NEW|4300.0|2025|APPROVED
NCC-CDF-SKL-02370|KABUSHI|CHOLA MARONE|231735/12/1|968676726|LUBUTO|M|32.0|PASCAL INSTITUTE OF EXCAVATOR CERTIFICATE 1 MONTH NEW|6750.0|2025|APPROVED
NCC-CDF-SKL-02371|KABUSHI|MUMBA KIDDY|420372/61/1|967161649|LUBUTO|M|32.0|PASCAL INSTITUTE OF EXCAVATOR CERTIFICATE 1 MONTH NEW|6750.0|2025|APPROVED
NCC-CDF-SKL-02372|KABUSHI|KAMFWA EMMANUEL|435684/61/1|964932173|LUBUTO|M|33.0|PASCAL INSTITUTE OF EXCAVATOR CERTIFICATE 1 MONTH NEW|6750.0|2025|APPROVED
NCC-CDF-SKL-02373|KABUSHI|MAMBWE COSTANTINO|632434/61/1|763164067|LUBUTO|M|18.0|PASCAL INSTITUTE OF EXCAVATOR CERTIFICATE 1 MONTH NEW|6750.0|2025|APPROVED
NCC-CDF-SKL-02374|KABUSHI|KANGWA BERNARD|772478/10/1|971566584|LUBUTO|M|20.0|PASCAL INSTITUTE OF EXCAVATOR CERTIFICATE 1 MONTH NEW|6750.0|2025|APPROVED
NCC-CDF-SKL-02375|KABUSHI|SINKALA MEMORY|388291/65/1|960909884|LUBUTO|F|24.0|PASCAL INSTITUTE OF FRONT END LOADER CERTIFICATE 1 MONTH NEW|6750.0|2025|APPROVED
NCC-CDF-SKL-02376|KABUSHI|CHILINDA JANET|139755/19/1|977867009|LUBUTO|F|31.0|PASCAL INSTITUTE OF HEAVY DUTY OPERATOR CERTIFICATE 1 MONTH NEW|6750.0|2025|APPROVED
NCC-CDF-SKL-02377|KABUSHI|JOSEPH BANDA|528775/61/1|960369948|MASALA|M|28.0|PASCAL INSTITUTE OF BULLDOZER CERTIFICATE 1 MONTH NEW|6750.0|2025|APPROVED
NCC-CDF-SKL-02378|KABUSHI|FIDELIS BANDA|591703/61/1|969394641|MASALA|M|22.0|PASCAL INSTITUTE OF BULLDOZER CERTIFICATE 1 MONTH NEW|6750.0|2025|APPROVED
NCC-CDF-SKL-02379|KABUSHI|MULENGA KELVIN|419029/61/1|976973991|MASALA|M|33.0|PASCAL INSTITUTE OF DUMP TRUCK CERTIFICATE 1 MONTH NEW|6750.0|2025|APPROVED
NCC-CDF-SKL-02380|KABUSHI|CHOLA DORCAS|568914/61/1|774319013|MASALA|F|23.0|PASCAL INSTITUTE OF DUMP TRUCK CERTIFICATE 1 MONTH NEW|6750.0|2025|APPROVED
NCC-CDF-SKL-02381|KABUSHI|PRISCA LUKAMA|574385/69/1|977642051|MASALA|F|25.0|PASCAL INSTITUTE OF DUMP TRUCK CERTIFICATE 1 MONTH NEW|6750.0|2025|APPROVED
NCC-CDF-SKL-02382|KABUSHI|GODFREY CHANDA|339257/43/1|963933635|MASALA|M|31.0|PASCAL INSTITUTE OF FORKLIFT CERTIFICATE 1 MONTH NEW|6750.0|2025|APPROVED
NCC-CDF-SKL-02383|KABUSHI|REBECCA CHIPUTA|643476/61/1|775300170|MASALA|F|20.0|PASCAL INSTITUTE OF FRONT END LOADER CERTIFICATE 1 MONTH NEW|6750.0|2025|APPROVED
NCC-CDF-SKL-02384|KABUSHI|MOSES CHIPULU|271028/31/1|970983937|MASALA|M|34.0|PASCAL INSTITUTE OF TLB OPERATOR CERTIFICATE 1 MONTH NEW|6750.0|2025|APPROVED
NCC-CDF-SKL-02385|KABUSHI|CHAPA ALFRED|564605/61/1|966611059|MUKUBA|M|22.0|PASCAL INSTITUTE OF BULLDOZER CERTIFICATE 1 MONTH NEW|6750.0|2025|APPROVED
NCC-CDF-SKL-02386|KABUSHI|CHISALA MUTALE|156519/49/1|976810224|MUKUBA|M|26.0|PASCAL INSTITUTE OF DUMP TRUCK CERTIFICATE 1 MONTH NEW|6750.0|2025|APPROVED
NCC-CDF-SKL-02387|KABUSHI|CHILUFYA NICHOLAS|488159/61/1|961668050|MUKUBA|M|28.0|PASCAL INSTITUTE OF DUMP TRUCK CERTIFICATE 1 MONTH NEW|6750.0|2025|APPROVED
NCC-CDF-SKL-02388|KABUSHI|CHILESHE ERNEST|497368/61/1|772832672|MUKUBA|M|27.0|PASCAL INSTITUTE OF DUMP TRUCK CERTIFICATE 1 MONTH NEW|6750.0|2025|APPROVED
NCC-CDF-SKL-02389|KABUSHI|PHIRI FANWELL|499165/61/1|970577888|MUKUBA|M|26.0|PASCAL INSTITUTE OF DUMP TRUCK CERTIFICATE 1 MONTH NEW|6750.0|2025|APPROVED
NCC-CDF-SKL-02390|KABUSHI|CHIPEPO CHRISPAS|570187/61/1|968395881|MUKUBA|M|21.0|PASCAL INSTITUTE OF DUMP TRUCK CERTIFICATE 1 MONTH NEW|6750.0|2025|APPROVED
NCC-CDF-SKL-02391|KABUSHI|MWILA PRISCOSAR|613441/61/1|762984243|MUKUBA|F|21.0|PASCAL INSTITUTE OF DUMP TRUCK CERTIFICATE 1 MONTH NEW|6750.0|2025|APPROVED
NCC-CDF-SKL-02392|KABUSHI|LAMYA JAMES|635175/61/1|768484286|MUKUBA|M|17.0|PASCAL INSTITUTE OF DUMP TRUCK CERTIFICATE 1 MONTH NEW|6750.0|2025|APPROVED
NCC-CDF-SKL-02393|KABUSHI|MONGA BUSIKU MIZINGA|257932/13/1|763951226|MUKUBA|F|34.0|PASCAL INSTITUTE OF EXCAVATOR CERTIFICATE 1 MONTH NEW|6750.0|2025|APPROVED
NCC-CDF-SKL-02394|KABUSHI|KAINDU EMMANUEL|315015/45/1|977188406|MUKUBA|M|22.0|PASCAL INSTITUTE OF EXCAVATOR CERTIFICATE 1 MONTH NEW|6750.0|2025|APPROVED
NCC-CDF-SKL-02395|KABUSHI|MUNKONDYA AGNESS|325596/62/1|963763066|MUKUBA|F|25.0|PASCAL INSTITUTE OF EXCAVATOR CERTIFICATE 1 MONTH NEW|6750.0|2025|APPROVED
NCC-CDF-SKL-02396|KABUSHI|PHIRI CEPHAS|466141/61/1|977746927|MUKUBA|M|30.0|PASCAL INSTITUTE OF EXCAVATOR CERTIFICATE 1 MONTH NEW|6750.0|2025|APPROVED
NCC-CDF-SKL-02397|KABUSHI|MWANAUTA MARY|473640/61/1|960275850|MUKUBA|F|27.0|PASCAL INSTITUTE OF EXCAVATOR CERTIFICATE 1 MONTH NEW|6750.0|2025|APPROVED
NCC-CDF-SKL-02398|KABUSHI|MUYUNDA CALEB|500489/61/1|966783358|MUKUBA|M|26.0|PASCAL INSTITUTE OF EXCAVATOR CERTIFICATE 1 MONTH NEW|6750.0|2025|APPROVED
NCC-CDF-SKL-02399|KABUSHI|SIAME EDWARD|513773/61/1|768483277|MUKUBA|M|28.0|PASCAL INSTITUTE OF EXCAVATOR CERTIFICATE 1 MONTH NEW|6750.0|2025|APPROVED
NCC-CDF-SKL-02400|KABUSHI|RAYMOND MWANSA|570460/61/1|776286930|MUKUBA|M|21.0|PASCAL INSTITUTE OF EXCAVATOR CERTIFICATE 1 MONTH NEW|6750.0|2025|APPROVED
NCC-CDF-SKL-02401|KABUSHI|MUMBI NSOFWA|633851/61/1|766960980|MUKUBA|M|19.0|PASCAL INSTITUTE OF EXCAVATOR CERTIFICATE 1 MONTH NEW|6750.0|2025|APPROVED
NCC-CDF-SKL-02402|KABUSHI|KWENDA SILASY|699764/52/1|965784862|MUKUBA|M|24.0|PASCAL INSTITUTE OF EXCAVATOR CERTIFICATE 1 MONTH NEW|6750.0|2025|APPROVED
NCC-CDF-SKL-02403|KABUSHI|MULENGA NICHOLAS|542672/10/1|776640513|MUKUBA|M|27.0|PASCAL INSTITUTE OF FORKLIFT CERTIFICATE 1 MONTH NEW|6750.0|2025|APPROVED
NCC-CDF-SKL-02404|KABUSHI|BWALYA EDWARD|598338/61/1|769577063|MUKUBA|M|21.0|PASCAL INSTITUTE OF FORKLIFT CERTIFICATE 1 MONTH NEW|6750.0|2025|APPROVED
NCC-CDF-SKL-02405|KABUSHI|SIAME AARON|630734/61/1|965033540|MUKUBA|M|19.0|PASCAL INSTITUTE OF FORKLIFT CERTIFICATE 1 MONTH NEW|6750.0|2025|APPROVED
NCC-CDF-SKL-02406|KABUSHI|MAZALA FELIX|291490/68/1|966495617|MUKUBA|M|31.0|PASCAL INSTITUTE OF FRONT END LOADER CERTIFICATE 1 MONTH NEW|6750.0|2025|APPROVED
NCC-CDF-SKL-02407|KABUSHI|KULELA CHRISTOPHER|556426/61/1|968939368|MUKUBA|M|24.0|PASCAL INSTITUTE OF FRONT END LOADER CERTIFICATE 1 MONTH NEW|6750.0|2025|APPROVED
NCC-CDF-SKL-02408|KABUSHI|MUSHIBWE CHANDA|557305/61/1|779791737|MUKUBA|M|21.0|PASCAL INSTITUTE OF FRONT END LOADER CERTIFICATE 1 MONTH NEW|6750.0|2025|APPROVED
NCC-CDF-SKL-02409|KABUSHI|MWAPE FOSTINA|563460/61/1|975074580|MUKUBA|F|22.0|PASCAL INSTITUTE OF FRONT END LOADER CERTIFICATE 1 MONTH NEW|6750.0|2025|APPROVED
NCC-CDF-SKL-02410|KABUSHI|MWAPE KINESS|340694/16/1|973775883|MUKUBA|F|31.0|PASCAL INSTITUTE OF HEAVY DUTY OPERATOR CERTIFICATE 1 MONTH NEW|6750.0|2025|APPROVED
NCC-CDF-SKL-02411|KABUSHI|MWELWA SIMON|570395/61/1|776286930|MUKUBA|M|22.0|PASCAL INSTITUTE OF MOBILE CRANE CERTIFICATE 1 MONTH NEW|6750.0|2025|APPROVED
NCC-CDF-SKL-02412|KABUSHI|NALUNGWE TWIZA|136735/67/1|970604760|MUKUBA|F|22.0|PASCAL INSTITUTE OF MOTOR GRADER CERTIFICATE 1 MONTH NEW|6750.0|2025|APPROVED
NCC-CDF-SKL-02413|KABUSHI|KOLALA CHRISTOPHER|177578/61/1|966611059|MUKUBA|M|18.0|PASCAL INSTITUTE OF MOTOR GRADER CERTIFICATE 1 MONTH NEW|6750.0|2025|APPROVED
NCC-CDF-SKL-02414|KABUSHI|MUSONDA JOHN|229320/35/1|763623659|MUKUBA|M|25.0|PASCAL INSTITUTE OF MOTOR GRADER CERTIFICATE 1 MONTH NEW|6750.0|2025|APPROVED
NCC-CDF-SKL-02415|KABUSHI|NAMUSOKWE TWIZA|537545/61/1|967749196|MUKUBA|F|25.0|PASCAL INSTITUTE OF MOTOR GRADER CERTIFICATE 1 MONTH NEW|6750.0|2025|APPROVED
NCC-CDF-SKL-02416|KABUSHI|NSOFWA EUGENE|597959/61/1|768944266|MUKUBA|M|21.0|PASCAL INSTITUTE OF MOTOR GRADER CERTIFICATE 1 MONTH NEW|6750.0|2025|APPROVED
NCC-CDF-SKL-02417|KABUSHI|KAPAMBWE EMMANUEL|566342/61/1|969633025|SKYWAYS|M|22.0|PASCAL INSTITUTE OF DUMP TRUCK CERTIFICATE 1 MONTH NEW|6750.0|2025|APPROVED
NCC-CDF-SKL-02418|KABUSHI|CHONGO JAMES|621673/61/1|776688839|SKYWAYS|M|21.0|PASCAL INSTITUTE OF EXCAVATOR CERTIFICATE 1 MONTH NEW|6750.0|2025|APPROVED
NCC-CDF-SKL-02419|KABUSHI|CHANDA EPHRAIM|326921/64/1|972220811|TOKA|M|31.0|PASCAL INSTITUTE OF FRONT END LOADER CERTIFICATE 1 MONTH NEW|6750.0|2025|APPROVED
NCC-CDF-SKL-02420|KABUSHI|ASHAL MAKULIKA|622447/61/1|977646334|KABUSHI|M|28.0|TVTC ELECTRICAL CERTIFICATE CERTIFICATE NEW|26700.0|2025|APPROVED
NCC-CDF-SKL-02421|KABUSHI|CHILESHE GILBERT|497632/61/1|968339026|KABUSHI|M|26.0|TVTC METAL FABRICATION CERTIFICATE 1 YEAR NEW|26700.0|2025|APPROVED
NCC-CDF-SKL-02422|KABUSHI|GERALD THOMAS VIAZI|613755/61/1|966891640|KAFUBU|M|24.0|TVTC METAL FABRICATION CERTIFICATE 1 YEAR NEW|26700.0|2025|APPROVED
NCC-CDF-SKL-02423|KABUSHI|CYRUS MAKASA|443842/10/1|979078077|KALOKO|M|28.0|TVTC AUTOMOTIVE CERTIFICATE 1 YEAR NEW|26700.0|2025|APPROVED
NCC-CDF-SKL-02424|KABUSHI|FLAVIOUR MULETAMBO|629532/61/1|771710896|KALOKO|F|20.0|TVTC GENERAL HOSPITALITY CERTIFICATE 1 YEAR NEW|26700.0|2025|APPROVED
NCC-CDF-SKL-02425|KABUSHI|ROSELINA KIKWILI|217219/25/1|764065205|MASALA|F|18.0|TVTC COMPUTER STUDIES CERTIFICATE 1 YEAR NEW|26700.0|2025|APPROVED
NCC-CDF-SKL-02426|KABUSHI|MWEWA STECY|568997/61/1|762728825|MASALA|F|22.0|TVTC ELECTRICAL & CERTIFICATE 1 YEAR NEW|26700.0|2025|APPROVED
NCC-CDF-SKL-02427|KABUSHI|MILDRED KIKWILI|217218/25/1|969223984|MASALA|F|20.0|TVTC GENERAL HOSPITALITY CERTIFICATE 1 YEAR NEW|26700.0|2025|APPROVED
NCC-CDF-SKL-02428|KABUSHI|MARGRET SINGUBELE|497109/61/1|967839871|MASALA|F|26.0|TVTC GENERAL HOSPITALITY CERTIFICATE 1 YEAR NEW|26700.0|2025|APPROVED
NCC-CDF-SKL-02429|KABUSHI|LILLIAN MWAPE|568933/61/1|761636923|MASALA|F|22.0|TVTC GENERAL HOSPITALITY CERTIFICATE 1 YEAR NEW|26700.0|2025|APPROVED
NCC-CDF-SKL-02430|KABUSHI|DESIRE CHIKUMBI|610876/61/1|961838255|MASALA|M|18.0|TVTC METAL FABRICATION CERTIFICATE 1 YEAR NEW|26700.0|2025|APPROVED
NCC-CDF-SKL-02431|KABUSHI|EMMANUEL MUMBI|631118/61/1|768656723|MASALA|M|18.0|TVTC METAL FABRICATION CERTIFICATE 1 YEAR NEW|26700.0|2025|APPROVED
NCC-CDF-SKL-02432|KABUSHI|LANE ZULU|633823/61/1|966787840|MASALA|M|18.0|TVTC METAL FABRICATION CERTIFICATE 1 YEAR NEW|26700.0|2025|APPROVED
NCC-CDF-SKL-02433|KABUSHI|PROSPER KAPUKA|671386/67/1|964301026|MASALA|M|18.0|TVTC METAL FABRICATION CERTIFICATE 1 YEAR NEW|26700.0|2025|APPROVED
NCC-CDF-SKL-02434|KABUSHI|SOMPWE LYDIA|262900/31/1|776867321|MUKUBA|F|34.0|TVTC FASHION DESIGN AND CERTIFICATE 1 YEAR NEW|26700.0|2025|APPROVED
NCC-CDF-SKL-02435|KABUSHI|MUSONDA THELMA|595745/61/1|768940793|MUKUBA|F|21.0|TVTC FASHION DESIGN AND CERTIFICATE 1 YEAR NEW|26700.0|2025|APPROVED
NCC-CDF-SKL-02436|KABUSHI|MUNKOMBWE UBIVERSE|163331/79/1|779561284|MUKUBA|F|23.0|TVTC GENERAL HOSPITALITY CERTIFICATE 1 YEAR NEW|26700.0|2025|APPROVED
NCC-CDF-SKL-02437|KABUSHI|CHIWALA MARGRET|361895/10/1|771010234|MUKUBA|F|29.0|TVTC GENERAL HOSPITALITY CERTIFICATE 1 YEAR NEW|26700.0|2025|APPROVED
NCC-CDF-SKL-02438|KABUSHI|TIFFANY LIKOMENO|568380/61/1|962668549|MUKUBA|F|23.0|TVTC GENERAL HOSPITALITY CERTIFICATE 1 YEAR NEW|26700.0|2025|APPROVED
NCC-CDF-SKL-02439|KABUSHI|BOBBY SIKAZWE|615275/61/1|769112751|KABUSHI|M|19.0|TWIKATANE NDOLA INFORMATION CERTIFICATE 1 YEAR NEW|7675.0|2025|APPROVED
NCC-CDF-SKL-02440|KABUSHI|LUKE CHILESHE|537802/61/1|772631238|TOKA|M|25.0|ZAMBIA AIR SERVICES DIPLOMA CERTIFICATE 3 YEARS NEW|18120.0|2025|APPROVED
NCC-CDF-SKL-02441|KABUSHI|KALIMAMUKANWA|311558/62/1|964168280|KABUSHI|M|30.0|ZAMBIA UNIVERSITY COMPUTER HARDWARE CERTIFICATE 3 MONTHS NEW|5800.0|2025|APPROVED
NCC-CDF-SKL-02442|KABUSHI|CHISHINKA HAGGAI|331620/61/1|967906709|KABUSHI|M|22.0|ZAMBIA UNIVERSITY COMPUTER HARDWARE CERTIFICATE 3 MONTHS NEW|5800.0|2025|APPROVED
NCC-CDF-SKL-02443|KABUSHI|CHISHINKA ETHEL|502791/61/1|973884300|KABUSHI|F|28.0|ZAMBIA UNIVERSITY DOMESTIC ELECTRICAL CERTIFICATE 3 MONTHS NEW|5800.0|2025|APPROVED
NCC-CDF-SKL-02444|KABUSHI|RACHEL NTHWALA|361313/68/1|771365249|KAFUBU|F|20.0|ZAMBIA UNIVERSITY DIPLOMA IN DIPLOMA 3 YEARS NEW|16400.0|2025|APPROVED
NCC-CDF-SKL-02445|KABUSHI|VICTOR KALASA|609649/61/1|973412214|KALOKO|M|22.0|ZAMBIA UNIVERSITY DIPLOMA IN ELECTRICAL DIPLOMA 3 YEARS NEW|17400.0|2025|APPROVED
NCC-CDF-SKL-02446|KABUSHI|FRANCIS KANEMA|331776/62/1|973652690|KALOKO|M|21.0|ZAMBIA UNIVERSITY DIPLOMA IN DIPLOMA 3 YEARS NEW|17400.0|2025|APPROVED
NCC-CDF-SKL-02447|KABUSHI|MAKUMBA CETRA|422401/61/1|777990378|KALOKO|F|32.0|ZAMBIA UNIVERSITY DIPLOMA IN DIPLOMA 3 YEARS NEW|17400.0|2025|APPROVED
NCC-CDF-SKL-02448|KABUSHI|PRECIOUS CHILUFYA|490298/61/1|975094465|KALOKO|F|27.0|ZAMBIA UNIVERSITY DIPLOMA IN DIPLOMA 3 YEARS NEW|17400.0|2025|APPROVED
NCC-CDF-SKL-02449|KABUSHI|AGNESS MUSONDA|498696/10/1|968896774|KALOKO|F|26.0|ZAMBIA UNIVERSITY DIPLOMA IN DIPLOMA 3 YEARS NEW|17400.0|2025|APPROVED
NCC-CDF-SKL-02450|KABUSHI|BWEMBYA NATASHA|612526/61/1|973867868|LUBUTO|F|29.0|ZAMBIA UNIVERSITY COMPUTER STUDIES CERTIFICATE 3 MONTHS NEW|5800.0|2025|APPROVED
NCC-CDF-SKL-02451|KABUSHI|MUTILA VANESSA|641690/61/1|966403563|LUBUTO|F|19.0|ZAMBIA UNIVERSITY COMPUTER STUDIES CERTIFICATE 3 MONTHS NEW|5800.0|2025|APPROVED
NCC-CDF-SKL-02452|KABUSHI|CHANDA TISHA|589852/61/1|962403716|LUBUTO|F|20.0|ZAMBIA UNIVERSITY DOMESTIC ELECTRICAL CERTIFICATE 3 MONTHS NEW|5800.0|2025|APPROVED
NCC-CDF-SKL-02453|KABUSHI|KATANGA MARTIN|197247/35/1|966090264|LUBUTO|M|33.0|ZAMBIA UNIVERSITY INSTALLATION AND CERTIFICATE 3 MONTHS NEW|5800.0|2025|APPROVED
NCC-CDF-SKL-02454|KABUSHI|SIAME JACKSON|267741/46/1|769457356|LUBUTO|M|26.0|ZAMBIA UNIVERSITY INSTALLATION AND CERTIFICATE 3 MONTHS NEW|5800.0|2025|APPROVED
NCC-CDF-SKL-02455|KABUSHI|ENOCK SIAME|539300/61/1|770072996|MASALA|M|25.0|ZAMBIA UNIVERSITY DIPLOMA IN DIPLOMA 3 YEARS RETURNING|17400.0|2025|APPROVED
NCC-CDF-SKL-02456|KABUSHI|NKUKA SAMUEL KALUBA|557736/61/1|772872817|MASALA|M|24.0|ZAMBIA UNIVERSITY DIPLOMA IN DIPLOMA 3 YEARS RETURNING|17400.0|2025|APPROVED
NCC-CDF-SKL-02457|KABUSHI|MULENGA M KAFULA|562324/61/1|977602442|MASALA|M|22.0|ZAMBIA UNIVERSITY DIPLOMA IN DIPLOMA 3 YEARS RETURNING|17400.0|2025|APPROVED
NCC-CDF-SKL-02458|KABUSHI|MWANSA ISAAC|579621/61/1|760704070|MASALA|M|22.0|ZAMBIA UNIVERSITY DIPLOMA IN DIPLOMA 3 YEARS RETURNING|17400.0|2025|APPROVED
NCC-CDF-SKL-02459|KABUSHI|MWILA LUMBETA|609590/61/1|966566860|MASALA|M|20.0|ZAMBIA UNIVERSITY DIPLOMA IN DIPLOMA 3 YEARS RETURNING|17400.0|2025|APPROVED
NCC-CDF-SKL-02460|KABUSHI|LUBANDA THABO|610576/61/1|977880954|MASALA|M|20.0|ZAMBIA UNIVERSITY DIPLOMA IN DIPLOMA 3 YEARS RETURNING|17400.0|2025|APPROVED
NCC-CDF-SKL-02461|KABUSHI|BUPE LYNET|412131/64/1|972558828|MASALA|F|20.0|ZAMBIA UNIVERSITY DIPLOMA IN DIPLOMA 3 YEARS NEW|16400.0|2025|APPROVED
NCC-CDF-SKL-02462|KABUSHI|MASASE BENAIAH|571108/61/1|964050344|MASALA|M|21.0|ZAMBIA UNIVERSITY DIPLOMA IN SOFTWARE DIPLOMA 3 YEARS NEW|17400.0|2025|APPROVED
NCC-CDF-SKL-02463|KABUSHI|CHABALA MARGARET|639458/61/1|773105910|MASALA|F|19.0|ZAMBIA UNIVERSITY DOMESTIC ELECTRICAL CERTIFICATE 3 MONTHS NEW|5800.0|2025|APPROVED
NCC-CDF-SKL-02464|KABUSHI|KAYAWE NOSIKU|636185/61/1|969728070|MASALA|F|17.0|ZAMBIA UNIVERSITY ELECTRICAL DIPLOMA 3 YEARS NEW|17400.0|2025|APPROVED
NCC-CDF-SKL-02465|KABUSHI|WILLIAM KALIMA|540804/67/1|976140620|MASALA|M|26.0|ZAMBIA UNIVERSITY ENGINEERING IN DIPLOMA 3 YEARS RETURNING|17400.0|2025|APPROVED
NCC-CDF-SKL-02466|KABUSHI|SIBONGILE CHIWAWA|589821/61/1|975206746|MASALA|F|22.0|ZAMBIA UNIVERSITY ICT DIPLOMA 3 YEARS RETURNING|17400.0|2025|APPROVED
NCC-CDF-SKL-02467|KABUSHI|MIRRIAM KANZOBYA|391743/82/1|972225740|MASALA|F|22.0|ZAMBIA UNIVERSITY INFORMATION DIPLOMA 3 YEARS NEW|17400.0|2025|APPROVED
NCC-CDF-SKL-02468|KABUSHI|MUTOYA QUEEN|400439/24/1|979210442|MUKUBA|F|19.0|ZAMBIA UNIVERSITY COMPUTER HARDWARE CERTIFICATE 3 MONTHS NEW|5800.0|2025|APPROVED
NCC-CDF-SKL-02469|KABUSHI|SIAME SHALOM|640986/61/1|962061221|MUKUBA|M|19.0|ZAMBIA UNIVERSITY COMPUTER HARDWARE CERTIFICATE 3 MONTHS NEW|5800.0|2025|APPROVED
NCC-CDF-SKL-02470|KABUSHI|TAMARA KASONGO|543586/61/1|968801797|MUKUBA|F|27.0|ZAMBIA UNIVERSITY DIPLOMA DIPLOMA 3 YEARS NEW|16400.0|2025|APPROVED
NCC-CDF-SKL-02471|KABUSHI|KATATI JEFF|617958/61/1|962307037|MUKUBA|M|19.0|ZAMBIA UNIVERSITY DOMESTIC ELECTRICAL CERTIFICATE 3 MONTHS NEW|5800.0|2025|APPROVED
NCC-CDF-SKL-02472|KABUSHI|KANGWA JEDIDIAH|614672/61/1|960397878|SKYWAYS|M|20.0|ZAMBIA UNIVERSITY DIPLOMA IN DIPLOMA 3 YEARS RETURNING|17400.0|2025|APPROVED
NCC-CDF-SKL-02473|KABUSHI|LISA NGULUBE|637675/61/1|967923135|MASALA|F|18.0|ZESCO TRAINING OVERHEAD LINES CERTIFICATE 2 YEARS NEW|17325.0|2025|APPROVED
NCC-CDF-SKL-02474|KABUSHI|SONIWE MUTATI|638553/61/1|967923135|MASALA|F|19.0|ZESCO TRAINING OVERHEAD LINES CERTIFICATE 2 YEARS NEW|17325.0|2025|APPROVED
NCC-CDF-SKL-02475|KABUSHI|KAMPONJE JEAN|554552/61/1|976574324|MUKUBA|F|23.0|ZESCO TRAINING OVERHEAD LINES CERTIFICATE 2 YEARS NEW|17325.0|2025|APPROVED
NCC-CDF-SKL-02476|KABUSHI|SHAMBONE OMEGA|806939/52/1|772374461|MUKUBA|M|20.0|ZESCO TRAINING OVERHEAD LINES CERTIFICATE 2 YEARS NEW|17325.0|2025|APPROVED
