empowerment_id|constituency|funding_type|group_or_applicant_name|group_category|registration_no|ward|contact_person|business_venture_type|economic_sector|amount_approved_zmw|allocation_year|approval_status
NCC-CDF-EMP-0001|NDOLA CENTRAL|GRANT|KAMA TENT CLUB|15020|DAG|PBEILRIASON N|N09O6#4789756|AGRICULTURE|A M O U 1N8T,0 00.00|1.0|2025|APPROVED
NCC-CDF-EMP-0002|NDOLA CENTRAL|GRANT|MWEKERA SOURCE MULTI-PURPOSE|420200077862|DAG|MSIKAOKHW ANYAASINLGELAE|0978873170|AGRICULTURE|18,000.00|18000.0|2025|APPROVED
NCC-CDF-EMP-0003|NDOLA CENTRAL|GRANT|CMOISOAPKEAR AATGIRVIEC SUOLCTIUERTAYL L CIMOIOTPEEDRATIVE|420050013367|DAG|NGOMA ACKIM|0979271047|AGRICULTURE|18,000.00|18000.0|2025|APPROVED
NCC-CDF-EMP-0004|NDOLA CENTRAL|GRANT|SDOOCLIAE THYIL LLI MSAITLEODON & BARBER SERVICES|16032|DAG|SOOLNIVKIAA NCIHISHIBA|0769575508|TRADE|20,000.00|20000.0|2025|APPROVED
NCC-CDF-EMP-0005|NDOLA CENTRAL|GRANT|DOLA HILL ZONE II POULTRY|16033|DAG|BETTY MUCHIMBA|0974794480|AGRICULTURE|20,000.00|20000.0|2025|APPROVED
NCC-CDF-EMP-0006|NDOLA CENTRAL|GRANT|WONDERS BUSINESS ARISE SERVICES|16036|DAG|KAREB MUMBA|0773274820|TRADE|20,000.00|20000.0|2025|APPROVED
NCC-CDF-EMP-0007|NDOLA CENTRAL|GRANT|DOLA HILL RESIDENT ASSOCIATION|16034|DAG|ENG.NZWALO|0962146428|LIVESTOCK|25,000.00|25000.0|2025|APPROVED
NCC-CDF-EMP-0008|NDOLA CENTRAL|GRANT|DOLA HILL MICRO CREDIT & FARMING|16035|DAG|SEILKIPAHLAUSZ WMEUMBA|772486816|FINANCE|20,000.00|20000.0|2025|APPROVED
NCC-CDF-EMP-0009|NDOLA CENTRAL|GRANT|ESTNETPEPREPS. MULTI PURPOSE|42023009384|KANINI|BEN SWALI|0976268115|LIVESTOCK|40,000.00|40000.0|2025|APPROVED
NCC-CDF-EMP-0010|NDOLA CENTRAL|GRANT|KABAN MPC|15028|KANINI|JANUARY BANDA|0968272671|LIVESTOCK|40,000.00|40000.0|2025|APPROVED
NCC-CDF-EMP-0011|NDOLA CENTRAL|GRANT|PETER SINGOGO MARKETEERS|15533|KANINI|CHISANGA YVONNE|0967621942|LIVESTOCK|18,000.00|18000.0|2025|APPROVED
NCC-CDF-EMP-0012|NDOLA CENTRAL|GRANT|CFAOVOOPERR GAOTLIVF EVIEW COOPERATIVE|15335|KANINI|MUSONDA GWEN|0969047663|AGRICULTURE|18,000.00|18000.0|2025|APPROVED
NCC-CDF-EMP-0013|NDOLA CENTRAL|GRANT|ZAMLEAF COOPERATIVE|15332|KANINI|PETER MECHA|0966728680|FINANCE|18,000.00|18000.0|2025|APPROVED
NCC-CDF-EMP-0014|NDOLA CENTRAL|GRANT|TWIZA GENERAL DEALEERS|15081|KANINI|CLARA MOFYA|0964112771|AGRICULTURE|18,000.00|18000.0|2025|APPROVED
NCC-CDF-EMP-0015|NDOLA CENTRAL|GRANT|CHINTELEWE COOPERATIVE|15485|KANINI|SAMUKONSA|0978044717|LIVESTOCK|18,000.00|18000.0|2025|APPROVED
NCC-CDF-EMP-0016|NDOLA CENTRAL|GRANT|INSHIMBI YOUTH CLUB|15473|KANINI|NKGATAEMMBBOO ISRAEL|0974075721|FINANCE|18,000.00|18000.0|2025|APPROVED
NCC-CDF-EMP-0017|NDOLA CENTRAL|GRANT|TWATASHA WOMEN CLUB|ORS/102/27/1152|KANINI|AZEDI MBAZIMA|0963300338|TRADE|18,000.00|18000.0|2025|APPROVED
NCC-CDF-EMP-0018|NDOLA CENTRAL|GRANT|ACIVERS WOMEN CLUB|15475|KANINI|IDAH CHALIPA|0977215379|LIVESTOCK|18,000.00|18000.0|2025|APPROVED
NCC-CDF-EMP-0019|NDOLA CENTRAL|GRANT|ROAD TO SUCCESS MPC|155528|KANINI|FRIDAH LISULO|0969317241|LIVESTOCK|18,000.00|18000.0|2025|APPROVED
NCC-CDF-EMP-0020|NDOLA CENTRAL|GRANT|TIO & MABUYA WOMEN CLUB|15546|KANINI|PLIPA C. PENESHI|0967723400|LIVESTOCK|18,000.00|18000.0|2025|APPROVED
NCC-CDF-EMP-0021|NDOLA CENTRAL|GRANT|MALAIKA YOUTH CLUB|15583|KANINI|MBEWE M JOSEPH|0777840489|LIVESTOCK|18,000.00|18000.0|2025|APPROVED
NCC-CDF-EMP-0022|NDOLA CENTRAL|GRANT|NDOLA CENTRAL A|15585|KANINI|MULENGA SONGO|077874684|LIVESTOCK|35,000.00|35000.0|2025|APPROVED
NCC-CDF-EMP-0023|NDOLA CENTRAL|GRANT|HILLCREST RISE WOMEN CLUB|4373|KANINI|LUTANGU YVONNE|0967438335|LIVESTOCK|15,000.00|15000.0|2025|APPROVED
NCC-CDF-EMP-0024|NDOLA CENTRAL|GRANT|SHALOM MPC|16657|KANINI|CHANDA BWALYA|0962538622|LIVESTOCK|15,000.00|15000.0|2025|APPROVED
NCC-CDF-EMP-0025|NDOLA CENTRAL|GRANT|MADIMBA MPC|1387|KANINI|SAMUEL CHITIYA|770208810|LIVESTOCK|15,000.00|15000.0|2025|APPROVED
NCC-CDF-EMP-0026|NDOLA CENTRAL|GRANT|UNIVERSE MPC|1652|KANINI|AMOS JAMU|0964442248|LIVESTOCK|15,000.00|15000.0|2025|APPROVED
NCC-CDF-EMP-0027|NDOLA CENTRAL|GRANT|TRINITY|1394|KANINI|ANNIE CHIKOPELA|0979394385|LIVESTOCK|15,000.00|15000.0|2025|APPROVED
NCC-CDF-EMP-0028|NDOLA CENTRAL|GRANT|CONFIDENCE MPC|16676|KANINI|AURED ZULU|0978597980|LIVESTOCK|15,000.00|15000.0|2025|APPROVED
NCC-CDF-EMP-0029|NDOLA CENTRAL|GRANT|CHIPENGO MPC|16663|KANINI|KASARO ZINTHAMBO|0969014694|LIVESTOCK|15,000.00|15000.0|2025|APPROVED
NCC-CDF-EMP-0030|NDOLA CENTRAL|GRANT|TUGWIKIZANE MPC|4250|KANINI|LOVENESS MUKUKA|0766286682|LIVESTOCK|15,000.00|15000.0|2025|APPROVED
NCC-CDF-EMP-0031|NDOLA CENTRAL|GRANT|GOLDEN WHITE MPC|16654|KANINI|F.CHALWE|0970455539|LIVESTOCK|15,000.00|15000.0|2025|APPROVED
NCC-CDF-EMP-0032|NDOLA CENTRAL|GRANT|MWENGO MPC|4412|KANINI|ROSE KATENE|0977457596|LIVESTOCK|15,000.00|15000.0|2025|APPROVED
NCC-CDF-EMP-0033|NDOLA CENTRAL|GRANT|ALUBWE CLUB|1630|KANINI|MWANSA KUNDA|0970099017|LIVESTOCK|15,000.00|15000.0|2025|APPROVED
NCC-CDF-EMP-0034|NDOLA CENTRAL|GRANT|JUDARIA MPC|4372|KANINI|HOPE KOSA|0964424360|LIVESTOCK|15,000.00|15000.0|2025|APPROVED
NCC-CDF-EMP-0035|NDOLA CENTRAL|GRANT|GRAFLO CLUB|15242|KANINI|MILAMBO MIYOBA|0976969090|LIVESTOCK|20,000.00|20000.0|2025|APPROVED
NCC-CDF-EMP-0036|NDOLA CENTRAL|GRANT|HAMUBWATU FARMS|32022004922|KANINI|Dr MAKINDA|0966800511|LIVESTOCK|20,000.00|20000.0|2025|APPROVED
NCC-CDF-EMP-0037|NDOLA CENTRAL|GRANT|NEW BEGINNINGS WOMAN CLUB|0882|KANSENSHI|AGNESS KAHENDA|977282027|LIVESTOCK|15,000.00|15000.0|2025|APPROVED
NCC-CDF-EMP-0038|NDOLA CENTRAL|GRANT|KASENSHI COMMUNITY BUSINESS CLUB|3301|KANSENSHI|CHANDA ANGELA|0972887891|LIVESTOCK|40,000.00|40000.0|2025|APPROVED
NCC-CDF-EMP-0039|NDOLA CENTRAL|GRANT|FEATHERS POULTRY YOUTH CLUB|03684|KANSENSHI|NIKIWE MULIMBA|0974553032|LIVESTOCK|18,000.00|18000.0|2025|APPROVED
NCC-CDF-EMP-0040|NDOLA CENTRAL|GRANT|TWATEMWA CLUB|0967|KANSENSHI|CHAMBAILA MARVIS|0974716934|LIVESTOCK|18,000.00|18000.0|2025|APPROVED
NCC-CDF-EMP-0041|NDOLA CENTRAL|GRANT|TEMWANI MULTI-PURPOSE COOPERATIVE|15091|KANSENSHI|NANCY MWAMBA|0977756674|LIVESTOCK|18,000.00|18000.0|2025|APPROVED
NCC-CDF-EMP-0042|NDOLA CENTRAL|GRANT|ZAMBIA LUNCH HOUR CHRISTIAN|ORS/102/35/1025|KANSENSHI|MLEUSLAE ANNGNAY|0965768797|LIVESTOCK|20,000.00|20000.0|2025|APPROVED
NCC-CDF-EMP-0043|NDOLA CENTRAL|GRANT|FMEALRLKOEWTS SHUIPR VAESSYO MCUIALTTI-OPNU RLPIMOISTEE CDO-|42023014062|KANSENSHI|CDHAIVPIAESSH KAATEULE|0964683748|LIVESTOCK|18,000.00|18000.0|2025|APPROVED
NCC-CDF-EMP-0044|NDOLA CENTRAL|GRANT|OCOPEMRMAUTINVIET YS OYCOIUETTYH LCILMUIBTED|0005417|KANSENSHI|JOSIA CHIMENA|0978759606|LIVESTOCK|15,000.00|15000.0|2025|APPROVED
NCC-CDF-EMP-0045|NDOLA CENTRAL|GRANT|TULONGA COOPERATIVE|0955|KANSENSHI|PATRICIA|0964014733|LIVESTOCK|18,000.00|18000.0|2025|APPROVED
NCC-CDF-EMP-0046|NDOLA CENTRAL|GRANT|FUSION SAVERS COOPERATIVE|1722|KANSENSHI|GRACE PHIRI|0964185450|FINANCIAL|18,000.00|18000.0|2025|APPROVED
NCC-CDF-EMP-0047|NDOLA CENTRAL|GRANT|FIPELWA NA LESA|15114|KANSENSHI|KAPYA NKOLE|0965241154|SCEOCNTSOTRRUCTIO|18,000.00|18000.0|2025|APPROVED
NCC-CDF-EMP-0048|NDOLA CENTRAL|GRANT|DESTINY MULTI PURPOSE COOPERATIVE|15092|KANSENSHI|CVHERROISNTIECLA MULEYA|0967147024|NLIVESTOCK|18,000.00|18000.0|2025|APPROVED
NCC-CDF-EMP-0049|NDOLA CENTRAL|GRANT|NSANSA MULTI-PURPOSE CO-OPERATIVE|15087|KANSENSHI|LUCKY PHIRI|0967145695|LIVESTOCK|15,000.00|15000.0|2025|APPROVED
NCC-CDF-EMP-0050|NDOLA CENTRAL|GRANT|KANAGAPE MULTI-PURPOSE CO-OPERATIVE|42023014286|KANSENSHI|MUBUMBO|0967536994|LIVESTOCK|15,000.00|15000.0|2025|APPROVED
NCC-CDF-EMP-0051|NDOLA CENTRAL|GRANT|SKOACSIEENTSYH LI ISMDIAT ECDHURCH YOUTH GROUP|15280|KANSENSHI|CSUHWILIELSOH MEULAMBYA|0961982990|LIVESTOCK|18,000.00|18000.0|2025|APPROVED
NCC-CDF-EMP-0052|NDOLA CENTRAL|GRANT|NDOLA MULTIPURPOSE BUSINESS CLUB|1486|KANSENSHI|SANTE KASONGO|0961916083|LIVESTOCK|24,000.00|24000.0|2025|APPROVED
NCC-CDF-EMP-0053|NDOLA CENTRAL|GRANT|AGRICULTURE INFRASTRATURE SUPPORT|15149|MAPALO|PHIRI EMMANUEL|0978520805|LIVESTOCK|20,000.00|20000.0|2025|APPROVED
NCC-CDF-EMP-0054|NDOLA CENTRAL|GRANT|PCRHOIKGORNADMI MULTI-PURPOSE COOPERATIVE|15216|MAPALO|EDINA CHITYAKA|0973365533|AGRICULTURE|18,000.00|18000.0|2025|APPROVED
NCC-CDF-EMP-0055|NDOLA CENTRAL|GRANT|LIFE IS GOOD COORPARATIVE|0706|MAPALO|MUSONDA|0970415382|FINANCE|20,000.00|20000.0|2025|APPROVED
NCC-CDF-EMP-0056|NDOLA CENTRAL|GRANT|SENSELENI WOMEN CO-OPERATIVE CLUB|15076|MAPALO|CMHBIASALEN GDAAINESS|0760944743|AGRICULTURE|18,000.00|18000.0|2025|APPROVED
NCC-CDF-EMP-0057|NDOLA CENTRAL|GRANT|CHIPULUKUSU DIVINE PERSONS WITH|4621|MAPALO|EVARLYN MWELWA|0962059824|LIVESTOCK|18,000.00|18000.0|2025|APPROVED
NCC-CDF-EMP-0058|NDOLA CENTRAL|GRANT|DSIILSEANBTIL IMTYOVERS||MAPALO||||15,000.00|15000.0|2025|APPROVED
NCC-CDF-EMP-0059|NDOLA CENTRAL|GRANT|MORNING STAR YOUTH|4937|MAPALO|DEMA MWANSA|0966683216|LIVESTOCK|15,000.00|15000.0|2025|APPROVED
NCC-CDF-EMP-0060|NDOLA CENTRAL|GRANT|KUNDA TIMBER CLUB|16687|MAPALO|JUSTINE KUNDA|0965435540|FORESTRY|30,000.00|30000.0|2025|APPROVED
NCC-CDF-EMP-0061|NDOLA CENTRAL|GRANT|MULITI FUNCTIONAL CENTER|132150|MAPALO|Sr Patricia Mwewa|0966617003|LIVESTOCK|18,000.00|18000.0|2025|APPROVED
NCC-CDF-EMP-0062|NDOLA CENTRAL|GRANT|ATYALA MPC|0828|MAPALO|DONALD ZIMBA|0965883235|LIVESTOCK|20,000.00|20000.0|2025|APPROVED
NCC-CDF-EMP-0063|NDOLA CENTRAL|GRANT|LIGHT-VISION MULTI-PURPOSE CO-|0968281844|MAPALO|KANYIKA BRIGHTON|0968281844|LIVESTOCK|20,000.00|20000.0|2025|APPROVED
NCC-CDF-EMP-0064|NDOLA CENTRAL|GRANT|OTEPREBRAANTIAVCELE MULTI-PURPOSE|15036|NKWAZI|ELIJAH KAMUNEMA|0976415852|TRADE|30,000.00|30000.0|2025|APPROVED
NCC-CDF-EMP-0065|NDOLA CENTRAL|GRANT|DIVINE YOUTHS|0595|NKWAZI|SAMSON MUMBA|0779372313|LIVESTOCK|25,000.00|25000.0|2025|APPROVED
NCC-CDF-EMP-0066|NDOLA CENTRAL|GRANT|LUYANDO COOPERATIVE|15055|NKWAZI|EUNICE.M.MAPIYA|0962746958|LIVESTOCK|18,000.00|18000.0|2025|APPROVED
NCC-CDF-EMP-0067|NDOLA CENTRAL|GRANT|BABA ZERO ONE COOPERATIVE|15272|NKWAZI|SIAME EXTON|0961538325|LIVESTOCK|18,000.00|18000.0|2025|APPROVED
NCC-CDF-EMP-0068|NDOLA CENTRAL|GRANT|COUNCIL FARM COOPERATIVE|15341|NKWAZI|FWALANGA JULIUS|0962088479|LIVESTOCK|20,000.00|20000.0|2025|APPROVED
NCC-CDF-EMP-0069|NDOLA CENTRAL|GRANT|COGIC MULTI-PURPOSE|420220118402|NKWAZI|PATRICK TEMBO|0961747525|LIVESTOCK|20,000.00|20000.0|2025|APPROVED
NCC-CDF-EMP-0070|NDOLA CENTRAL|GRANT|TWALETWISHIKA COOPERATIVE|15277|NKWAZI|NAOMI NGUNI|0963634462|LIVESTOCK|18,000.00|18000.0|2025|APPROVED
NCC-CDF-EMP-0071|NDOLA CENTRAL|GRANT|4 WAYS COOPERATIVES|4916|NKWAZI|MONIIMELA|0964861074|LIVESTOCK|20,000.00|20000.0|2025|APPROVED
NCC-CDF-EMP-0072|NDOLA CENTRAL|GRANT|GOD IS ABLE MULTI-PURPOSE|15186|NKWAZI|JMAUCSQOUNEDLAIN GEE ORGE|0973943334|LIVESTOCK|20,000.00|20000.0|2025|APPROVED
NCC-CDF-EMP-0073|NDOLA CENTRAL|GRANT|ALUMBWE MULTI-PURPOSE|15282|NKWAZI|LYDIA MALAMBO|0977474725|LIVESTOCK|18,000.00|18000.0|2025|APPROVED
NCC-CDF-EMP-0074|NDOLA CENTRAL|GRANT|GOING FORWARD COOPERATIVE|15285|NKWAZI|FLORENCE|0964212897|TRADE|18,000.00|18000.0|2025|APPROVED
NCC-CDF-EMP-0075|NDOLA CENTRAL|GRANT|GREAT KITCHEN COOPERATIVE|15271|NKWAZI|KNAATMEWNIGLAA|0768384820|FINANCE|30,000.00|30000.0|2025|APPROVED
NCC-CDF-EMP-0076|NDOLA CENTRAL|GRANT|GOLDEN KEY MPC|15572|NKWAZI|JVOICSETPOHRIINAE B WALYA|972971818||20,000.00|20000.0|2025|APPROVED
NCC-CDF-EMP-0077|NDOLA CENTRAL|GRANT|RIVER MULTI-PURPOSE|15545|NKWAZI|MAINES CHIBUYE|0977374294|AGRICULTURE|18,000.00|18000.0|2025|APPROVED
NCC-CDF-EMP-0078|NDOLA CENTRAL|GRANT|CONQUERS MPC|4.20222E+12|NKWAZI|FRANCIS MUYAWO|0972943455|AGRICULTURE|18,000.00|18000.0|2025|APPROVED
NCC-CDF-EMP-0079|NDOLA CENTRAL|GRANT|BUTEMWE WOMENS CLUB|15339|NKWAZI|AGATHA KAINGU|0962200464||30,000.00|30000.0|2025|APPROVED
NCC-CDF-EMP-0080|NDOLA CENTRAL|GRANT|ST DOCAS LIFE RESTORATION|15286|NKWAZI|JOSPHINE MAKONGA|07648521||18,000.00|18000.0|2025|APPROVED
NCC-CDF-EMP-0081|NDOLA CENTRAL|GRANT|UNITED DEVELOPMENT DISABILITY|ZAPD0019|NKWAZI|CHABU PETER|0976064970||18,000.00|18000.0|2025|APPROVED
NCC-CDF-EMP-0082|NDOLA CENTRAL|GRANT|ASTS.S AOGCAIATTHIAO NWOMEN'S CLUB|0754|TWAPIA|NGOMA CHRISTINA|0776796086|POULTRY|10,000.00|10000.0|2025|APPROVED
NCC-CDF-EMP-0083|NDOLA CENTRAL|GRANT|ST. MARY IMMACULATE CLUB|0826|TWAPIA|CATHERINE|0965975618|POULTRY|10,000.00|10000.0|2025|APPROVED
NCC-CDF-EMP-0084|NDOLA CENTRAL|GRANT|ST. MARYS WOMEN'S CLUB|0913|TWAPIA|CCHHAEWNDEA GRACE|0777803876|POULTRY|10,000.00|10000.0|2025|APPROVED
NCC-CDF-EMP-0085|NDOLA CENTRAL|GRANT|GOD OF MERCY WOMEN'S CLUB|0836|TWAPIA|MULENGA GLORIA|0779470025|POULTRY|10,000.00|10000.0|2025|APPROVED
NCC-CDF-EMP-0086|NDOLA CENTRAL|GRANT|ST. JOSEPH CHRISTIAN WORKER'S WOMEN'S|0932|TWAPIA|CAHSTARNIDDAAH MPALA|0763869578|POULTRY|10,000.00|10000.0|2025|APPROVED
NCC-CDF-EMP-0087|NDOLA CENTRAL|GRANT|CSTL.U MBATHEWS WOMEN'S CLUB|0951|TWAPIA|MWANSA G.|0964823182|POULTRY|10,000.00|10000.0|2025|APPROVED
NCC-CDF-EMP-0088|NDOLA CENTRAL|GRANT|CATHOLICS WOMENS ORGANISATION|0935|TWAPIA|BEATRICE MUMBI|0979237294|POULTRY|10,000.00|10000.0|2025|APPROVED
NCC-CDF-EMP-0089|NDOLA CENTRAL|GRANT|TSTW. ATHPIEAR CELSUAB TWO|0924|TWAPIA|JOYCE CHANDA|0779588110|POULTRY|10,000.00|10000.0|2025|APPROVED
NCC-CDF-EMP-0090|NDOLA CENTRAL|GRANT|ST. DOMINIC WOMEN'S CLUB|0763|TWAPIA|GRENDER S.|0969121453|POULTRY|10,000.00|10000.0|2025|APPROVED
NCC-CDF-EMP-0091|NDOLA CENTRAL|GRANT|NATUTEKA MULTTI-PURPOSE CO-|42024022000|TWAPIA|RODGERS|0961027376|POULTRY|10,000.00|10000.0|2025|APPROVED
NCC-CDF-EMP-0092|NDOLA CENTRAL|GRANT|OSTP.E MRIACTHIVAEEL TWO (2)|0936|TWAPIA|MCHUIHLEASNHDEU P.|0760285433|POULTRY|10,000.00|10000.0|2025|APPROVED
NCC-CDF-EMP-0093|NDOLA CENTRAL|GRANT|ST. FRANCIS TWO WOMEN'S CLUB|0940|TWAPIA|JUDITH SHIMASOWA|0965969680|POULTRY|10,000.00|10000.0|2025|APPROVED
NCC-CDF-EMP-0094|NDOLA CENTRAL|GRANT|ST. CECILIA OF TWAPIA WOMEN'S CLUB|0942|TWAPIA|MULENGA GRACE|0969902328|POULTRY|10,000.00|10000.0|2025|APPROVED
NCC-CDF-EMP-0095|NDOLA CENTRAL|GRANT|ST. ANNIE GROUP FOUR (04) WOMEN'S CLUB|0930|TWAPIA|NWACHANGA|0768118808|POULTRY|10,000.00|10000.0|2025|APPROVED
NCC-CDF-EMP-0096|NDOLA CENTRAL|GRANT|ST. DON BOSCO WOMEN'S CLUB|0934|TWAPIA|BBEEARNTRAIDCEETTE|0962890789|POULTRY|10,000.00|10000.0|2025|APPROVED
NCC-CDF-EMP-0097|NDOLA CENTRAL|GRANT|ST. STEPHEN DEACON CHOIR WOMEN'S|0910|TWAPIA|MANWGEELLWAA MUSONDA|0977198310|POULTRY|10,000.00|10000.0|2025|APPROVED
NCC-CDF-EMP-0098|NDOLA CENTRAL|GRANT|CSTL.U BBONAVENTURE WOMEN'S CLUB|0948|TWAPIA|MMU. SOWA C. M|0772444044|POULTRY|10,000.00|10000.0|2025|APPROVED
NCC-CDF-EMP-0099|NDOLA CENTRAL|GRANT|ST. DOMINIC TWO CLUB|0962|TWAPIA|JOYCE M. CHITALU|0967519248|POULTRY|10,000.00|10000.0|2025|APPROVED
NCC-CDF-EMP-0100|NDOLA CENTRAL|GRANT|ST. JOSEPH GROUP ONE|0950|TWAPIA|BELINDA MWANSA|0961981915|POULTRY|10,000.00|10000.0|2025|APPROVED
NCC-CDF-EMP-0101|NDOLA CENTRAL|GRANT|ST.FRANCIS (3) WOMEN'S CLUB|0959|TWAPIA|ASTRIDA MULENGA|0967360104|POULTRY|10,000.00|10000.0|2025|APPROVED
NCC-CDF-EMP-0102|NDOLA CENTRAL|GRANT|BISHOP DENNIS DE JONG|0912|TWAPIA|BETTY MUPETA|0964224395|POULTRY|10,000.00|10000.0|2025|APPROVED
NCC-CDF-EMP-0103|NDOLA CENTRAL|GRANT|ST.DOMINIC GROUP FOUR WOMEN CLUB|0762|TWAPIA|BANDA GEZILE|0964897633|POULTRY|10,000.00|10000.0|2025|APPROVED
NCC-CDF-EMP-0104|NDOLA CENTRAL|GRANT|TWAPIA RISE AGAIN YOUTH COOPERATIVE|4148|TWAPIA|DANIEL MULENGA|0764238587|POULTRY|10,000.00|10000.0|2025|APPROVED
NCC-CDF-EMP-0105|NDOLA CENTRAL|GRANT|COME WOMEN OF TWAPIA|0848|TWAPIA|NYONI GRACE|0964667444|FINANCE|10,000.00|10000.0|2025|APPROVED
NCC-CDF-EMP-0106|NDOLA CENTRAL|GRANT|VISHALA WOMENS CLUB|0794|TWAPIA|BRIDGET FOLOSHI|0760874144|FINANCE|10,000.00|10000.0|2025|APPROVED
NCC-CDF-EMP-0107|NDOLA CENTRAL|GRANT|TUBOMBELE PAMO MULTI-PURPOSE CLUB|0833|TWAPIA|JOSEPH VWALIKA|0763922560|FINANCE|10,000.00|10000.0|2025|APPROVED
NCC-CDF-EMP-0108|NDOLA CENTRAL|GRANT|TOGETHER WE CAN MULTI-PURPOSE|0805|TWAPIA|ESTROL MELEKI|768404240|FINANCE|10,000.00|10000.0|2025|APPROVED
NCC-CDF-EMP-0109|NDOLA CENTRAL|GRANT|CROIVOEPRE BRAANTIKV EENTERPRISE CLUB|0816|TWAPIA|LAWRENCE|0964637490|POULTRY|10,000.00|10000.0|2025|APPROVED
NCC-CDF-EMP-0110|NDOLA CENTRAL|GRANT|LIONESS OF OLD TWAPIA|0849|TWAPIA|BJUWSATILNYAA MWEWA|0967804499|FINANCE|10,000.00|10000.0|2025|APPROVED
NCC-CDF-EMP-0111|NDOLA CENTRAL|GRANT|TAFIMBWA LUBILO|0902|TWAPIA|ALBINAL|0964777282|FINANCE|10,000.00|10000.0|2025|APPROVED
NCC-CDF-EMP-0112|NDOLA CENTRAL|GRANT|MWAISENI BUSINESSMEN ASSOCIATION|0810|TWAPIA|MCHUINPOGTUAB WJ.ME|0978436855|FINANCE|10,000.00|10000.0|2025|APPROVED
NCC-CDF-EMP-0113|NDOLA CENTRAL|GRANT|SUNGANENI WOMENS CLUB|0819|TWAPIA|DUNIA SUDI|0966438836|FINANCE|10,000.00|10000.0|2025|APPROVED
NCC-CDF-EMP-0114|NDOLA CENTRAL|GRANT|TEAM WORK MULTI-PURPOSE|0832|TWAPIA|KHONDOWE MAJOR|0977921692|FINANCE|10,000.00|10000.0|2025|APPROVED
NCC-CDF-EMP-0115|NDOLA CENTRAL|GRANT|INSANSA CHABONSE WOMENS CLUB|0995|TWAPIA|NIVIA S|0776122832|FINANCE|10,000.00|10000.0|2025|APPROVED
NCC-CDF-EMP-0116|NDOLA CENTRAL|GRANT|MERVIDI WISE WOMENS CLUB|0808|TWAPIA|CHRISTINE MWALE|0761448727|FINANCE|10,000.00|10000.0|2025|APPROVED
NCC-CDF-EMP-0117|NDOLA CENTRAL|GRANT|KADENJA EVERISING MULTI-PURPOSE CO-|0977|TWAPIA|MARY MAKOBA|0960976407|POULTRY|10,000.00|10000.0|2025|APPROVED
NCC-CDF-EMP-0118|NDOLA CENTRAL|GRANT|ODPIMERERACTIIVA EWOMENS CLUB|4627|TWAPIA|JULIET NAYAME|0972442457|POULTRY|10,000.00|10000.0|2025|APPROVED
NCC-CDF-EMP-0119|NDOLA CENTRAL|GRANT|LIGHTMOON MULTI-PURPOSE CO-|420220100324|TWAPIA|JOHN NGWILA|0978182938|TRADE AND|10,000.00|10000.0|2025|APPROVED
NCC-CDF-EMP-0120|NDOLA CENTRAL|GRANT|OMPWEARIASTEINVIE MULTI-PURPOSE CO-OPERATIVE|a|TWAPIA|ROBERT|0962070903|CFIONMAMNCEERCY|10,000.00|10000.0|2025|APPROVED
NCC-CDF-EMP-0121|NDOLA CENTRAL|GRANT|SARA'S WOMEN COMBINED CLUB|0900|TWAPIA|KMAASRHTIHMAO CTOHOLA|0962673243|POULTRY|10,000.00|10000.0|2025|APPROVED
NCC-CDF-EMP-0122|NDOLA CENTRAL|GRANT|TWAPIA WORKING HANDS YOUTH CLUB|0718|TWAPIA|RABECCA MULENGA|0977401436|POULTRY|10,000.00|10000.0|2025|APPROVED
NCC-CDF-EMP-0123|NDOLA CENTRAL|GRANT|TWENDELE CHAPAMO MULTI-PURPOSE CO-|0589|TWAPIA|BEAUTY NAKAMBA|0971707187|FINANCE|10,000.00|10000.0|2025|APPROVED
NCC-CDF-EMP-0124|NDOLA CENTRAL|GRANT|OLUPETRHARTAINV EMULTI-PURPOSE COOPERRATIVE|0802|TWAPIA|ANTHONY MANDEFU|0968651079|LIVESTOCK|10,000.00|10000.0|2025|APPROVED
NCC-CDF-EMP-0125|NDOLA CENTRAL|GRANT|CHISULO WOMEN COOPERATIVE|1718|TWAPIA|RUTH LUNGU|0962728058|LIVESTOCK|10,000.00|10000.0|2025|APPROVED
NCC-CDF-EMP-0126|NDOLA CENTRAL|GRANT|KAMAMBA MULTI-PURPOSE CO|15139|YENGWE|DAVID KAMAMBA|978357992|LIVESTOCK|20,000.00|20000.0|2025|APPROVED
NCC-CDF-EMP-0127|NDOLA CENTRAL|GRANT|FULAULO POULTRY BUSINESS|320241014089|YENGWE|CATHERINE KABAYE|0977146718|LIVESTOCK|18,000.00|18000.0|2025|APPROVED
NCC-CDF-EMP-0128|NDOLA CENTRAL|GRANT|WAKABI WOMEN'S COOPERATIVE|15100|YENGWE|VIVIAN PHIRI|0955885124|LIVESTOCK|20,000.00|20000.0|2025|APPROVED
NCC-CDF-EMP-0129|NDOLA CENTRAL|GRANT|FAVOR MPC|55614|YENGWE|NASILELE LUCE|0974502018|LIVESTOCK|28,000.00|28000.0|2025|APPROVED
NCC-CDF-EMP-0130|NDOLA CENTRAL|GRANT|JEHOVAH RAPHA WOMENIS CLUB|0594|YENGWE|EVELYN M CHIPEPO|0974474930|LIVESTOCK|15,000.00|15000.0|2025|APPROVED
NCC-CDF-EMP-0131|NDOLA CENTRAL|GRANT|TWIBUKISHENIKO COOPERATIVE|0598|YENGWE|FRANK TEMBO|0969855704|MANUFACTURE|20,000.00|20000.0|2025|APPROVED
NCC-CDF-EMP-0132|NDOLA CENTRAL|GRANT|KANGERE YOUNG WOMEN CLUB|15101|YENGWE|CYNTHIA MWANSA|0978540676|MANUFACTURE|15,000.00|15000.0|2025|APPROVED
NCC-CDF-EMP-0133|NDOLA CENTRAL|GRANT|LE ROUGE GENERAL DEALERS|155982|YENGWE|THANDIWE|0966788425|SERVICE|18,000.00|18000.0|2025|APPROVED
NCC-CDF-EMP-0134|NDOLA CENTRAL|GRANT|MAPANZA MULTI-PURPOSE CO|15043|YENGWE|MMUALNUTNANGGA AM ARY|0976891878|DLIEVLEIVSTEORCYK|15,000.00|15000.0|2025|APPROVED
NCC-CDF-EMP-0135|NDOLA CENTRAL|GRANT|FILI EKO TULEYA COOPERATIVE|15105|YENGWE|KMAPLUUNWDUA|0962198874|LIVESTOCK|15,000.00|15000.0|2025|APPROVED
NCC-CDF-EMP-0136|NDOLA CENTRAL|GRANT|LUSEKELO B COOPERATIVE|0801|YENGWE|PSAETMRSOONNE NLLGAU LUBE|0979036756|FINANCE|18,000.00|18000.0|2025|APPROVED
NCC-CDF-EMP-0137|NDOLA CENTRAL|GRANT|KOZO NORTHRISE WOMEN'S COOP|4351|YENGWE|KAALA|0977316152|LIVESTOCK|18,000.00|18000.0|2025|APPROVED
NCC-CDF-EMP-0138|NDOLA CENTRAL|GRANT|THE PERFECT MIX MULTI-PURPOSE|0728|YENGWE|NBRAIMDAGNE GNOGLOWSAA|0978496270|LIVESTOCK|40,000.00|40000.0|2025|APPROVED
NCC-CDF-EMP-0139|NDOLA CENTRAL|GRANT|LUSEKELO A COOPERATIVE|0800|YENGWE|IREEN MITI|0976373018|FINANCE|18,000.00|18000.0|2025|APPROVED
NCC-CDF-EMP-0140|NDOLA CENTRAL|GRANT|FWAYENI WOMEN'S CLUB|1595|YENGWE|SOFIA CHANDA|0963981537|LIVESTOCK|15,000.00|15000.0|2025|APPROVED
NCC-CDF-EMP-0141|NDOLA CENTRAL|GRANT|CUT ME COOPERATIVE|15117|YENGWE|RCIHARD ZIMBA|0979599505|TRADE|15,000.00|15000.0|2025|APPROVED
NCC-CDF-EMP-0142|NDOLA CENTRAL|GRANT|GRACE WOMEN'S CLUB|0580|YENGWE|LOVENESS|0979430536|LIVESTOCK|15,000.00|15000.0|2025|APPROVED
NCC-CDF-EMP-0143|NDOLA CENTRAL|GRANT|OUR DESTINY MULTI-PURPOSE|420220110819|YENGWE|MHAURLREINEGTA M WANAMW|A09L6Y5E5 32715|LIVESTOCK|18,000.00|18000.0|2025|APPROVED
NCC-CDF-EMP-0144|NDOLA CENTRAL|GRANT|DEMMA COOPERATIVE|2048|YENGWE|DEOPHISTER CHIKWA|N09D6A16 74342|LIVESTOCK|15,000.00|15000.0|2025|APPROVED
NCC-CDF-EMP-0145|NDOLA CENTRAL|GRANT|TREXLINK MULIT-PURPOSE|420210087810|YENGWE|MAUREEN PHIRI|0977867962|LIVESTOCK|15,000.00|15000.0|2025|APPROVED
NCC-CDF-EMP-0146|NDOLA CENTRAL|GRANT|DOUBLE EMPIRE INVESTMENTS|120241002755|YENGWE|LUCY NGULUWE|0979745593|FINANCE|40,000.00|40000.0|2025|APPROVED
NCC-CDF-EMP-0147|NDOLA CENTRAL|GRANT|KWASHA MUKWENU MULTI-PURPOSE|55612|YENGWE|HENRY SUMAILI|0972730859|AGRICULTURE|40,000.00|40000.0|2025|APPROVED
NCC-CDF-EMP-0148|BWANA MKUBWA|GRANT|MUTIWANSALA CLUB|NDOLA CITY COUNCIL|517|CHICHELE|SARAH PHIRI|CHICKEN REARING|LIVESTOCK|21112.63|2025|APPROVED
NCC-CDF-EMP-0149|BWANA MKUBWA|GRANT|GOSPEL CHICHELE WOMEN|NDOLA CITY COUNCIL|784|CHICHELE|LIDIA MFULA|CHICKEN REARING|LIVESTOCK|21112.63|2025|APPROVED
NCC-CDF-EMP-0150|BWANA MKUBWA|GRANT|TAONGA CHCHELE CLUB|NDOLA CITY COUNCIL|786|CHICHELE|KATUTA B. MWANSA|CHICKEN REARING|LIVESTOCK|21112.63|2025|APPROVED
NCC-CDF-EMP-0151|BWANA MKUBWA|GRANT|CHIBUKISHO CHICHELE CLUB|NDOLA CITY COUNCIL|787|CHICHELE|YUMBA MATHEWS|CHICKEN REARING|LIVESTOCK|21112.63|2025|APPROVED
NCC-CDF-EMP-0152|BWANA MKUBWA|GRANT|PROGRESS FOR SURVIVAL|NDOLA CITY COUNCIL|823|CHICHELE|MORRIS MATOKA|POULTRY|LIVESTOCK|21112.63|2025|APPROVED
NCC-CDF-EMP-0153|BWANA MKUBWA|GRANT|NEVER GIVE UP MULTI PURPOSE|NDOLA CITY COUNCIL|994|CHICHELE|CHALI NDALAMA|CHICKEN REARING|LIVESTOCK|21112.63|2025|APPROVED
NCC-CDF-EMP-0154|BWANA MKUBWA|GRANT|MAPALO CHICHELE MPCS|NDOLA CITY COUNCIL|15060|CHICHELE|KAWATA MEMORY|CHICKEN REARING|LIVESTOCK|21112.63|2025|APPROVED
NCC-CDF-EMP-0155|BWANA MKUBWA|GRANT|ST PATRICK MWANGE CLUB|NDOLA CITY COUNCIL|15079|CHICHELE|DANNY KIPRIOS|CHICKEN REARING|LIVESTOCK|21112.63|2025|APPROVED
NCC-CDF-EMP-0156|BWANA MKUBWA|GRANT|NYANJI MARKEETEEERS COOPERATIVE|NDOLA CITY COUNCIL|15735|CHICHELE|KAUNDA SUNDAY|POULTRY|LIVESTOCK|21112.63|2025|APPROVED
NCC-CDF-EMP-0157|BWANA MKUBWA|GRANT|GOD IS MY SHEPHERED|NDOLA CITY COUNCIL|704|ITAWA|MWANGO TOBIAS|POULTRY|LIVESTOCK|21112.63|2025|APPROVED
NCC-CDF-EMP-0158|BWANA MKUBWA|GRANT|MALASHA CHAMPIONS|NDOLA CITY COUNCIL|997|ITAWA|MUTALE LOMBE|VILLAGE BANKING|FINANCE|21112.63|2025|APPROVED
NCC-CDF-EMP-0159|BWANA MKUBWA|GRANT|TRUST COOPERATIVE UNION|NYDC|1214|ITAWA|BWASHI C MANJABILA|POULTRY|LIVESTOCK|21112.63|2025|APPROVED
NCC-CDF-EMP-0160|BWANA MKUBWA|GRANT|FIPELWA NA LESA YOUTH CLUB|LOCAL AUTHORITY|1320|ITAWA|GLADYS TEMBO|CHICKEN REARING|LIVESTOCK|21112.63|2025|APPROVED
NCC-CDF-EMP-0161|BWANA MKUBWA|GRANT|BOMBESHENI CLUB|NDOLA CITY COUNCIL|15011|ITAWA|CHARITY TSENZI|POULTRY|LIVESTOCK|21112.63|2025|APPROVED
NCC-CDF-EMP-0162|BWANA MKUBWA|GRANT|MALASHA WOMEN'S CLUB|NDOLA CITY COUNCIL|15150|ITAWA|PRECIOUS MOONO|POULTRY|LIVESTOCK|21112.63|2025|APPROVED
NCC-CDF-EMP-0163|BWANA MKUBWA|GRANT|TWESHEKO MACKENZIE WOMEN CLUB|NDOLA CITY COUNCIL|15352|ITAWA|IREEN MWANZA|POULTRY|LIVESTOCK|21112.63|2025|APPROVED
NCC-CDF-EMP-0164|BWANA MKUBWA|GRANT|IKATAUKO MULTI- PURPOSE COOPERATIVE|NDOLA CITY COUNCIL|15363|ITAWA|FRANK MWALYEGO|POULTRY|LIVESTOCK|21112.63|2025|APPROVED
NCC-CDF-EMP-0165|BWANA MKUBWA|GRANT|ITAWA DREAMS BUILDERS VENTURES CLUB|NDOLA CITY COUNCIL|16046|ITAWA|RITA PHIRI|BLOCK MAKING|CONSTRUCTION|21112.63|2025|APPROVED
NCC-CDF-EMP-0166|BWANA MKUBWA|GRANT|THE DREAM TEAM COOPERATIVE|NDOLA CITY COUNCIL|16047|ITAWA|ESTHER PALIZIRA|BLOCK MAKING|CONSTRUCTION|21112.63|2025|APPROVED
NCC-CDF-EMP-0167|BWANA MKUBWA|GRANT|MUNYAMAZI COOPERATIVE SOCIETY|REGISTRAR OF COOPERATIVES|42023014369|ITAWA|DORICA KAMEME/MISO ZI PHIRI|CHICKEN REARING|LIVESTOCK|21112.63|2025|APPROVED
NCC-CDF-EMP-0168|BWANA MKUBWA|GRANT|MUSANZALA WOMEN MULTIPURPOSE COOPERATIVE SOCIETY LTD|PACRA|42023014403|ITAWA|MABLE MUTALE/SONIL E BANDA|CHICKEN REARING|LIVESTOCK|21112.63|2025|APPROVED
NCC-CDF-EMP-0169|BWANA MKUBWA|GRANT|BRAIN BALANCE COOPERATIVE SOCIETY LTD COOPERATIVE|REGISTRAR OF COOPERATIVES|4 2 0 2 4 0 1 8 962|ITAWA|RUTH MWAMBA|CHICKEN REARING|LIVESTOCK|21112.63|2025|APPROVED
NCC-CDF-EMP-0170|BWANA MKUBWA|GRANT|JANZA KUMBELE|REGISTRAR OF SOCIETIES|42024026706|ITAWA|ANDERSON HAMBULA|CHICKEN REARING|LIVESTOCK|21112.63|2025|APPROVED
NCC-CDF-EMP-0171|BWANA MKUBWA|GRANT|FEASIBILITY ENTREPRISE|PACRA|320070138337|ITAWA|CHANDA KAPILA|WASTE MANAGEMENT|ENVIRONMENT|21112.63|2025|APPROVED
NCC-CDF-EMP-0172|BWANA MKUBWA|GRANT|ZAMBIA AGED PEOPLE ASSOCIATION|REGISTRAR OF SOCIETIES|0RS/102/27409|ITAWA|MBEWE NELSON|CHICKEN REARING|LIVESTOCK|21112.63|2025|APPROVED
NCC-CDF-EMP-0173|BWANA MKUBWA|GRANT|MWENYE STONE CLASHERS WOMEN'S CLUB|NDOLA CITY COUNCIL|1334|CHICHELE||||21112.63|2025|APPROVED
NCC-CDF-EMP-0174|BWANA MKUBWA|GRANT|DREAM TEAM COOPERATIVE|NDOLA CITY COUNCIL|16043|ITAWA|ESTER PALIZILA|BLOCK MAKING MACHINE|CONSTRUCTION|21112.63|2025|APPROVED
NCC-CDF-EMP-0175|BWANA MKUBWA|GRANT|RAIN COOPERATIVE|NDOLA CITY COUNCIL|15845|ITAWA|LILIAN NSHINDO|BLOCK MAKING|CONSTRUCTION|21112.63|2025|APPROVED
NCC-CDF-EMP-0176|BWANA MKUBWA|GRANT|SHADE'S COOPERATIVE MULTIPURPOSE|NDOLA CITY COUNCIL|638|KANTOLOMBA|PERINA MWENYA|CHICKEN REARING|LIVESTOCK|21112.63|2025|APPROVED
NCC-CDF-EMP-0177|BWANA MKUBWA|GRANT|MORNING STARFOUNDATION AND WOMEN ORGANISATION|NDOLA CITY COUNCIL|746|KANTOLOMBA|FRAZER MUNSHYA|CHICKEN REARING|LIVESTOCK|21112.63|2025|APPROVED
NCC-CDF-EMP-0178|BWANA MKUBWA|GRANT|HAPPY GIRLS CLUB|NDOLA CITY COUNCIL|1357|KANTOLOMBA|CAROLYNE MUNSHYA|POULTRY|LIVESTOCK|21112.63|2025|APPROVED
NCC-CDF-EMP-0179|BWANA MKUBWA|GRANT|LUSHOMO COMMUNITY CLUB|NDOLA CITY COUNCIL|2042|KANTOLOMBA|JOSEPHIN NALISHUWA|CHICKEN REARING|LIVESTOCK|21112.63|2025|APPROVED
NCC-CDF-EMP-0180|BWANA MKUBWA|GRANT|ADEQUATE WOMEN'S CLUB|NDOLA CITY COUNCIL|2044|KANTOLOMBA|AGNESS MUMBA|CHICKEN REARING|LIVESTOCK|21112.63|2025|APPROVED
NCC-CDF-EMP-0181|BWANA MKUBWA|GRANT|TWIKATANE BONSE MULTI PURPOSE|NDOLA CITY COUNCIL|4384|KANTOLOMBA|PAUL ZULU|CHICKEN REARING|LIVESTOCK|21112.63|2025|APPROVED
NCC-CDF-EMP-0182|BWANA MKUBWA|GRANT|EXODUS MULTI-PURPOSE COOPERATIVE|NDOLA CITY COUNCIL|4385|KANTOLOMBA|TRESFORD CHONGO|CHICKEN REARING|LIVESTOCK|21112.63|2025|APPROVED
NCC-CDF-EMP-0183|BWANA MKUBWA|GRANT|IMILIMO MULTI PURPOSE|NDOLA CITY COUNCIL|4387|KANTOLOMBA|TRESFORD CHONGO|CHICKEN REARING|LIVESTOCK|21112.63|2025|APPROVED
NCC-CDF-EMP-0184|BWANA MKUBWA|GRANT|UNITY WOMEN'S CLUB|NDOLA CITY COUNCIL|4718|KANTOLOMBA|ANNA CHAPA|CHICKEN REARING|LIVESTOCK|21112.63|2025|APPROVED
NCC-CDF-EMP-0185|BWANA MKUBWA|GRANT|RIVER'S OF JOY|NDOLA CITY COUNCIL|15154|KANTOLOMBA|JOHN KAPENSA|CHICKEN REARING|LIVESTOCK|21112.63|2025|APPROVED
NCC-CDF-EMP-0186|BWANA MKUBWA|GRANT|HANNAH HOPE FOUNDATION CLUB|NDOLA CITY COUNCIL|15673|KANTOLOMBA|THELMA MVULA|CHICKEN REARING|LIVESTOCK|21112.63|2025|APPROVED
NCC-CDF-EMP-0187|BWANA MKUBWA|GRANT|TWENDELE PAMO WOMEN'S CLUB|NDOLA CITY COUNCIL|834|KAVU|MAUREEN KAMUTI|CHICKEN REARING|LIVESTOCK|21112.63|2025|APPROVED
NCC-CDF-EMP-0188|BWANA MKUBWA|GRANT|WOMEN OF UNITY|NDOLA CITY COUNCIL|1345|KAVU|VIOLET CHISEBU|CHICKEN REARING|LIVESTOCK|21112.63|2025|APPROVED
NCC-CDF-EMP-0189|BWANA MKUBWA|GRANT|TOGETHER WE CAN|NDOLA CITY COUNCIL|1346|KAVU|RABBECCA CHILUFYA|CHICKEN REARING|LIVESTOCK|21112.63|2025|APPROVED
NCC-CDF-EMP-0190|BWANA MKUBWA|GRANT|MUMANA SUNGANENI'S CLUB|NDOLA CITY COUNCIL|2001|KAVU|CHINTU HILDA|POULTRY|LIVESTOCK|21112.63|2025|APPROVED
NCC-CDF-EMP-0191|BWANA MKUBWA|GRANT|EXPLORA ENTERPRISE|NDOLA CITY COUNCIL|15034|KAVU|MICHAEL MULENGA|CHICKEN REARING|LIVESTOCK|21112.63|2025|APPROVED
NCC-CDF-EMP-0192|BWANA MKUBWA|GRANT|MUNKULUNGWE SCOUT GROUP|NDOLA CITY COUNCIL|16054|KAVU|PETER CHANDA|POULTRY|LIVESTOCK|21112.63|2025|APPROVED
NCC-CDF-EMP-0193|BWANA MKUBWA|GRANT|CHABOTA COOPERATIVE|NDOLA CITY COUNCIL|10678|KAVU|VERONICA MBEWE|BLOCK MAKING MACHINE|CONSTRUCTION|21112.63|2025|APPROVED
NCC-CDF-EMP-0194|BWANA MKUBWA|GRANT|NEWLIFE COOPERATIVE SOCIETY|NDOLA CITY COUNCIL|579|LUPILI|ESTER CHOLA|CHICKEN REARING|LIVESTOCK|21112.63|2025|APPROVED
NCC-CDF-EMP-0195|BWANA MKUBWA|GRANT|TUKOSE LUPILI WOMEN'S COOPERATIVE|NDOLA CITY COUNCIL|701|LUPILI|SERAH CHISENZA|BLOCK MAKING|CONSTRUCTION|21112.63|2025|APPROVED
NCC-CDF-EMP-0196|BWANA MKUBWA|GRANT|PEACE WOMEN'S CLUB|NDOLA CITY COUNCIL|747|LUPILI|EVERINE CHUMISHA|POULTRY|LIVESTOCK|21112.63|2025|APPROVED
NCC-CDF-EMP-0197|BWANA MKUBWA|GRANT|LUPILI TWAFWANE COOPERATIVE CLUB|NDOLA CITY COUNCIL|15008|LUPILI|DAUSON KAZHINGA|CHICKEN REARING|LIVESTOCK|21112.63|2025|APPROVED
NCC-CDF-EMP-0198|BWANA MKUBWA|GRANT|LESA KUTEMWA|NDOLA CITY COUNCIL|15022|LUPILI|KAREN MULENGA|BLOCK MAKING|LIVESTOCK|21112.63|2025|APPROVED
NCC-CDF-EMP-0199|BWANA MKUBWA|GRANT|HILLSIDE TWESHEKO WOMEN'S|NDOLA CITY COUNCIL|15029|LUPILI|CHARITY ZULU|POULTRY|LIVESTOCK|21112.63|2025|APPROVED
NCC-CDF-EMP-0200|BWANA MKUBWA|GRANT|MANASE LUPILI WOMEN'S CLUB|NDOLA CITY COUNCIL|15048|LUPILI|MARY MUTALE|POULTRY|LIVESTOCK|21112.63|2025|APPROVED
NCC-CDF-EMP-0201|BWANA MKUBWA|GRANT|TUSEKELELE MULTI PURPOSE|NDOLA CITY COUNCIL|15049|LUPILI|FRANCIS KANGWA|BLOCK MAKING|CONSTRUCTION|21112.63|2025|APPROVED
NCC-CDF-EMP-0202|BWANA MKUBWA|GRANT|MOTHERS LOVE CLUB|NDOLA CITY COUNCIL|15122|LUPILI|RUTH MWANZA|BLOCK MAKING|CONSTRUCTION|21112.63|2025|APPROVED
NCC-CDF-EMP-0203|BWANA MKUBWA|GRANT|HILLSIDE LADIES CLUB|NDOLA CITY COUNCIL|15125|LUPILI|R NONDO|CHICKEN REARING|LIVESTOCK|21112.63|2025|APPROVED
NCC-CDF-EMP-0204|BWANA MKUBWA|GRANT|LYBESAME LADIES FASHION CLUB|NDOLA CITY COUNCIL|15173|LUPILI|FLORENCE CHIPENDE|TAILORING|TRADE|21112.63|2025|APPROVED
NCC-CDF-EMP-0205|BWANA MKUBWA|GRANT|UKUPUPUTULWA COOPERATIVE|NDOLA CITY COUNCIL|15669|LUPILI|LUWI S. MUSHAWU|VILLAGE BANKING & BANKING|FINANCE|21112.63|2025|APPROVED
NCC-CDF-EMP-0206|BWANA MKUBWA|GRANT|SHILOH EMBASSY CHURCH CLUB|NDOLA CITY COUNCIL|15727|LUPILI|HENRY MUSONDA MUMBA|CHICKEN REARING|LIVESTOCK|21112.63|2025|APPROVED
NCC-CDF-EMP-0207|BWANA MKUBWA|GRANT|CHIYENBEKEZO COOPERATIVE SOCIETY|NDOLA CITY COUNCIL|15816|LUPILI|STANSLOUS CHANDA|POULTRY|LIVESTOCK|21112.63|2025|APPROVED
NCC-CDF-EMP-0208|BWANA MKUBWA|GRANT|LUBILYA MULTIPURPOSE COOPERATIVE|REGISTRAR OF COOPERATIVES|420210093167|LUPILI|EDWIN MALIPIW|FISH FARMING|ISHERIES|21112.63|2025|APPROVED
NCC-CDF-EMP-0209|BWANA MKUBWA|GRANT|ON THE GO CO-OPERATIVE|NDOLA CITY COUNCIL|156 79|LUPILI|LEMMY SILUNGWE|BLOCK MAKING|CONSTRUCTION|21112.63|2025|APPROVED
NCC-CDF-EMP-0210|BWANA MKUBWA|GRANT|SANITIZER WOMEN'S CLUB|NDOLA CITY COUNCIL|585|LUPILI|C LILIAN|POULTRY|LIVESTOCK|21112.63|2025|APPROVED
NCC-CDF-EMP-0211|BWANA MKUBWA|GRANT|BLESSING ON MOUNTAIN COOPERATIVE|NDOLA CITY COUNCIL|734|LUPILI|ELLEN MUSHITU|POULTRY|LIVESTOCK|21112.63|2025|APPROVED
NCC-CDF-EMP-0212|BWANA MKUBWA|GRANT|TIYESEKO WOMENS GROUP|NDOLA CITY COUNCIL|15023|LUPILI|Christine Tembo|POULTRY|LIVESTOCK|21112.63|2025|APPROVED
NCC-CDF-EMP-0213|BWANA MKUBWA|GRANT|HILLSIDE LADIES POWER WOMEN'S CLUB|NDOLA CITY COUNCIL|15125|LUPILI|RUTH MUSONDA|POULTRY|LIVESTOCK|21112.63|2025|APPROVED
NCC-CDF-EMP-0214|BWANA MKUBWA|GRANT|TUBOMBELE PAMO CLUB|NDOLA CITY COUNCIL|600|LUPILI|IDAH MFULA|POULTRY|LIVESTOCK|21112.63|2025|APPROVED
NCC-CDF-EMP-0215|BWANA MKUBWA|GRANT|IPANGE ILISUMA|NDOLA CITY COUNCIL|1517|MUNKULUNGWE|ISABEL MWAPE|POUTRY|LIVESTOCK|21112.63|2025|APPROVED
NCC-CDF-EMP-0216|BWANA MKUBWA|GRANT|CHISHA MWAMBA COOPERATIVE|NDOLA CITY COUNCIL|1632|MUNKULUNGWE|PURITY CHANDA|CHICKEN REARING|LIVESTOCK|21112.63|2025|APPROVED
NCC-CDF-EMP-0217|BWANA MKUBWA|GRANT|ISUNGA WOMENS CLUB|NDOLA CITY COUNCIL|4713|MUNKULUNGWE|NKATA BEAUTY|POULTRY|LIVESTOCK|21112.63|2025|APPROVED
NCC-CDF-EMP-0218|BWANA MKUBWA|GRANT|BWANA MKUBWA RISE & SHINE WOMEN'S CLUB|NDOLA CITY COUNCIL|15088|MUNKULUNGWE|BANDA GEORGE|POULTRY|LIVESTOCK|21112.63|2025|APPROVED
NCC-CDF-EMP-0219|BWANA MKUBWA|GRANT|LAMA UOBE MULTIPURPOSE|PACRA|420190050786|MUNKULUNGWE|CHISAPI NEIL MWABA|POULTRY|LIVESTOCK|21112.63|2025|APPROVED
NCC-CDF-EMP-0220|BWANA MKUBWA|GRANT|KATONDO CLUB FOR PERSONS WITH DISABILITIES|NDOLA CITY COUNCIL|349|MUNKULUNGWE|KANGALU ENERST|POULTRY|LIVESTOCK|21112.63|2025|APPROVED
NCC-CDF-EMP-0221|BWANA MKUBWA|GRANT|DORCAS WOMEN'S CLUB|NDOLA CITY COUNCIL|16026|MUNKULUNGWE|MOFYA ROSEMARY|POULTRY|LIVESTOCK|21112.63|2025|APPROVED
NCC-CDF-EMP-0222|BWANA MKUBWA|GRANT|SANGALALA TOGETHERNESS|NDOLA CITY COUNCIL|523|MUSHILI|LEXINA BANDA|TAILORING|LIVESTOCK|21112.63|2025|APPROVED
NCC-CDF-EMP-0223|BWANA MKUBWA|GRANT|MADALITSO COOPERATIVE|NDOLA CITY COUNCIL|847|MUSHILI|BRIDGET MUKUKA|BLOCK MAKING|CONSTRUCTION|21112.63|2025|APPROVED
NCC-CDF-EMP-0224|BWANA MKUBWA|GRANT|FAITH WOMEN'S CLUB|NDOLA CITY COUNCIL|906|MUSHILI|KAMPAMBA MULENGA|BLOCK MAKING|CONSTRUCTION|21112.63|2025|APPROVED
NCC-CDF-EMP-0225|BWANA MKUBWA|GRANT|HEALER'S COOPERATIVE|NDOLA CITY COUNCIL|2047|MUSHILI|DOROTHY MASEKA|POULTRY|LIVESTOCK|21112.63|2025|APPROVED
NCC-CDF-EMP-0226|BWANA MKUBWA|GRANT|TUBOMBELE PAMO WOMEN'S CLUB|NDOLA CITY COUNCIL|3026|MUSHILI|AGNESS CHOLA MFULA|POULTRY|LIVESTOCK|21112.63|2025|APPROVED
NCC-CDF-EMP-0227|BWANA MKUBWA|GRANT|UNITY OF PURPOSE CLUB|NDOLA CITY COUNCIL|4321|MUSHILI|GRETSON MUTONDO|CHICKEN REARING|LIVESTOCK|21112.63|2025|APPROVED
NCC-CDF-EMP-0228|BWANA MKUBWA|GRANT|LESA WA MAKA|NDOLA CITY COUNCIL|4620|MUSHILI|MARY PHIRI|SALAULA|TRAGE|21112.63|2025|APPROVED
NCC-CDF-EMP-0229|BWANA MKUBWA|GRANT|NSWANSWA WOMEN'S CLUB|NDOLA CITY COUNCIL|4690|MUSHILI|BARBRA CHALWE|POUTRY|LIVESTOCK|21112.63|2025|APPROVED
NCC-CDF-EMP-0230|BWANA MKUBWA|GRANT|TWATEMWA WOMENS CLUB|NDOLA CITY COUNCIL|4693|MUSHILI|ALICE MUTALE|CHICKEN REARING|LIVESTOCK|21112.63|2025|APPROVED
NCC-CDF-EMP-0231|BWANA MKUBWA|GRANT|ABILITY & NOT DISABILITY COOPERATIVE|NDOLA CITY COUNCIL|4767|MUSHILI|ELIAS CHITUMBO|BLOCKING MAKING|CONSTRUCTION|21112.63|2025|APPROVED
NCC-CDF-EMP-0232|BWANA MKUBWA|GRANT|KUMUSHILI EKU MWESU GROUP|NDOLA CITY COUNCIL|15037|MUSHILI|KENNY BWALYA CHILEMBO|CHICKEN REARING|LIVESTOCK|21112.63|2025|APPROVED
NCC-CDF-EMP-0233|BWANA MKUBWA|GRANT|HANDS OF PROGRESS MULTIPURPOSE COOPERATIVE|NDOLA CITY COUNCIL|15071|MUSHILI|BRIDGET NGOSA|TAILORING|TRADE|21112.63|2025|APPROVED
NCC-CDF-EMP-0234|BWANA MKUBWA|GRANT|DANIEL MENS CLUB|NDOLA CITY COUNCIL|15172|MUSHILI|BENSON ZULU|BLOCK MAKING|CONSTRUCTION|21112.63|2025|APPROVED
NCC-CDF-EMP-0235|BWANA MKUBWA|GRANT|FORTUNE 2024 WOMEN'S CLUB|NDOLA CITY COUNCIL|15479|MUSHILI|FEBBY NYIRENDA|BLOCK MAKING|CONSTRUCTION|21112.63|2025|APPROVED
NCC-CDF-EMP-0236|BWANA MKUBWA|GRANT|TWAFWANE COMMUNITY CLUB|NDOLA CITY COUNCIL|15657|MUSHILI|SITAYI NYIMBILI|CHICKEN REARING|LIVESTOCK|21112.63|2025|APPROVED
NCC-CDF-EMP-0237|BWANA MKUBWA|GRANT|RISING STARS WOMEN'S CLUB|NDOLA CITY COUNCIL|15859|MUSHILI|CHARITY MELINDA CHABINGA|BLOCK MAKING|CONSTRUCTION|21112.63|2025|APPROVED
NCC-CDF-EMP-0238|BWANA MKUBWA|GRANT|MUNTAYALWA YOUTH COOPERATIVE|NDOLA CITY COUNCIL|15892|MUSHILI|SIMBI ROVAH|VILLAGE BANKING|LIVESTOCK|21112.63|2025|APPROVED
NCC-CDF-EMP-0239|BWANA MKUBWA|GRANT|WOMEN OF GRACE|NDOLA CITY COUNCIL|15943|MUSHILI|EUNICE KATUTWA|CHICKEN REARING|LIVESTOCK|21112.63|2025|APPROVED
NCC-CDF-EMP-0240|BWANA MKUBWA|GRANT|AJACENT MULTI-PURPOSE COOPERATIVE|PACRA|4202206604|MUSHILI|ELIZABERTH LENGWE|CHICKEN REARING|LIVESTOCK|21112.63|2025|APPROVED
NCC-CDF-EMP-0241|BWANA MKUBWA|GRANT|BONMUSH MULTI PURPOSE COOPERATIVE SOCIETY|REGISTRAR OF COOPERATIVES|42024019038|MUSHILI|BILLY MALISENI|METAL FABRICATION|MANUFACTING|21112.63|2025|APPROVED
NCC-CDF-EMP-0242|BWANA MKUBWA|GRANT|HIGH AIM TUITION CENTRE|PACRA|120230044444|MUSHILI|WISEMAN MATONGO|EDUCATION|EDUCATION|21112.63|2025|APPROVED
NCC-CDF-EMP-0243|BWANA MKUBWA|GRANT|AWAKE ORPHANAGE AND VULNERABLE ORGANISATION LTD|PACRA|120230050122|MUSHILI|BESNART ZULU|POULTRY|LIVESTOCK|21112.63|2025|APPROVED
NCC-CDF-EMP-0244|BWANA MKUBWA|GRANT|DEMENCIA GENERAL DEALERS|PACRA|320220062144|MUSHILI|CHITALU ROZZET|POULTRY FARMING|LIVESTOCK|21112.63|2025|APPROVED
NCC-CDF-EMP-0245|BWANA MKUBWA|GRANT|KANJIKWATILE MULTIPURPOSE COOPERATIVE|REGISTRAR OF COOPERATIVES|420220117618|MUSHILI|MUNWE ACKIM|FARMING|AGRICULTURE|21112.63|2025|APPROVED
NCC-CDF-EMP-0246|BWANA MKUBWA|GRANT|GOSPEL MIRACLE CENTRE MINISTRIES WOMEN CLUB|REGISTRAR OF SOCIETIES|ORS/102/66/33 293|MUSHILI|MATILDAH CHIRWA|CHICKEN REARING|LIVESTOCK|21112.63|2025|APPROVED
NCC-CDF-EMP-0247|BWANA MKUBWA|GRANT|OMEGA MULTIPURPOSE|NDOLA CITY COUNCIL|15771|MUSHILI|HAMALAMBE HOUSTON|PIGGERY & POULTRY|LIVESTOCK|21112.63|2025|APPROVED
NCC-CDF-EMP-0248|BWANA MKUBWA|GRANT|SUKA'S MULTIPURPOSE COOPERATIVE|NDOLA CITY COUNCIL|15172|MUSHILI|SUSAN NYIRENDA|BOTTLE STORE|TRADE|21112.63|2025|APPROVED
NCC-CDF-EMP-0249|BWANA MKUBWA|GRANT|WILLOW TREE HELP WOMEN'S|NDOLA CITY COUNCIL|716|TWASHUKA|ELIDA BANDA|CHICKEN REARING|LIVESTOCK|21112.63|2025|APPROVED
NCC-CDF-EMP-0250|BWANA MKUBWA|GRANT|BOMBESHENI COOPERATIVE|NDOLA CITY COUNCIL|891|TWASHUKA|FEBBY BWALYA|CHICKEN REARING|LIVESTOCK|21112.63|2025|APPROVED
NCC-CDF-EMP-0251|BWANA MKUBWA|GRANT|GLORY OF HOPE|NDOLA CITY COUNCIL|1616|TWASHUKA|SIMON PHIRI|CHICKEN REARING|LIVESTOCK|21112.63|2025|APPROVED
NCC-CDF-EMP-0252|BWANA MKUBWA|GRANT|PROGRESS GROUP|NDOLA CITY COUNCIL|15063|TWASHUKA|SHARON BWALYA|CHICKEN REARING|LIVESTOCK|21112.63|2025|APPROVED
NCC-CDF-EMP-0253|BWANA MKUBWA|GRANT|SHAMZ COMMUNITY|NDOLA CITY COUNCIL|15064|TWASHUKA|ANSHEL SHABWANGA|CHICKEN REARING|LIVESTOCK|21112.63|2025|APPROVED
NCC-CDF-EMP-0254|BWANA MKUBWA|GRANT|BUKWASHO BWAIYA WOMENS CLUB|NDOLA CITY COUNCIL|15085|TWASHUKA|AGNESS ZULU|CHICKEN REARING|LIVESTOCK|21112.63|2025|APPROVED
NCC-CDF-EMP-0255|BWANA MKUBWA|GRANT|KAMUSAMBA COMMUNITY CLUB|NDOLA CITY COUNCIL|15185|TWASHUKA|PLACID MAMBWE|CHICKEN REARING|LIVESTOCK|21112.63|2025|APPROVED
NCC-CDF-EMP-0256|BWANA MKUBWA|GRANT|PAJEDO CLUB|NDOLA CITY COUNCIL|15899|TWASHUKA|PAKENI PHIRI|CHICKEN REARING|LIVESTOCK|21112.63|2025|APPROVED
NCC-CDF-EMP-0257|BWANA MKUBWA|GRANT|TRUSTCLUB|NDOLA CITY COUNCIL|15900|TWASHUKA|DOROTHY MULENGA|CHICKEN REARING|LIVESTOCK|21112.63|2025|APPROVED
NCC-CDF-EMP-0258|BWANA MKUBWA|GRANT|TWASHUKA CO OPERATIVE|NDOLA CITY COUNCIL|15902|TWASHUKA|MAUREEN NGANDWE|CHICKEN REARING|LIVESTOCK|21112.63|2025|APPROVED
NCC-CDF-EMP-0259|BWANA MKUBWA|GRANT|CHIPAKA CLUB|NDOLA CITY COUNCIL|15907|TWASHUKA|ESTER MWELWA|CHICKEN REARING|LIVESTOCK|21112.63|2025|APPROVED
NCC-CDF-EMP-0260|BWANA MKUBWA|GRANT|FOREVER TOGETHER CLUB|NDOLA CITY COUNCIL|15916|TWASHUKA|MACMISHECK SHABWANGA|CHICKEN REARING|LIVESTOCK|21112.63|2025|APPROVED
NCC-CDF-EMP-0261|BWANA MKUBWA|GRANT|BWALYA PETROLEUM COOPERATIVE|NDOLA CITY COUNCIL|16044|TWASHUKA|J. SIAME|BLOCK MAKING|CONSTRUCTION|21112.63|2025|APPROVED
NCC-CDF-EMP-0262|BWANA MKUBWA|GRANT|PRUDENT WOMEN MULTIPURPOSE|REGISTRAR OF SOCIETIES|42024019039|TWASHUKA|PAXINA NDHLOVU|PIGGERY & POULTRY|LIVESTOCK|21112.63|2025|APPROVED
NCC-CDF-EMP-0263|BWANA MKUBWA|GRANT|ZEON COOPERATIVE|REGISTRA F COOPERATIVE|420220121260|TWASHUKA|MPUNDU FREDRICK|CHICKEN REARING|LIVESTOCK|21112.63|2025|APPROVED
NCC-CDF-EMP-0264|BWANA MKUBWA|GRANT|BWAFWANO CLUB|NDOLA CITY COUNCIL|15163|TWASHUKA|ODETTE MWAPE|POULTRY|LIVESTOCK|21112.63|2025|APPROVED
NCC-CDF-EMP-0265|BWANA MKUBWA|GRANT|SIKATENGWA CLUB|NDOLA CITY COUNCIL|15776|TWASHUKA|ELIJAH MWALE|CHICKEN REARING|LIVESTOCK|21112.63|2025|APPROVED
NCC-CDF-EMP-0266|CHIFUBU|GRANT|JM LADDIES CLUB|WOMEN|15381|CHIFUBU|JOSEPHINE MTEWA|BAKERY|FOOD|10000.0|2025|APPROVED
NCC-CDF-EMP-0267|CHIFUBU|GRANT|JENASHA MULTI PURPOSE CO- OPERATIVE|COMMUNITY|15337|KAMBA|BRADLEY SHAMABANSE|POULTRY|PLRIVOECSETSOSCINKG|20000.0|2025|APPROVED
NCC-CDF-EMP-0268|CHIFUBU|GRANT|UNIQUE R.M.SOCIETY|WOMEN|4749|CHIFUBU|MILIKA MUMBI KATTY MASASE|BAKERY|TRADE|20000.0|2025|APPROVED
NCC-CDF-EMP-0269|CHIFUBU|GRANT|WANA CLUB|WOMEN|15322|CHIFUBU|MELODY SAMBAULU|POULTRY|LIVESTOCK|10000.0|2025|APPROVED
NCC-CDF-EMP-0270|CHIFUBU|GRANT|M'VAKULE CO-OPERATIVE|WOMEN|1409|KAMBA|CHRISTINE MOYO|POULTRY|LIVESTOCK|20000.0|2025|APPROVED
NCC-CDF-EMP-0271|CHIFUBU|GRANT|MUCHINGA CHINGA MULTI PURPOSE CO-OPERATIVE|WOMEN|420220106668|CHIFUBU|MARTHA MASASE|POULTRY|LIVESTOCK|20000.0|2025|APPROVED
NCC-CDF-EMP-0272|CHIFUBU|GRANT|SEKELELA MULTI-PURPOSE|WOMEN|3546|KAWAMA|KAMANDA 2|POULTRY|LIVESTOCK|20000.0|2025|APPROVED
NCC-CDF-EMP-0273|CHIFUBU|GRANT|TUKASEKELELAMO NJANJI|W O M E N|15067|KAWAMA|MUMBA MERCY|PEANUT BUTTER|FOOD|15000.0|2025|APPROVED
NCC-CDF-EMP-0274|CHIFUBU|GRANT|NAHUM CLUB|COMMUNITY|15098|CHIFUBU|KABUTA SHADUNKA|BAKERY|FOOD|20000.0|2025|APPROVED
NCC-CDF-EMP-0275|CHIFUBU|GRANT|TULI NENSANSA KANYENJE CLUB|WOMEN|15050|KANYANJE|SINOILA MICHEAL|POULTRY|PLRIVOECSETSOSCINKG|25000.0|2025|APPROVED
NCC-CDF-EMP-0276|CHIFUBU|GRANT|TUBELEKELE ANTOMWE CLUB|YOUTH|755|KANYANJE|CHIBUYE LISTA|POULTRY|LIVESTOCK|15000.0|2025|APPROVED
NCC-CDF-EMP-0277|CHIFUBU|GRANT|EBERNERZER VILLAGE BANKING|WOMEN|732|KANIKI|CHIBUYE SUSAN|VILLAGE BANKING|FINANCE|10000.0|2025|APPROVED
NCC-CDF-EMP-0278|CHIFUBU|GRANT|TUSEKELEMO DISABLED CO- OPERATIVE|COMMUNITY|15223|KANIKI|BANDA RABSON|HAMMER MILL|FOOD PROCESSING|10000.0|2025|APPROVED
NCC-CDF-EMP-0279|CHIFUBU|GRANT|TITANDIZANE CLUB|COMMUNITY|4796|CHIFUBU|AARON MULOSHI MAKELELE|POULTRY|LIVESTOCK|20000.0|2025|APPROVED
NCC-CDF-EMP-0280|CHIFUBU|GRANT|CHAMPANION COMMUNITY CLUB|COMMUNITY|15418|CHIFUBU|MUTETE.M.TSHARAI|STATIONERY|TRADE|25000.0|2025|APPROVED
NCC-CDF-EMP-0281|CHIFUBU|GRANT|AHAVA MULTI-PURPOSE CO- OPERATIVE|COMMUNITY|15396|PAMODZI|MASIYE LISELI FABIAN|POULTRY|LIVESTOCK|30000.0|2025|APPROVED
NCC-CDF-EMP-0282|CHIFUBU|GRANT|MWARINALU CO-OPERATIVE|YOUTH|15226|PAMODZI|CHONA .M.BERTHA|POULTRY|LIVESTOCK|20000.0|2025|APPROVED
NCC-CDF-EMP-0283|CHIFUBU|GRANT|MATKAPS MULTI-PURPOSE|WOMEN|15395|CHIFUBU|NJALUKA MATILDAH|LIQUOR|TRADE|30000.0|2025|APPROVED
NCC-CDF-EMP-0284|CHIFUBU|GRANT|NATANAH MULTI-PURPOSE CO- OPERATIVE|COMMUNITY|15398|PAMODZI|CHIPOYA EMMAH|POULTRY|LIVESTOCK|30000.0|2025|APPROVED
NCC-CDF-EMP-0285|CHIFUBU|GRANT|GOOD HOPE MULTI-PURPOSE CO- OPERATIVE|COMMUNITY|15374|FIBOBE|CHIBVURI .P.JANE|POULTRY|LIVESTOCK|15000.0|2025|APPROVED
NCC-CDF-EMP-0286|CHIFUBU|GRANT|DAVIET MULTI-PURPOSE|COMMUNITY|1328|FIBOBE|MWELWA DAVY|POULTRY|LIVESTOCK|40000.0|2025|APPROVED
NCC-CDF-EMP-0287|CHIFUBU|GRANT|SUNRISE MULTI-PURPOSE CO- OPERATIVE|COMMUNITY|15333|FIBOBE|MUKUKA CHILESHE|VILLAGE BANKING|FINANCE|40000.0|2025|APPROVED
NCC-CDF-EMP-0288|CHIFUBU|GRANT|BWASAMBA MULTI-PURPOSE CO- OPERATIVE|COMMUNITY|4986|FIBOBE|BWALYA KAFWIMBI|POULTRY|LIVESTOCK|10000.0|2025|APPROVED
NCC-CDF-EMP-0289|CHIFUBU|GRANT|SHEMAB MULTI-PURPOSE CO- OPERATIVE|COMMUNITY|15603|FIBOBE|MUMBA SHELVIN|POULTRY|LIVESTOCK|15000.0|2025|APPROVED
NCC-CDF-EMP-0290|CHIFUBU|GRANT|AMUTAHE MULTI-PURPOSE CO- OPERATIVE|COMMUNITY|420220118806|PAMODZI|MUSELENU PATRICK|POULTRY|LIVESTOCK|20000.0|2025|APPROVED
NCC-CDF-EMP-0291|CHIFUBU|GRANT|DUMUKA MULTI-PURPOSE CLUB|COMMUNITY|15709|CHIFUBU|MUKANJO MULANDO|POULTRY|LIVESTOCK|15000.0|2025|APPROVED
NCC-CDF-EMP-0292|CHIFUBU|GRANT|CLAMUKA MULTI-PURPOSE CLUB|COMMUNITY|15710|CHIFUBU|ZULU DALITSO|POULTRY|LIVESTOCK|15000.0|2025|APPROVED
NCC-CDF-EMP-0293|CHIFUBU|GRANT|LOCAL ECONOMY MULTI-PURPOSE CO-OPERATIVE|YOUTH|42024025669|CHIFUBU|CHIWELE DANIEL|POULTRY|LIVESTOCK|15000.0|2025|APPROVED
NCC-CDF-EMP-0294|CHIFUBU|GRANT|TUMFWIKE WOMEN MULTI- PURPOSE CO-OPERATIVE|WOMEN|1549|PAMODZI|KANGWA OXILIA|POULTRY|LIVESTOCK|15000.0|2025|APPROVED
NCC-CDF-EMP-0295|CHIFUBU|GRANT|TUSUNGANE MULTI-PURPOSE CO- OPERATIVE|COMMUNITY|1635|PAMODZI|MWALE LOICE|MAIZE CULTIVATION|AGRICULTUR E|15000.0|2025|APPROVED
NCC-CDF-EMP-0296|CHIFUBU|GRANT|IRON LADY WOMEN MULTI- PURPOSE CO-OPERATIVE SOCIETY LTD|YOUTH|1637|PAMODZI|KUNDA PRETTLOVE|TIMBER PROCESSING|FORESTRY|15000.0|2025|APPROVED
NCC-CDF-EMP-0297|CHIFUBU|GRANT|PAMODZI WOMEN OF SUBSTANCE MULTI-PURPOSE CO-OPERATIVE|WOMEN|1640|PAMODZI|TEMBO BERTHA MAGGIE|POULTRY|LIVESTOCK|15000.0|2025|APPROVED
NCC-CDF-EMP-0298|CHIFUBU|GRANT|BEAUTY WOMEN MULTI-PURPOSE CO-OPERATIVE LTD|WOMEN|1546|PAMODZI|TSHINTU VERONICA|POULTRY|LIVESTOCK|15000.0|2025|APPROVED
NCC-CDF-EMP-0299|CHIFUBU|GRANT|TWAFWENI MULTI-PURPOSE.|COMMUNITY|4995|CHIFUBU|THOMAS GOMA|POULTRY|LIVESTOCK|10000.0|2025|APPROVED
NCC-CDF-EMP-0300|CHIFUBU|GRANT|LUSHOMO MULTI-PURPOSE CO- OPERATIVE|COMMUNITY|15672|FIBOBE|NKHOMA BETTY|POULTRY|LIVESTOCK|25000.0|2025|APPROVED
NCC-CDF-EMP-0301|CHIFUBU|GRANT|FIBOMBE YOUTH GROUP|YOUTH|15704|FIBOBE|ZULU JOSEPH|POULTRY|LIVESTOCK|10000.0|2025|APPROVED
NCC-CDF-EMP-0302|CHIFUBU|GRANT|HERITY MULTIPURPOSE CO- OPERATIVE|COMMUNITY|15822|PAMODZI|HENRY MOONO|POULTRY|LIVESTOCK|25000.0|2025|APPROVED
NCC-CDF-EMP-0303|CHIFUBU|GRANT|NATWANGE MULTIPURPOSE CO- OPERATIVE|COMMUNITY|15733|KAMBA|WANZYA NAMUKWANGA|BLOCK MAKING|TRADE|20000.0|2025|APPROVED
NCC-CDF-EMP-0304|CHIFUBU|GRANT|HAIL MARY PARK GENERAL DEALERS|COMMUNITY|195147|CHIFUBU|PAUL KABWE|POULTRY|LIVESTOCK|15000.0|2025|APPROVED
NCC-CDF-EMP-0305|CHIFUBU|GRANT|KALWISHA MULTIPURPOSE CO- OPERATIVE|COMMUNITY|15797|KAMBA|JISHIKA KULIPA|POULTRY|LIVESTOCK|20000.0|2025|APPROVED
NCC-CDF-EMP-0306|CHIFUBU|GRANT|CHIKONKOTA MULTIPURPOSE CO- OPERATIVE|COMMUNITY|15798|KAMBA|PHIRI IBRAHIM|POULTRY|LIVESTOCK|20000.0|2025|APPROVED
NCC-CDF-EMP-0307|CHIFUBU|GRANT|KUKULA CO-OPERATIVE|COMMUNITY|15712|FIBOBE|DERRICK KAPAMBWE|POULTRY|LIVESTOCK|40000.0|2025|APPROVED
NCC-CDF-EMP-0308|CHIFUBU|GRANT|MUTA MULTIPURPOSE CO- OPERATIVE|WOMEN|16661|CHIFUBU|CAROLINE KAPONGO|POULTRY|LIVESTOCK|40000.0|2025|APPROVED
NCC-CDF-EMP-0309|CHIFUBU|GRANT|MANGALITA MULTIPURPOSE CO- OPERATIVE|COMMUNITY|15849|CHIFUBU|AARON LWIPWE|POULTRY|LIVESTOCK|20000.0|2025|APPROVED
NCC-CDF-EMP-0310|CHIFUBU|GRANT|KACHI MULTIPURPOSE CO- OPERATIVE|COMMUNITY|16660|CHIFUBU|MARTINE CHISULO|POULTRY|LIVESTOCK|40000.0|2025|APPROVED
NCC-CDF-EMP-0311|CHIFUBU|GRANT|MWANDAMA MULTIPURPOSE|COMMUNITY|16015|CHIFUBU|MWENGELWA CHITAMBO|POULTRY|LIVESTOCK|20000.0|2025|APPROVED
NCC-CDF-EMP-0312|CHIFUBU|GRANT|KABASO MULTIPURPOSE CO- OPERATIVE|COMMUNITY|15940|CHIFUBU|LAWRENCE CHABINGA|POULTRY|LIVESTOCK|25000.0|2025|APPROVED
NCC-CDF-EMP-0313|CHIFUBU|GRANT|MULYATA MULTI-PURPOSE CO- OPERATIVE|YOUTH|15941|CHIFUBU|LUKONGA PEPHIAS|POULTRY|LIVESTOCK|25000.0|2025|APPROVED
NCC-CDF-EMP-0314|CHIFUBU|GRANT|KUUNIKA MUM'DIMA|WOMEN|15852|CHIFUBU|CHARITY ZULU|POULTRY|LIVESTOCK|30000.0|2025|APPROVED
NCC-CDF-EMP-0315|CHIFUBU|GRANT|VOICE OF TRANSFORMATION MULTI-PURPOSE|YOUTH|15851|CHIFUBU|JEPHITA MWALE|POULTRY|LIVESTOCK|25000.0|2025|APPROVED
NCC-CDF-EMP-0316|CHIFUBU|GRANT|TWAFWANA FYE MULTI-PURPOSE|COMMUNITY|15867|CHIFUBU|MULUNGU AARON|POULTRY|LIVESTOCK|30000.0|2025|APPROVED
NCC-CDF-EMP-0317|CHIFUBU|GRANT|MUSONGO MULTI-PURPOSE CO- OPERATIVE|COMMUNITY|15834|CHIFUBU|GIVEN KASEBA|POULTRY|LIVESTOCK|10000.0|2025|APPROVED
NCC-CDF-EMP-0318|CHIFUBU|GRANT|MWAMFULI MULTI-PURPOSE CO- OPERATIVE|COMMUNITY|42024024096|KAWAMA|PAUL SIKANYIKA|POULTRY|LIVESTOCK|20000.0|2025|APPROVED
NCC-CDF-EMP-0319|CHIFUBU|GRANT|FIBOBE TREE MULTI-PURPOSE CO- OPERATIVE|COMMUNITY|148|FIBOBE|S.MAKELENI|POULTRY|LIVESTOCK|15000.0|2025|APPROVED
NCC-CDF-EMP-0320|CHIFUBU|GRANT|NKWANGA MULTIPURPOSE CO- OPERATIVE|COMMUNITY|15905|PAMODZI|LAWRENCE MULAISHO|POULTRY|LIVESTOCK|30000.0|2025|APPROVED
NCC-CDF-EMP-0321|CHIFUBU|GRANT|G PROVISION MULTI-PURPOSE CO- OPERATIVE|WOMEN|4987|FIBOBE|LIZZY MUSONDA|POULTRY|LIVESTOCK|20000.0|2025|APPROVED
NCC-CDF-EMP-0322|CHIFUBU|GRANT|BESA MULTI-PURPOSE|WOMEN|15936|CHIFUBU|CATHERINE ZULU|POULTRY|LIVESTOCK|40000.0|2025|APPROVED
NCC-CDF-EMP-0323|CHIFUBU|GRANT|GOMES MULTI-PURPOSE CO- OPERATIVE|COMMUNITY|15935|CHIFUBU|ELIZABETH CHINYAMA|POULTRY|LIVESTOCK|40000.0|2025|APPROVED
NCC-CDF-EMP-0324|CHIFUBU|GRANT|NTAMBO MULTI-PURPOSE CO- OPERATIVE|COMMUNITY|15937|CHIFUBU|ELIZABETH ZULU|POULTRY|LIVESTOCK|40000.0|2025|APPROVED
NCC-CDF-EMP-0325|CHIFUBU|GRANT|FASHAKA MULTIPURPOSE CO- OPERATIVE|YOUTH|1663|CHIFUBU|ENOCK TAPIWA|POULTRY|LIVESTOCK|15000.0|2025|APPROVED
NCC-CDF-EMP-0326|CHIFUBU|GRANT|KALUNGWISHI MULTI-PURPOSE CO- OPERATIVE|YOUTH|15243|CHIFUBU|MAMBWE SAMUEL|POULTRY|LIVESTOCK|10000.0|2025|APPROVED
NCC-CDF-EMP-0327|CHIFUBU|GRANT|TWENDELE PAMO CO-OPERATIVE|COMMUNITY|15928|CHIFUBU|PETER MULENGA|VILLAGE BANKING|FINANCE|20000.0|2025|APPROVED
NCC-CDF-EMP-0328|CHIFUBU|GRANT|LUSEKELO CO-OPERATIVE|COMMUNITY|4199|FIBOBE|RUTH NGUNI|POULTRY|LIVESTOCK|20000.0|2025|APPROVED
NCC-CDF-EMP-0329|CHIFUBU|GRANT|FIBUSA MULTI-PURPOSE CO- OPERATIVE|WOMEN|15950|FIBOBE|AGNESS KWANAMUKE|POULTRY|LIVESTOCK|20000.0|2025|APPROVED
NCC-CDF-EMP-0330|CHIFUBU|GRANT|MOSAKU KAWAMA CLUB|COMMUNITY|15566|KAWAMA|GLADYS KUNDA|POULTRY|LIVESTOCK|20000.0|2025|APPROVED
NCC-CDF-EMP-0331|CHIFUBU|GRANT|CHIFUBU CHICKEN SECTION MULTI- PURPOSE|COMMUNITY|16670|CHIFUBU|ALLAN CHILANDO|POULTRY|LIVESTOCK|10000.0|2025|APPROVED
NCC-CDF-EMP-0332|CHIFUBU|GRANT|TWAFUSHA MULTI-PURPOSE CO- OPERATIVE|COMMUNITY|15865|CHIFUBU|NJOVU MPHONSO|POULTRY|LIVESTOCK|25000.0|2025|APPROVED
NCC-CDF-EMP-0333|CHIFUBU|GRANT|MUMWANA MULTI-PURPOSE CO- OPERATIVE|WOMEN|3913|KAMBA|JULIET SANKWE|POULTRY|LIVESTOCK|15000.0|2025|APPROVED
NCC-CDF-EMP-0334|CHIFUBU|GRANT|NOMUSAKO MULTI-PURPOSE CO- OPERATIVE|COMMUNITY|15948|PAMODZI|MOSES CHIAMBA|POULTRY|LIVESTOCK|20000.0|2025|APPROVED
NCC-CDF-EMP-0335|CHIFUBU|GRANT|CHARIS MULTIPURPOSE CLUB|COMMUNITY|4115|PAMODZI|MBEWE DAINESS|POULTRY|LIVESTOCK|15000.0|2025|APPROVED
NCC-CDF-EMP-0336|CHIFUBU|GRANT|NDOLA VILLA MULTI-PURPOSE CO- OPERATIVE|COMMUNITY|15400|PAMODZI|BORNVENTURE BINDABINDA|POULTRY|LIVESTOCK|20000.0|2025|APPROVED
NCC-CDF-EMP-0337|CHIFUBU|GRANT|ROJECHA CLUB|COMMUNITY|15942|CHIFUBU|RODRICK CHANGALA|POULTRY|LIVESTOCK|10000.0|2025|APPROVED
NCC-CDF-EMP-0338|CHIFUBU|GRANT|SUNGA MUNOBE MULTI-PURPOSE CO-OPERATIVE|COMMUNITY|15835|CHIFUBU|MARY KAMANGA|POULTRY|LIVESTOCK|10000.0|2025|APPROVED
NCC-CDF-EMP-0339|CHIFUBU|GRANT|MILLIS MULTIPURPOSE CO- OPERATIVE|COMMUNITY|420220103485|KANYANJE|PAUL MIYOBA|POULTRY|LIVESTOCK|20000.0|2025|APPROVED
NCC-CDF-EMP-0340|CHIFUBU|GRANT|KUNACHI CO-OPERATIVE|COMMUNITY|15875|KANIKI|IVY MUKOSA|POULTRY|LIVESTOCK|13000.0|2025|APPROVED
NCC-CDF-EMP-0341|CHIFUBU|GRANT|CHACHITIKA MULTIPURPOSE CLUB|WOMEN|16659|KAWAMA|CECILIA MWAPE|POULTRY|LIVESTOCK|10000.0|2025|APPROVED
NCC-CDF-EMP-0342|CHIFUBU|GRANT|COMUJE MULTIPURPOSE CO- OPERATIVE|COMMUNITY|4006|CHIFUBU|SEPETI CONFIDENCE|POULTRY|LIVESTOCK|35000.0|2025|APPROVED
NCC-CDF-EMP-0343|CHIFUBU|GRANT|BUPE MULTIPURPOSE CO- OPERATIVE|YOUTH|15876|KAMBA|ZULU CECILIA|POULTRY|LIVESTOCK|30000.0|2025|APPROVED
NCC-CDF-EMP-0344|CHIFUBU|GRANT|KASANSHYA MULTI-PURPOSE|WOMEN|15866|CHIFUBU|BEATRICE CHISENGA|POULTRY|LIVESTOCK|30000.0|2025|APPROVED
NCC-CDF-EMP-0345|CHIFUBU|GRANT|AGAPE MULTI-PURPOSE|COMMUNITY|15868|KAMBA|MALAMA LILIAN|POULTRY|LIVESTOCK|30000.0|2025|APPROVED
NCC-CDF-EMP-0346|CHIFUBU|GRANT|UMO MULTI-PURPOSE CO- OPERATIVE|COMMUNITY|16655|KAWAMA|PARTWELL SIKASOTE CHISHA|POULTRY|LIVESTOCK|10000.0|2025|APPROVED
NCC-CDF-EMP-0347|CHIFUBU|GRANT|MUKANAKA MULTI-PURPOSE|COMMUNITY|15580|KAWAMA|ANDREW MESA|POULTRY|LIVESTOCK|20000.0|2025|APPROVED
NCC-CDF-EMP-0348|CHIFUBU|GRANT|BUKATA MULTI-PURPOSE CO- OPRATIVE|COMMUNITY|15850|KAWAMA|SAMUEL KAMANDA|POULTRY|LIVESTOCK|20000.0|2025|APPROVED
NCC-CDF-EMP-0349|CHIFUBU|GRANT|AKAZIMINA BADALA CLUB|WOMEN|16022|PAMODZI|RUTH SONGWE|POULTRY|LIVESTOCK|40000.0|2025|APPROVED
NCC-CDF-EMP-0350|CHIFUBU|GRANT|LAMA MULTIPURPOSE CO- OPERATIVE|COMMUNITY|3676|KAWAMA|RABBY MUMBA|POULTRY|LIVESTOCK|10000.0|2025|APPROVED
NCC-CDF-EMP-0351|CHIFUBU|GRANT|LUSUNGU MULTI-PURPOSE CO- OPERATIVE|COMMUNITY|16016|KAMBA|PUPE MULLELIA|POULTRY|LIVESTOCK|20000.0|2025|APPROVED
NCC-CDF-EMP-0352|CHIFUBU|GRANT|MOONLIGHT OF CHIFUBU MULTI- PURPOSE|COMMUNITY|15933|CHIFUBU|RUTH MULENGA|HARWARE AND TIMBER|TRDE|10000.0|2025|APPROVED
NCC-CDF-EMP-0353|CHIFUBU|GRANT|MWANCHUSHA CLUB|COMMUNITY|15944|KAWAMA|RICHARD KALUNGA|POULTRY|LIVESTOCK|20000.0|2025|APPROVED
NCC-CDF-EMP-0354|CHIFUBU|GRANT|SUN OF CHIFUBU MULTI-PURPOSE|COMMUNITY|15932|CHIFUBU|ARNOLD KALEZALA|HARWARE AND TIMBER|TRADE|10000.0|2025|APPROVED
NCC-CDF-EMP-0355|CHIFUBU|GRANT|KAPAFICHI MULTI-PURPOSE|COMMUNITY|16020|CHIFUBU|MAYBIN MWEWA|POULTRY|LIVESTOCK|20000.0|2025|APPROVED
NCC-CDF-EMP-0356|CHIFUBU|GRANT|ICHOLA MULTI-PURPOSE|COMMUNITY|15879|KAWAMA|LLOYIS KATBULE|POULTRY|LIVESTOCK|30000.0|2025|APPROVED
NCC-CDF-EMP-0357|CHIFUBU|GRANT|NSAMBA NSAMBA CO-OPERATIVE|COMMUNITY|2425|KANIKI|JOHN SIAKAUMA|POULTRY|LIVESTOCK|20000.0|2025|APPROVED
NCC-CDF-EMP-0358|CHIFUBU|GRANT|PROGRESS MULTI-PURPOSE CO- OPRATIVE|COMMUNITY|15744|KAWAMA|THOM ZIMBA|POULTRY|LIVESTOCK|20000.0|2025|APPROVED
NCC-CDF-EMP-0359|CHIFUBU|GRANT|CHIFUBU WARD COMMUNITY CLUB|COMMUNITY|15939|CHIFUBU|BORNFACE KANYANTA|VARIOUS ACTIVITIES|TRADE|40000.0|2025|APPROVED
NCC-CDF-EMP-0360|CHIFUBU|GRANT|N C CARPENTRY JOINERY COOPERATIVE|COMMUNITY|468|CHIFUBU|AUSTIN SIANKUKU|CARPENTRY|WOOD PROCESSING|20000.0|2025|APPROVED
NCC-CDF-EMP-0361|CHIFUBU|GRANT|TWAFWENI MULTI-PURPOSE|COMMUNITY|4995|CHIFUBU|THOMAS GOMA|POULTRY|LIVESTOCK|10000.0|2025|APPROVED
NCC-CDF-EMP-0362|CHIFUBU|GRANT|TULOLESHENIKO WOMENS CLUB|WOMEN|15946|KAWAMA|MARY MBULO|POULTRY|LIVESTOCK|20000.0|2025|APPROVED
NCC-CDF-EMP-0363|CHIFUBU|GRANT|KOZMAN MULTIPURPOSE CO- OPERATIVE|WOMEN|16024|PAMODZI|MIRRIA MOFYA|POULTRY|LIVESTOCK|25000.0|2025|APPROVED
NCC-CDF-EMP-0364|CHIFUBU|GRANT|TEMWENYI CO-OPERATIVE|COMMUNITY|16678|KAMBA|CHILESHE MUSAKANYA|FOOD BUSINESS|TRADE|15000.0|2025|APPROVED
NCC-CDF-EMP-0365|CHIFUBU|GRANT|HEALING LIFE EMBASSY MULTIPURPOSE CO-OPERATIVE|WOMEN|16025|KAWAMA|SUSAN KALALA|POULTRY|LIVESTOCK|30000.0|2025|APPROVED
NCC-CDF-EMP-0366|CHIFUBU|GRANT|MWAZIONA CLUB|WOMEN|1645|CHIFUBU|KABULA TRACY|POULTRY|LIVESTOCK|40000.0|2025|APPROVED
NCC-CDF-EMP-0367|CHIFUBU|GRANT|KOMBE MULTI-PURPOSE COOPERATIVE|WOMEN|4993|CHIFUBU|CLARA MULENGA|POULTRY|LIVESTOCK|20000.0|2025|APPROVED
NCC-CDF-EMP-0368|CHIFUBU|GRANT|YOUTH PARTNERSHIP FOR PEACE DEVELOPMENT|WOMEN|RNGO 101/1806/2|0P2A2MODZI|NGANDWE ELIZABETH|TAILORING AND COMPUTERS|TRADE|15000.0|2025|APPROVED
NCC-CDF-EMP-0369|CHIFUBU|GRANT|CHRINO CO-OPERATIVE|COMMUNITY|16021|FIBOBE|CHRSTWA MUTALE|VILLAGE BANKING|FINANCE|20000.0|2025|APPROVED
NCC-CDF-EMP-0370|CHIFUBU|GRANT|POZYIWA MULTIPURPOSE CO- OPERATIVE|COMMUNITY|16023|CHIFUBU|CHUNGU STEPHANIA|CHICKEN LAYERING|LIVESTOCK|25000.0|2025|APPROVED
NCC-CDF-EMP-0371|CHIFUBU|GRANT|D MOVEMENT CLUB|COMMUNITY|15873|KAWAMA|MAMBWE AMINA|POULTRY|LIVESTOCK|20000.0|2025|APPROVED
NCC-CDF-EMP-0372|CHIFUBU|GRANT|GOD FOR ALL CLUB|COMMUNITY|4787|KAMBA|BETRAM MWENDA|VILLAGE BANKING|FINANCE|40000.0|2025|APPROVED
NCC-CDF-EMP-0373|CHIFUBU|GRANT|TWIKATANE KAMBA|YOUTH|4769|KAMBA|INNICENT BAKA|VILLAGE BANKING|FINANCE|40000.0|2025|APPROVED
NCC-CDF-EMP-0374|CHIFUBU|GRANT|1010 KAMBA|YOUTH|4786|KAMBA|PROMISE MULENGA|VILLAGE BANKING|FINANCE|40000.0|2025|APPROVED
NCC-CDF-EMP-0375|CHIFUBU|GRANT|TULOMBE CLUB|YOUTH|4785|KAMBA|JEREMY BANDA|VILLAGE BANKING|FINANCE|35000.0|2025|APPROVED
NCC-CDF-EMP-0376|CHIFUBU|GRANT|CATHOLIC MISSION FRANCISCAN FATHERS|COMMUNITY|ORS/102/27/35843|KAMBA|TUNDASHI|FARMING|AGRICULTUR E|20000.0|2025|APPROVED
NCC-CDF-EMP-0377|CHIFUBU|GRANT|ELLIANA MULTIPURPOSE CO- OPERATIVE|COMMUNITY|16699|PAMODZI|MULIFE KENNY MALAMBO|CATERING|TRADE|30000.0|2025|APPROVED
NCC-CDF-EMP-0378|CHIFUBU|GRANT|BILLS CLUB|YOUTH|16014|CHIFUBU|HELLEN MUTALE|VILLAGE BANKING|FINANCE|20000.0|2025|APPROVED
NCC-CDF-EMP-0379|CHIFUBU|GRANT|BWENGWA MULTIPURPOSE CO- OPERATIVE|YOUTH|4966|FIBOBE|MAGRETE NJOVU|POULTRY|LIVESTOCK|20000.0|2025|APPROVED
NCC-CDF-EMP-0380|KABUSHI|GRANT|MAPEPO ZONE WOMEN'S CLUB|WOMEN|0956|KABUSHI|ANNIE KATAYA|VILLAGE BANKING|FINANCE|20000.0|2025|APPROVED
NCC-CDF-EMP-0381|KABUSHI|GRANT|TWALUMBA LADIES CLUB|WOMEN|0541|LUBUTO|EMELDA MURAPA|CHICKEN REARING|AGRICULTURE|40000.0|2025|APPROVED
NCC-CDF-EMP-0382|KABUSHI|GRANT|NATASHA COMMUNITY CLUB|COMMUNITY|15182|KABUSHI|WHYNESS BWALYA|VILLAGE BANKING|FINANCE|20000.0|2025|APPROVED
NCC-CDF-EMP-0383|KABUSHI|GRANT|MUZABALINGA WOMEN'S CLUB|WOMEN|16086|KABUSHI|JANE LUNDU|VILLAGE BANKING|FINANCE|25000.0|2025|APPROVED
NCC-CDF-EMP-0384|KABUSHI|GRANT|PATALI WOMEN MULTIPURPOSE COOPERATIVE|WOMEN|420180046976|LUBUTO|DOROTHY CHOMBA|VILLAGE BANKING|FINANCE|20000.0|2025|APPROVED
NCC-CDF-EMP-0385|KABUSHI|GRANT|CHAWEKA INTER UNION CLUB|COMMUNITY|0646|MUKUBA|ERICA CHISENGA|VILLAGE BANKING|FINANCE|20000.0|2025|APPROVED
NCC-CDF-EMP-0386|KABUSHI|GRANT|LUBEMBA WOMEN'S CLUB|WOMEN|0642|MUKUBA|TINA M. KULELA|VILLAGE BANKING|FINANCE|25000.0|2025|APPROVED
NCC-CDF-EMP-0387|KABUSHI|GRANT|LUUSHOMO MULTIPURPOSE COOPERATIVE SOCIETY LIMITED|COMMUNITY|420220113060|LUBUTO|KAPAMPA ERNEST|PEANUT BUTTER MAKING|PRODUCTION|20000.0|2025|APPROVED
NCC-CDF-EMP-0388|KABUSHI|GRANT|CHREMI BLOCK MAKING COOPERATIVE|COMMUNITY|0560|LUBUTO|MICHAEL SINKALA|VILLAGE BANKING|FINANCE|20000.0|2025|APPROVED
NCC-CDF-EMP-0389|KABUSHI|GRANT|EDWELINI WOMEN MULTI-PURPOSE COOPERATIVE SOCIETY|WOMEN|420220108565|LUBUTO|PRISCILLA MUNASANGU|6VILLAGE BANKING|FINANCE|20000.0|2025|APPROVED
NCC-CDF-EMP-0390|KABUSHI|GRANT|NGWEE MULTI-PURPOSE COOPERATIVE SOCIETY LIMITED|COMMUNITY|420220106662|LUBUTO|JONATHAN MULEMENA|VILLAGE BANKING|FINANCE|20000.0|2025|APPROVED
NCC-CDF-EMP-0391|KABUSHI|GRANT|MAYOMPAPA WOMEN'S CLUB|WOMEN|4610|LUBUTO|CHIPAYENI ILLENGA|CHICKEN REARING|AGRICULTURE|20000.0|2025|APPROVED
NCC-CDF-EMP-0392|KABUSHI|GRANT|ENVISIONED MULTI-PURPOSE COOPERATIVE SOCIETY|COMMUNITY|420220110797|LUBUTO|PATRICIA NGIMBI|VILLAGE BANKING|FINANCE|20000.0|2025|APPROVED
NCC-CDF-EMP-0393|KABUSHI|GRANT|TOKA UNITY CLUB|COMMUNITY|4330|TOKA|NYEMBA TIMOTHY|CHICKEN REARING|AGRICULTURE|20000.0|2025|APPROVED
NCC-CDF-EMP-0394|KABUSHI|GRANT|AGAPE WOMEN CLUB|WOMEN|3692|TOKA|RUTH MUTAMBO|SELLING OF RICE|TRADE AND COM|20000.0|2025|APPROVED
NCC-CDF-EMP-0395|KABUSHI|GRANT|TUSUNTULENI COOPERATIVE|COMMUNITY|3738|KAFUBU|MOSES MASHIKOLO|VILLAGE BANKING|FINANCE|20000.0|2025|APPROVED
NCC-CDF-EMP-0396|KABUSHI|GRANT|UJAMA WOMEN'S CLUB|WOMEN|15511|KABUSHI|MARGRET PHIRI|VILLAGE BANKING|FINANCE|20000.0|2025|APPROVED
NCC-CDF-EMP-0397|KABUSHI|GRANT|FISH AND KAPENTA COOPERATIVE|WOMENS|0780|MASALA|CECILIA CHIKONDE|FISH SELLING|TRADE|20000.0|2025|APPROVED
NCC-CDF-EMP-0398|KABUSHI|GRANT|KAFUBU QUEENS NETBALL CLUB|YOUTH|15056|KAFUBU|ALICE MVULA|NETBALL CLUB|SPORTS|30000.0|2025|APPROVED
NCC-CDF-EMP-0399|KABUSHI|GRANT|KAPWEPWE YOUTH CLUB|YOUTH|15014|KAFUBU|ALBINAH KAFULA|SELLING BEANS|BUSINESS|30000.0|2025|APPROVED
NCC-CDF-EMP-0400|KABUSHI|GRANT|PARADISE COMMUNITY GROUP|COMMUNITY|0096|KALOKO|MIRRIAM MHANGO|VILLAGE BANKING|FINANCE|20000.0|2025|APPROVED
NCC-CDF-EMP-0401|KABUSHI|GRANT|ISRAEL WOMEN'S CLUB|WOMEN|1353|LUBUTO|CHRISTINE CHIPONDE|VILLAGE BANKING|FINANCE|20000.0|2025|APPROVED
NCC-CDF-EMP-0402|KABUSHI|GRANT|HOME OF WONDERS YOUTH CLUB|COMMUNITY|4117|LUBUTO|GIBSON SINGOGO|VILLAGE BANKING|FINANCE|20000.0|2025|APPROVED
NCC-CDF-EMP-0403|KABUSHI|GRANT|TWENSHE MULTIPURPOSE|COMMUNITY|15839|KALOKO|KNGSTONE MUSAMBI|SELLING OF SECOND H|ATNRADD WEE AANRD COM|20000.0|2025|APPROVED
NCC-CDF-EMP-0404|KABUSHI|GRANT|NATWIKANE TUBOMBELE PAMO M.P.C|COMMUNITY|4745|MUKUBA|YVONNE KAMPAMBA|CHICKEN REARING|AGRICULTURE|25000.0|2025|APPROVED
NCC-CDF-EMP-0405|KABUSHI|GRANT|TUKABOMBESHA SANA CLUB|COMMUNITY|4746|MUKUBA|THERESA CHIMFWEMBE|VILLAGE BANKING|FINANCE|20000.0|2025|APPROVED
NCC-CDF-EMP-0406|KABUSHI|GRANT|BRIDGE OF LIFE CLUB|COMMUNITY|16680|TOKA|ENOCK LIKANGU|CHICKEN REARING|AGRICULTURE|30000.0|2025|APPROVED
NCC-CDF-EMP-0407|KABUSHI|GRANT|MASAWA COOPERATIVE|COMMUNITY|15862|KABUSHI|CHIKONDE CECILLIA|CHICKEN REARING|AGRICULTURE|20000.0|2025|APPROVED
NCC-CDF-EMP-0408|KABUSHI|GRANT|MULUCHI MULTPURPOSE COOPERATIVE|COMMUNITY|15820|TOKA|HARRISON SOKO|CHICKEN REARING|AGRICULTURE|20000.0|2025|APPROVED
NCC-CDF-EMP-0409|KABUSHI|GRANT|LUBUTO DISABILITIES CLUB|COMMUNITY|16083|KABUSHI|CHISHIMBA EVANS|VILLAGE BANKING|FINANCE|20000.0|2025|APPROVED
NCC-CDF-EMP-0410|KABUSHI|GRANT|BUYO GROUP CLUB|COMMUNITY|16082|KABUSHI|EDITH CHEWE|VILLAGE BANKING|FINANCE|20000.0|2025|APPROVED
NCC-CDF-EMP-0411|KABUSHI|GRANT|UBULUBWA CLUB|COMMUNITY|16084|KABUSHI|MULENGA|VILLAGE BANKING|FINANCE|20000.0|2025|APPROVED
NCC-CDF-EMP-0412|KABUSHI|GRANT|MAIDS CLUB|WOMEN|0503|KAFUBU|MERCY MUSAKANYA|VILLAGE BANKING|FINANCE|20000.0|2025|APPROVED
NCC-CDF-EMP-0413|KABUSHI|GRANT|PIURE COMPLEX MULTI-PURPOSE|COMMUNITY|420220111271|LUBUTO|BWALYA HENRY|VILLAGE BANKING|FINANCE|20000.0|2025|APPROVED
NCC-CDF-EMP-0414|KABUSHI|GRANT|SEED FOUNDATION OF THE DISABLED|COMMUNITY|15826|KABUSHI|EDITH KATEMBO|CHICKEN REARING|AGRICULTURE|20000.0|2025|APPROVED
NCC-CDF-EMP-0415|KABUSHI|GRANT|CHACHINE COMMUNITY CLUB|COMMUNITY|0502|LUBUTO|LINDA MUNUNGA|VILLAGE BANKING|FINANCE|25000.0|2025|APPROVED
NCC-CDF-EMP-0416|KABUSHI|GRANT|FRUITFUL COOPERATIVE|COMMUNITY|0630|SKYWAYS|ANNIE MUYAMWA|VILLAGE BANKING|FINANCE|40000.0|2025|APPROVED
NCC-CDF-EMP-0417|KABUSHI|GRANT|NEW DAWN COMMUNITY CLUB|COMMUNITY|4626|KALOKO|TINA MUMA|VILLAGE BANKING|FINANCIAL|40000.0|2025|APPROVED
NCC-CDF-EMP-0418|KABUSHI|GRANT|WOMEN MAKING A DIFFERENCE MULTIPURPOSE COOPERATIVE SOCIETY LIMITED|WOMEN|420210098555|SKYWAYS|FILDA MULALA|CHICKEN REARING|AGRICULTURE|40000.0|2025|APPROVED
NCC-CDF-EMP-0419|KABUSHI|GRANT|TWENDELE PAMO (TPC) CLUB|COMMUNITY|0520|KALOKO|RICHARD SINYINDA|SELLING OF SECOND H|ARNETDA WILE AANRD WHO|3.0|2025|APPROVED
NCC-CDF-EMP-0420|KABUSHI|GRANT|BULLET PROOF YOUTH CLUB|COMMUNITY|16666|MASALA|SAKALA KENNEDY|CHICKEN REARING|AGRICULTURE|30000.0|2025|APPROVED
NCC-CDF-EMP-0421|KABUSHI|GRANT|ST PAUL'S UCZ TWIKATANE YOUTH CLUB|YOUTH|0880|MASALA|RABECCA KATONGO|CHICKEN REARING|AGRICULTURE|20000.0|2025|APPROVED
NCC-CDF-EMP-0422|KABUSHI|GRANT|UKUSEFYA MULTIPURPOSE CO- OPERATIVE|COMMUNITY|16694|MASALA|HILDAH BANDA|CHICKEN REARING|AGRICULTURE|20000.0|2025|APPROVED
NCC-CDF-EMP-0423|KABUSHI|GRANT|MWERU-WANTIPA CO-OPERATIVE|COMMUNITY|15176|MASALA|CHITUNA GILLIAN BWAL|SECOND HAND CLOTH|ETSR ADE AND COM|40000.0|2025|APPROVED
NCC-CDF-EMP-0424|KABUSHI|GRANT|TUBOMBA NA LESA CLUB|COMMUNITY|16668|KABUSHI|SUWILANJI NAMUKANGE|VILLAGE BANKING|FINANCE|20000.0|2025|APPROVED
NCC-CDF-EMP-0425|KABUSHI|GRANT|JUST CLUB|COMMUNITY|16675|SKYWAYS|ANNIE CHIRWA|CHICKEN REARING|RETAIL AND WHO|3.0|2025|APPROVED
NCC-CDF-EMP-0426|KABUSHI|GRANT|SHAKAINAH WOMEN'S CLUB|WOMEN|15407|LUBUTO|BEAUTY KUNDA|CHICKEN REARING|AGRICULTURE|20000.0|2025|APPROVED
NCC-CDF-EMP-0427|KABUSHI|GRANT|CHINAMANONGO BISA CLUB|COMMUNITY|15080|MASALA|GEOEGE M. SALATI|CHICKEN REARING|AGRICULTURE|40000.0|2025|APPROVED
NCC-CDF-EMP-0428|KABUSHI|GRANT|MBULUMINA PALACE YOUTH CLUB|WOMEN|15126|MASALA|NAOMI CHIBESA|FOOD PRODUCTION/CA|RTEERTAINILG AND WHO|2.0|2025|APPROVED
NCC-CDF-EMP-0429|KABUSHI|GRANT|SUNGA CLUB|COMMUNITY|15931|MUKUBA|CHARITY KALUBA|VILLAGE BANKING|FINANCE|30000.0|2025|APPROVED
NCC-CDF-EMP-0430|KABUSHI|GRANT|EXODUS COMMUNITY CLUB|COMMUNITY|16076|LUBUTO|DINES MUKOSHA|VILLAGE BANKING|FINANCE|30000.0|2025|APPROVED
NCC-CDF-EMP-0431|KABUSHI|GRANT|CHINDALO CLUB|COMMUNITY|16684|MASALA|JOSEPH CHINGANGU|VILLAGE BANKING|FINANCE|20000.0|2025|APPROVED
NCC-CDF-EMP-0432|KABUSHI|GRANT|CHEERS CHRISTIAN COMMUNITY|COMMUNITY|15788|SKYWAYS|ESTHER BANDA|VILLAGE BANKING|FINANCE|25000.0|2025|APPROVED
NCC-CDF-EMP-0433|KABUSHI|GRANT|BUYANTANSHI COOPERATIVE|COMMUNITY|1730|KALOKO|JOSEPH FIMUNYAMA|SELLING OF TIMBER|RETAIL AND WHO|2.0|2025|APPROVED
NCC-CDF-EMP-0434|KABUSHI|GRANT|LYACHI WOMEN'S CLUB|WOMEN|15702|MUKUBA|FEBBY MUMA|VILLAGE BANKING|FINANCE|20000.0|2025|APPROVED
NCC-CDF-EMP-0435|KABUSHI|GRANT|BUSEKELO WOMENS CLUB|WOMEN|0254|LUBUTO|HAMOONGA NAMOYA CH|CHICKEN REARING|AGRICULTURE|20000.0|2025|APPROVED
NCC-CDF-EMP-0436|KABUSHI|GRANT|MWINGAYA YOUTH CLUB|COMMUNITY|4930|MASALA|GLADS PHIRI|MOBILE MONEY SERVI|CFEINSANCE|25000.0|2025|APPROVED
NCC-CDF-EMP-0437|KABUSHI|GRANT|MECHISHI WOMEN CLUB|WOMEN|15794|LUBUTO|PRUDENCE MAKALANGA|VILLAGE BANKING|FINANCE|25000.0|2025|APPROVED
NCC-CDF-EMP-0438|KABUSHI|GRANT|KETMARS CONSORTIUM CLUB|WOMEN|16074|LUBUTO|MARGRET LUNGU|VILLAGE BANKING|FINANCE|20000.0|2025|APPROVED
NCC-CDF-EMP-0439|KABUSHI|GRANT|DOCAS CLUB|COMMUNITY|158081|KALOKO|TABITHA MWAMBA|BLOCK MAKING|MANUFACTURING|20000.0|2025|APPROVED
NCC-CDF-EMP-0440|KABUSHI|GRANT|OCEAN YOUTH CLUB|COMMUNITY|16681|KALOKO|STANELY CHOMBA|VILLAGE BANKING|FINANCE|20000.0|2025|APPROVED
NCC-CDF-EMP-0441|KABUSHI|GRANT|SKYUP COOPERATE CLUB|COMMUNITY|15914|SKYWAYS|REUBEN MWANZA|BLOCK MAKING|MANUFACTURING|20000.0|2025|APPROVED
NCC-CDF-EMP-0442|KABUSHI|GRANT|CHALO BANTU MULTIPURPOSE COOPERATIVE|COMMUNITY|16685|MUKUBA|FELISTUS CHEWE|VILLAGE BANKING|FINANCE|20000.0|2025|APPROVED
NCC-CDF-EMP-0443|KABUSHI|GRANT|KABUSHI HARVEST CLUB|COMMUNITY|15864|KABUSHI|MICHAEL MASIYE|BROILER PRODUCTION|AGRICULTURE|30000.0|2025|APPROVED
NCC-CDF-EMP-0444|KABUSHI|GRANT|MUKWASU WOMEN CLUB|WOMEN|15627|MASALA|DOROTHY K KONKOLA|VILLAGE BANKING|FINANCE|20000.0|2025|APPROVED
NCC-CDF-EMP-0445|KABUSHI|GRANT|TAMBALALE MAIN MASALA MARKE|TCEOEMRSM UNITY|2014|MUKUBA|LUCKSON JERE|VILLAGE BANKING|FINANCE|30000.0|2025|APPROVED
NCC-CDF-EMP-0446|KABUSHI|GRANT|KABUSHI CATHOLIC MENS ORGANISATION|COMMUNITY|15918|KABUSHI|AUGUSTINE MULUBWA|VILLAGE BANKING|FINANCE|20000.0|2025|APPROVED
NCC-CDF-EMP-0447|KABUSHI|GRANT|SHINING STARS CLUB|COMMUNITY|4261|KABUSHI|PETER KASABA|VILLAGE BANKING|FINANCE|25000.0|2025|APPROVED
NCC-CDF-EMP-0448|KABUSHI|GRANT|BULEME COOPERATIVE|COMMUNITY|15124|KABUSHI|CHIMBALA KELVIN|CHICKEN REARING|AGRICULTURE|40000.0|2025|APPROVED
NCC-CDF-EMP-0449|KABUSHI|GRANT|LIMPO WOMEN'S CLUB|WOMEN|15509|KABUSHI|ANNIE KANTUMOYA|VILLAGE BANKING|FINANCE|30000.0|2025|APPROVED
NCC-CDF-EMP-0450|KABUSHI|GRANT|CHIBAMU CLUB|COMMUNITY|3393|MUKUBA|BWALYA ELIZABETH|CHICKEN REARING|AGRICULTURE|20000.0|2025|APPROVED
NCC-CDF-EMP-0451|KABUSHI|GRANT|JEHOVAH TSIDKENU CLUB|COMMUNITY|0553|MASALA|KAOMA SOLOMON|CHICKEN REARING|AGRICULTURE|20000.0|2025|APPROVED
NCC-CDF-EMP-0452|KABUSHI|GRANT|UMWEMBESHI CLUB|COMMUNITY|15897|KALOKO|CHIPANAMA TABBY|CAR WASH BUSINESS|SERVICE|25000.0|2025|APPROVED
NCC-CDF-EMP-0453|KABUSHI|GRANT|NEW GENARATION|COMMUNITY|15508|KALOKO|BEATRICE MUTUBUTUBU|CHICKEN REARING|AGRICULTURE|20000.0|2025|APPROVED
NCC-CDF-EMP-0454|KABUSHI|GRANT|KAZMAN MULTPURPOSE CLUB|COMMUNITY|3867|MUKUBA|STANELY MWANGA|VILLAGE BANKING|FINANCE|30000.0|2025|APPROVED
NCC-CDF-EMP-0455|KABUSHI|GRANT|CENTRE BOYS YOUTH CLUB|YOUTH|4904|LUBUTO|KELVIN MWATULA|VILLAGE BANKING|FINANCE|30000.0|2025|APPROVED
NCC-CDF-EMP-0456|KABUSHI|GRANT|FILEMONKA CLUB|WOMEN|15581|KAFUBU|BRENDA MWANZA|VILLAGE BANKING|FINANCE|30000.0|2025|APPROVED
NCC-CDF-EMP-0457|KABUSHI|GRANT|POWER HOUSE COMMUNITY CLUB|COMMUNITY|15414|LUBUTO|EDNA CHAMENE|VILLAGE BANKING|FINANCE|20000.0|2025|APPROVED
NCC-CDF-EMP-0458|KABUSHI|GRANT|CHIYAMBI WOMEN'S REFORMED CH|UWROCMHEN|15634|LUBUTO|LETINESSS N. MWANZA|CHICKEN REARING|AGRICULTURE|20000.0|2025|APPROVED
NCC-CDF-EMP-0459|KABUSHI|GRANT|UNITED POWER YOUTH CLUB|COMMUNITY|000674|MUKUBA|AARON MWAPE|SALAULA BUSINESS|RETAIL AND WHO|2.0|2025|APPROVED
NCC-CDF-EMP-0460|KABUSHI|GRANT|NGOSA MARKETEERS|COMMUNITY|15442|KALOKO|LUDOVICK BANDA|VILLAGE BANKING|FINANCE|20000.0|2025|APPROVED
NCC-CDF-EMP-0461|KABUSHI|GRANT|NDANJI WOMEN'S CLUB|WOMEN|15974|LUBUTO|ELLIZABETH CHISANGA|VILLAGE BANKING|FINANCE|20000.0|2025|APPROVED
NCC-CDF-EMP-0462|KABUSHI|GRANT|OVERCOMERS WOMEN'S CLUB|COMMUNITY|15613|LUBUTO|BRENDA CHISHALA|VILLAGE BANKING|FINANCE|20000.0|2025|APPROVED
NCC-CDF-EMP-0463|KABUSHI|GRANT|JEHOVAH JAIRE WOMENS CLUB|WOMEN|15192|LUBUTO|ZINIYA SALUNGU|VILLAGE BANKING|FINANCE|20000.0|2025|APPROVED
NCC-CDF-EMP-0464|KABUSHI|GRANT|TWIKATANE MUKUBA WOMEN'S CL|UWBOMEN|3206|MUKUBA|SHARON MULIMBA|CHICKEN REARING|AGRICULTURE|20000.0|2025|APPROVED
NCC-CDF-EMP-0465|KABUSHI|GRANT|HELPERS FORUM CLUB|COMMUNITY|4744|KABUSHI|DAVID CHIPOYA|VEGETABLE PRODUCT|IAOGNRICULTURE|30000.0|2025|APPROVED
NCC-CDF-EMP-0466|KABUSHI|GRANT|WALUSUNGU CLUB|COMMUNITY|15861|LUBUTO|MARGRET MWANSA|CHICKEN REARING|POUTRY FARMING|20000.0|2025|APPROVED
NCC-CDF-EMP-0467|KABUSHI|GRANT|TWIKATANE BONSE|COMMUNITY|1305|TOKA|TEMBO VICTOR|CHICKEN REARING|AGRICULTURE|30000.0|2025|APPROVED
NCC-CDF-EMP-0468|KABUSHI|GRANT|CAIRO TAX DRIVERS|COMMUNITY|0504|SKYWAYS|BROGGARIN MBULO|VILLAGE BANKING|FINANCE|30000.0|2025|APPROVED
NCC-CDF-EMP-0469|KABUSHI|GRANT|MECHANICAL ARTISAN|COMMUNITY|0723|KAFUBU|KINGSELY BOTHA|HARDWARE AND AUT|OR SEPTAARILE SAND WHO|2.0|2025|APPROVED
NCC-CDF-EMP-0470|KABUSHI|GRANT|ROM YOUTH 5000 EMPOWERMENT SYSTEM KABUSHI|COMMUNITY|0004526||DAVID MUSONDA|VILLAGE BANKING|FINANCIAL|20000.0|2025|APPROVED
NCC-CDF-EMP-0471|KABUSHI|GRANT|BETTER DAYS MULTIPURPOSE COOP|ECROAMTMIVUENITY|16672|KALOKO|CHIBIYA CAHANDO JOAN|VILLAGE BANKING|FINANCE|30000.0|2025|APPROVED
NCC-CDF-EMP-0472|KABUSHI|GRANT|KING DAVID YOUTH CLUB|COMMUNITY|15527|TOKA|ERICK MUSAKU|VILLAGE BANKING|FINANCE|20000.0|2025|APPROVED
NCC-CDF-EMP-0473|KABUSHI|GRANT|TEHILAH MULTPURPOSE COOPERAT|ICVOEMMUNITY|15221|TOKA|CLEOPATRA MUTAM,BO|VILLAGE BANKING|FINANCE|20000.0|2025|APPROVED
NCC-CDF-EMP-0474|KABUSHI|GRANT|MALUMBO CLUB|WOMEN|15856|KALOKO|SHIBA CHINDU|VILLAGE BANKING|FINANCE|20000.0|2025|APPROVED
NCC-CDF-EMP-0475|KABUSHI|GRANT|HOSSANA UCZ CLUB|COMMUNITY|0525|KABUSHI|ETHEL MULENGA|CHICKEN REARING|AGRICULTURE|30000.0|2025|APPROVED
NCC-CDF-EMP-0476|KABUSHI|GRANT|SHAKA THE ZULU CLUB|COMMUNITY|15888|MASALA|GLADYS CHIRWA|CHICKEN REARING|AGRICULTURE|40000.0|2025|APPROVED
NCC-CDF-EMP-0477|KABUSHI|GRANT|NAZARETH WOMEN LAY GROUP CA|TWHOOLMICEN|15762|MUKUBA|MONICA T. MUMBA|VILLAGE BANKING|FINANCE|20000.0|2025|APPROVED
NCC-CDF-EMP-0478|KABUSHI|GRANT|FOUNTAIN OF GRACE YOUTH MINISTERIES CLUB|COMMUNITY|1713|LUBUTO|FRANCIS MEMBE|CHICKEN REARING|AGRICULTURE|30000.0|2025|APPROVED
NCC-CDF-EMP-0479|KABUSHI|GRANT|FIPELWA NA LESA|COMMUNITY|1388|KANUSHI|EUNICE CHILUFYA|VILLAGE BANKING|FINANCE|20000.0|2025|APPROVED
NCC-CDF-EMP-0480|KABUSHI|GRANT|MACHAKOS CLUB|WOMEN|15632|MUKUBA|LIZZIE KATONKOLA|VILLAGE BANKING|FINANCE|20000.0|2025|APPROVED
NCC-CDF-EMP-0481|KABUSHI|GRANT|ULUBUTO CLUB|COMMUNITY|0743|KAFUBU|SYDNEY KASAMBA|CHICKEN REARING|AGRICULTURE|20000.0|2025|APPROVED
NCC-CDF-EMP-0482|KABUSHI|GRANT|CHINOWACHA CLUB|WOMEN|16692|LUBUTO|ELIZABETH MANGI|POUTRY|AGRICULTURE|20000.0|2025|APPROVED
NCC-CDF-EMP-0483|KABUSHI|GRANT|KUKAMU MULTIPURPURPOSE CO- OPERATIVE|WOMEN|15825|KABUSHI|CHARITY MUKUKA|POUTRY|AGRICULTURE|20000.0|2025|APPROVED
NCC-CDF-EMP-0484|NDOLA CENTRAL|LOAN|BET TAILORS AND GENERAL DEALERS|Community WOMEN|PACRA|3100816128421|NKWAZI|0979882509|TRANSPORT|70000.0|2025|APPROVED
NCC-CDF-EMP-0485|NDOLA CENTRAL|LOAN|BOYS KICTHEN|COMMUNITY|PACRA|3111531894203|TWAPIA|0975897043|RESTAURANT|50000.0|2025|APPROVED
NCC-CDF-EMP-0486|NDOLA CENTRAL|LOAN|BRITCOM ELECTRONICS|COMMUNITY|REGISTRAR OF COMPANIES|311101873901|KANSENSHI|0977870455|POULTRY|100000.0|2025|APPROVED
NCC-CDF-EMP-0487|NDOLA CENTRAL|LOAN|BUBILE ENTERPRISES|WOMEN|PACRA|2078814285801|TWAPIA|966742733|FISH FARMING|100000.0|2025|APPROVED
NCC-CDF-EMP-0488|NDOLA CENTRAL|LOAN|BUPILO MULTI-PURPOSE COOPERATIVE|COMMUNITY|NDOLA CITY COUNCIL|3110632082201|MAPALO|0967971236|TRANSPORT|120000.0|2025|APPROVED
NCC-CDF-EMP-0489|NDOLA CENTRAL|LOAN|CAVAGE MULTIPURPOSE COOPERATIVE SOOCIETY LIMITED|COMMUNITY|PACRA|3110632780201|TWAPIA|0963590303|TRANSPORT|50000.0|2025|APPROVED
NCC-CDF-EMP-0490|NDOLA CENTRAL|LOAN|CED MEDIA SOLUTIONS|COMMUNITY|PACRA|311508115801|TWAPIA|0967754477|MEDIA|120000.0|2025|APPROVED
NCC-CDF-EMP-0491|NDOLA CENTRAL|LOAN|CHIKON INVESTMENT LIMITED|COMMUNITY|REGISTRAR OF COMPANIES|3111592427801|YENGWE|0965572727|PIGGERY|6.0|2025|APPROVED
NCC-CDF-EMP-0492|NDOLA CENTRAL|LOAN|CHITWAMO GENERAL DEALERS|COMMUNITY|PACRA|3111509655801|TWAPIA|0970317353|FISH FARMING|120000.0|2025|APPROVED
NCC-CDF-EMP-0493|NDOLA CENTRAL|LOAN|DENTWORKS BODY CLINIC|COMMUNITY|PACRA|3111528687902|KANSENSHI|0967115475|VEHICLE REPAIRS|80000.0|2025|APPROVED
NCC-CDF-EMP-0494|NDOLA CENTRAL|LOAN|DRUID PARK GENERAL DEALERS|COMMUNITY|PACRA|3111124289801|KANSENSHI|0963988626|AUTO SPARE|100000.0|2025|APPROVED
NCC-CDF-EMP-0495|NDOLA CENTRAL|LOAN|EVERREIGNS INSTITUTE OF HEALTH AND SOCIAL SCIENCES|COMMUNITY|PACRA|3111532442202|DAG|0978865665|PLANT CULTIVATION|50000.0|2025|APPROVED
NCC-CDF-EMP-0496|NDOLA CENTRAL|LOAN|GP TRANSPORTER|COMMUNITY|REGISTRAR OF COOPERATIVES|3110600369804|KANINII|0966905068|TRANSPORT|90000.0|2025|APPROVED
NCC-CDF-EMP-0497|NDOLA CENTRAL|LOAN|GRAMO MPC|COMMUNITY|NDOLA CITY COUNCIL|3110629211902|MAPALO|0973942822|WINTER MAIZE|100000.0|2025|APPROVED
NCC-CDF-EMP-0498|NDOLA CENTRAL|LOAN|ISOMA AGRICULTURE CO- OPERATIVE SOCIETY|COMMUNITY|REGISTRAR OF COOPERATIVES|3110634244302|DAG|0966673781|TRANSPORT|70000.0|2025|APPROVED
NCC-CDF-EMP-0499|NDOLA CENTRAL|LOAN|JUMUKA POULTRY FARMING|COMMUNITY|PACRA|3111589519701|NKWAZI|0977255609|POULTRY|50000.0|2025|APPROVED
NCC-CDF-EMP-0500|NDOLA CENTRAL|LOAN|JUST MU SUPPLIES AND GENERAL DEALERS|COMMUNITY|PACRA|3111528095902|KANINI|0964127357|WHOLESALE TRADE|100000.0|2025|APPROVED
NCC-CDF-EMP-0501|NDOLA CENTRAL|LOAN|KALETA MULTI-PURPOSE COOPERATIVE|COMMUNITY|NDOLA CITY COUNCIL|3110608815901|YENGWE|0966590185|WINTER MAIZE PRODUCTION|50000.0|2025|APPROVED
NCC-CDF-EMP-0502|NDOLA CENTRAL|LOAN|KAMETE GENERAL DEALERS||PACRA|3111534102302|KANINI|0966963638|CARPENTARY &METAL FAB|100000.0|2025|APPROVED
NCC-CDF-EMP-0503|NDOLA CENTRAL|LOAN|KANINI COMMUNITY MPC||NDOLA CITY COUNCIL|3110609399901|KANINI|0972001369|TRANSPORT|84000.0|2025|APPROVED
NCC-CDF-EMP-0504|NDOLA CENTRAL|LOAN|KEN GENERATION GENERAL DEALERS|COMMUNITY|REGISTRAR OF BUSINESS|3111534624301|TWAPIA|0966454563|CONSTRUCTION|50000.0|2025|APPROVED
NCC-CDF-EMP-0505|NDOLA CENTRAL|LOAN|KEONNA ENTERPRISES|COMMUNITY|PACRA|3111503463801|DAG|0977459064|MEAT PROCESSING|130000.0|2025|APPROVED
NCC-CDF-EMP-0506|NDOLA CENTRAL|LOAN|KUZWELA MULTIPURPOSE COOPERATIVE|YOUTH|NYDC|3110674689401|NKWAZI|0975598656|TRANSPORT|50000.0|2025|APPROVED
NCC-CDF-EMP-0507|NDOLA CENTRAL|LOAN|L.M GENERAL DEALERS|COMMUNITY|PACRA|3111506547801|DAG|0962125989|GROCERY|120000.0|2025|APPROVED
NCC-CDF-EMP-0508|NDOLA CENTRAL|LOAN|LOWGINA GROCERY AND RESTRAUNT|COMMUNITY|REGISTRAR OF BUSINESS|3111534048302|YENGWE|0966788541|CATERING SERVICES|50000.0|2025|APPROVED
NCC-CDF-EMP-0509|NDOLA CENTRAL|LOAN|LUMATECH MULTI-PURPOSE COOPERATIVE|COMMUNITY|NDOLA CITY COUNCIL|3110629483902|TWAPIA|0962365270|PUBLIC TRANSPORT|150000.0|2025|APPROVED
NCC-CDF-EMP-0510|NDOLA CENTRAL|LOAN|LWIZHI ENTERPRISES|WOMEN|PACRA|3111796701802|TWAPIA|0976248316|BUTCHERY|50000.0|2025|APPROVED
NCC-CDF-EMP-0511|NDOLA CENTRAL|LOAN|MAIN STREAM MPC|COMMUNITY|NDOLA CITY COUNCIL|3110630198002|YENGWE|0974723222|TAXI|150000.0|2025|APPROVED
NCC-CDF-EMP-0512|NDOLA CENTRAL|LOAN|MAPALO MARKETEER MULTI- PURPOSE COOPERATIVE|COMMUNITY|NDOLA CITY COUNCIL|3110629677903|MAPALO|0972350804|TRANSPORT|70000.0|2025|APPROVED
NCC-CDF-EMP-0513|NDOLA CENTRAL|LOAN|MARKALINAS INVESTMENTS LIMITED|COMMUNITY|PACRA|3111528297902|NKWAZI|0967844699|METAL FABRICATION|90000.0|2025|APPROVED
NCC-CDF-EMP-0514|NDOLA CENTRAL|LOAN|BEKACHI ENTERPRISES|COMMUNITY|PACRA|3111510226201|KANINI|0977595779|COSMETICS & WIGS|50000.0|2025|APPROVED
NCC-CDF-EMP-0515|NDOLA CENTRAL|LOAN|MOLWE ENTERPRISE|COMMUNITY|REGISTRAR OF BUSINESS|3111528847902|MAPALO|0979990249|DAIRY|100000.0|2025|APPROVED
NCC-CDF-EMP-0516|NDOLA CENTRAL|LOAN|NADI COOPERATIVE|COMMUNITY|NDOLA CITY COUNCIL|3110634148302|YENGWE|0966736386|CHICKEN - EGG PRODUCTION|40000.0|2025|APPROVED
NCC-CDF-EMP-0517|NDOLA CENTRAL|LOAN|NKWAZI YOUTH MULTI PURPOSE COOPERATIVE|COMMUNITY|NDOLA CITY COUNCIL|3110613743801|NKWAZI|0962388114|HARDWARE|50000.0|2025|APPROVED
NCC-CDF-EMP-0518|NDOLA CENTRAL|LOAN|NOBEL TECH|COMMUNITY|PACRA|3111532532201|NKWAZI|0976887446|CAR HIRE|70000.0|2025|APPROVED
NCC-CDF-EMP-0519|NDOLA CENTRAL|LOAN|NOLUTE GENERAL TRADING|COMMUNITY|REGISTRAR OF BUSINESS|3111534192302|KANINI|0974646161|TIMBER TRADING|50000.0|2025|APPROVED
NCC-CDF-EMP-0520|NDOLA CENTRAL|LOAN|PHYSICALIS ENTERPRISES|WOMEN|PACRA|3111504335801|DAG- DOLA HILL|0966289679|POULTRY FARMING|140000.0|2025|APPROVED
NCC-CDF-EMP-0521|NDOLA CENTRAL|LOAN|REENABEL MPC|COMMUNITY|PACRA|3111598677801|YENGWE|970015746|LIGHT TRUCK HIRE|150000.0|2025|APPROVED
NCC-CDF-EMP-0522|NDOLA CENTRAL|LOAN|SACHACHIWAKA GENERAL DEALERS|COMMUNITY|PACRA|3110182013501|TWAPIA|0965299676|TRANSPORT|80000.0|2025|APPROVED
NCC-CDF-EMP-0523|NDOLA CENTRAL|LOAN|SAGI MULTIPURPOSE COOPERATIVE|COMMUNITY|NDOLA CITY COUNCIL|3110688515701|KANINI|0765327954|POULTRY|50000.0|2025|APPROVED
NCC-CDF-EMP-0524|NDOLA CENTRAL|LOAN|SIMAKO ENTERPRISES|COMMUNITY|PACRA|3111512329801|KANINI|0978015108|STATIONERY|65000.0|2025|APPROVED
NCC-CDF-EMP-0525|NDOLA CENTRAL|LOAN|TAYALI B MPC|COMMUNITY||3110629603902|MAPALO|0764432002|BLOCK MAKING|70000.0|2025|APPROVED
NCC-CDF-EMP-0526|NDOLA CENTRAL|LOAN|TOGETHER AS ONE MPC|COMMUNITY|NDOLA CITY COUNCIL|3110632084203|MAPALO|0967695634|AGRICULTURE|50000.0|2025|APPROVED
NCC-CDF-EMP-0527|NDOLA CENTRAL|LOAN|TRENDLINE AGRO SERVICES|COMMUNITY|PACRA|3111534110302|DAG-DOLLA HILL|0967859700|OIL & AGRICULTURAL ACTIVITIES MAUFACTURING|60000.0|2025|APPROVED
NCC-CDF-EMP-0528|NDOLA CENTRAL|LOAN|TULEYA TRANSPORTER COOPERATIVE|COMMUNITY|NDOLA CITY COUNCIL|3110612861802|MAPALO|0976998995|TRANSPORT|100000.0|2025|APPROVED
NCC-CDF-EMP-0529|NDOLA CENTRAL|LOAN|TWAFIKA MULTI-PURPOSE COOPERATIVE|COMMUNITY|NDOLA CITY COUNCIL|3110613327901|NKWAZI|0977936586|TRANSPORT|80000.0|2025|APPROVED
NCC-CDF-EMP-0530|NDOLA CENTRAL|LOAN|TWAPALWAFWE COOPERATIVE|COMMUNITY|NDOLA CITY COUNCIL|3110613285801|NKWAZI|0960662671|POULTRY|50000.0|2025|APPROVED
NCC-CDF-EMP-0531|NDOLA CENTRAL|LOAN|WANGU FARMING COOPERATIVE|COMMUNITY|NDOLA CITY COUNCIL|3110629083901|YENGWE|0966499652|CHICKEN FARMING|80000.0|2025|APPROVED
NCC-CDF-EMP-0532|NDOLA CENTRAL|LOAN|WINNERS SUPPORT SERVICES|COMMUNITY|REGISTRAR OF BUSINESS|3111534030302|YENGWE|0966213131|COMPUTER EQUIPMENT & OFFICE EQUIPMENT|130000.0|2025|APPROVED
NCC-CDF-EMP-0533|NDOLA CENTRAL|LOAN|YOUTHZEN GENERAL DEALERS|COMMUNITY|PACRA|3111530147902|NKWAZI|0979349900|TRANSPORT|50000.0|2025|APPROVED
NCC-CDF-EMP-0534|BWANA MKUBWA|LOAN|PRINT KINGS ENTERPRISES|PACRA|198841|CHICHELE|ADAM NGUNI|PRINTING & BRANDING|55,000.00|55000.0|2025|APPROVED
NCC-CDF-EMP-0535|BWANA MKUBWA|LOAN|MWALUSEKELO GENERAL DEALERS|PACRA|320241008964|CHICHELE|TIWA CHIPOWE|METAL FABRICATION AND CARPENTRY|40,000.00|40000.0|2025|APPROVED
NCC-CDF-EMP-0536|BWANA MKUBWA|LOAN|PRIMATO GENERAL DEALERS LIMITED|PACRA|1202410110026|CHICHELE|LUKIA MATOLO|GABBAGE COLLECTION|40,000.00|40000.0|2025|APPROVED
NCC-CDF-EMP-0537|BWANA MKUBWA|LOAN|BWECACHI ENTERPRISES|PACRA|320241026957|CHICHELE|CHIBWE MONICAH|TRANSPORT|50,000.00|50000.0|2025|APPROVED
NCC-CDF-EMP-0538|BWANA MKUBWA|LOAN|FIRST DIMENSION INVESTMENT|PACRA|123615|CHICHELE|JOSEPH MAPULANGA|CARPENTRY & TIMBER PROCESSING|50,000.00|50000.0|2025|APPROVED
NCC-CDF-EMP-0539|BWANA MKUBWA|LOAN|LUWIS ENTERPRISE LIMITED|PACRA|120170001087|CHICHELE|PRISCA SICHOMA MUSOKOTA|EGG PRODUCTION POULTRY BUSINESS|40,000.00|40000.0|2025|APPROVED
NCC-CDF-EMP-0540|BWANA MKUBWA|LOAN|NSOFU ENTERPRISES|PACRA|320251038157|CHICHELE|ROBERT NSOFU|AUTO SPARE|60,000.00|60000.0|2025|APPROVED
NCC-CDF-EMP-0541|BWANA MKUBWA|LOAN|PATRINORS GENERAL DEALERS|PACRA|320241031507|ITAWA|JANE MVULA|TRADING|50,000.00|50000.0|2025|APPROVED
NCC-CDF-EMP-0542|BWANA MKUBWA|LOAN|HIRILONGA ENTERPRISES|PACRA|320241026509|ITAWA|KALONGA PHIRI|TIMBER|40,000.00|40000.0|2025|APPROVED
NCC-CDF-EMP-0543|BWANA MKUBWA|LOAN|ALPHASI COMPANY LIMITED|PACRA|120180009692|ITAWA|BIBIAN MUTANGISHA|POULTRY|60,000.00|60000.0|2025|APPROVED
NCC-CDF-EMP-0544|BWANA MKUBWA|LOAN|MWAPEKAMPELA GENERAL DEALERS|PACRA|320241018514|ITAWA|BRENDA CHIKUTWE|TRANSPORTATION|50,000.00|50000.0|2025|APPROVED
NCC-CDF-EMP-0545|BWANA MKUBWA|LOAN|DUMASE CAFÉ|PACRA|320241001261|ITAWA|DAISAY BANDA|RESTAURANT|40,000.00|40000.0|2025|APPROVED
NCC-CDF-EMP-0546|BWANA MKUBWA|LOAN|KALEBWANGU CLUB|NDOLA CITY COUNCIL|15010|ITAWA|LISELI MEMORY LUBINDA|FARMING|50,000.00|50000.0|2025|APPROVED
NCC-CDF-EMP-0547|BWANA MKUBWA|LOAN|ELYSIAN SOLUTIONS LIMITED|PACRA|120220030146|ITAWA|MUBANGA MATUTU|METAL FABRICATION|50,000.00|50000.0|2025|APPROVED
NCC-CDF-EMP-0548|BWANA MKUBWA|LOAN|MUNANAME TRADING|PACRA|320150242833|ITAWA|MAINZA MWEENE|BEVERAGE BUSINESS|40,000.00|40000.0|2025|APPROVED
NCC-CDF-EMP-0549|BWANA MKUBWA|LOAN|KACHEVIO ENTERPRISES|PACRA|320210030412|ITAWA|CHIKUMBI CHEMBO|WATER PURIFICATION|65,000.00|65000.0|2025|APPROVED
NCC-CDF-EMP-0550|BWANA MKUBWA|LOAN|MONTECH GENERAL DEALERS|PACRA|131496|ITAWA|FREDDIE CHUNDU|TRANSPORT BUSINESS|50,000.00|50000.0|2025|APPROVED
NCC-CDF-EMP-0551|BWANA MKUBWA|LOAN|KASYANKWI ENTERPRISE|PACRA|55511|ITAWA|DAVY KAPANDILA|ELECTRICAL SUPPLIERS|40,000.00|40000.0|2025|APPROVED
NCC-CDF-EMP-0552|BWANA MKUBWA|LOAN|WAMUUMI GENERAL DEALERS|PACRA|320241005204|ITAWA|CHIFUNDA ABEL|METAL FABRICATION|50,000.00|50000.0|2025|APPROVED
NCC-CDF-EMP-0553|BWANA MKUBWA|LOAN|KELMAG ENTERPRISES|PACRA|320241026589|ITAWA|KELVIN MULENGA|TRANSPORT|40,000.00|40000.0|2025|APPROVED
NCC-CDF-EMP-0554|BWANA MKUBWA|LOAN|MK CONSTRUCTION AND GENERAL DEALER LTD|PACRA|120220043331|ITAWA|BUNDA OSWARD|PURCHASE OF MOTOR VEHICLE|40,000.00|40000.0|2025|APPROVED
NCC-CDF-EMP-0555|BWANA MKUBWA|LOAN|SERRON ROYAL ENTERPRISES|PACRA|320200014419|KANTOLOMBA|SHARON KALUTWA|RESTAURANT|40,000.00|40000.0|2025|APPROVED
NCC-CDF-EMP-0556|BWANA MKUBWA|LOAN|CHIPI MUNGULI MULTIPURPOSE COOPERATIVE|NDOLA CITY COUNCIL|416|KANTOLOMBA|GRACE CHILOMBELA|FISH FARMING|40,000.00|40000.0|2025|APPROVED
NCC-CDF-EMP-0557|BWANA MKUBWA|LOAN|CHANKAINA FARMS|PACRA|320241001478|KANTOLOMBA|GREGORY CHANDA|POULTRY|40,000.00|40000.0|2025|APPROVED
NCC-CDF-EMP-0558|BWANA MKUBWA|LOAN|CHA KULUTWE COOPERATIVE|NDOLA CITY COUNCIL|1673|KANTOLOMBA|PETER SIMWANGA|POULTRY|40,000.00|40000.0|2025|APPROVED
NCC-CDF-EMP-0559|BWANA MKUBWA|LOAN|ERITHAM GENERAL DEALERS LTD|PACRA|120241002764|KANTOLOMBA|ERICK KAUNDA|PURCHASE MOTOR VEHICLE|50,000.00|50000.0|2025|APPROVED
NCC-CDF-EMP-0560|BWANA MKUBWA|LOAN|ZENETST INVESTMENT LIMITED|PACRA|120150137784|KANTOLOMBA|CHANDA BARNABAS|MOTOR CYCLE TRANSPORT|30,000.00|30000.0|2025|APPROVED
NCC-CDF-EMP-0561|BWANA MKUBWA|LOAN|ODLAS ENTERPRISES|PACRA|3202241019492|KANTOLOMBA|OWENDRAKE MUYOBA|MIXED FAMING|40,000.00|40000.0|2025|APPROVED
NCC-CDF-EMP-0562|BWANA MKUBWA|LOAN|TC GLASS AND WINDSCREEN CENTRE|PACRA|120150138086|KANTOLOMBA|JAMES CHIRWA|AUTO PARTS|40,000.00|40000.0|2025|APPROVED
NCC-CDF-EMP-0563|BWANA MKUBWA|LOAN|RAYFAI BUSINESS INITIATIVES LIMITED|PACRA|120220041054|KANTOLOMBA|CHIPO SITALI|GENERAL TRADING & SUPPLY|45,000.00|45000.0|2025|APPROVED
NCC-CDF-EMP-0564|BWANA MKUBWA|LOAN|FROLIANO CHELA GENERAL DEALERS|PACRA|320241009000|KANTOLOMBA|FROLIANO CHELA|TRANSPORT|45,000.00|45000.0|2025|APPROVED
NCC-CDF-EMP-0565|BWANA MKUBWA|LOAN|PERSWIDERN ENTERPRISE|PACRA|320230079054|KAVU|LINDA CHONGO|HARDWARE & BULDING SHOP|50,000.00|50000.0|2025|APPROVED
NCC-CDF-EMP-0566|BWANA MKUBWA|LOAN|MILNASH POLTRY & GENERAL DEALERS|PACRA|320241004943|KAVU|MILDRED ENASHO|POULTRY|40,000.00|40000.0|2025|APPROVED
NCC-CDF-EMP-0567|BWANA MKUBWA|LOAN|CHISOMO CHA YESU ENTERPRISES|PACRA|320241011658|KAVU|MUSUKWA ENELESS|PIGGERY|50,000.00|50000.0|2025|APPROVED
NCC-CDF-EMP-0568|BWANA MKUBWA|LOAN|KIDDIE TAILORS|PACRA|177287|KAVU|PATRICIA CHUMA MULEYA|POULTRY LAYERS|40,000.00|40000.0|2025|APPROVED
NCC-CDF-EMP-0569|BWANA MKUBWA|LOAN|KAMASHEL GENERAL DEALERS|PACRA|320241016982|KAVU|SIMASHELA KAPUI|TRADING|40,000.00|40000.0|2025|APPROVED
NCC-CDF-EMP-0570|BWANA MKUBWA|LOAN|COWEKAY GENERALDEALERS|PACRA|320230083165|KAVU|WRENCY MWEEMBA|FARMING|50,000.00|50000.0|2025|APPROVED
NCC-CDF-EMP-0571|BWANA MKUBWA|LOAN|LIKUMANAKA AGRO & GENERAL DEALERS|PACRA|194966|KAVU|ASTRIDAHL. CHUNGU|FISH FARMING|50,000.00|50000.0|2025|APPROVED
NCC-CDF-EMP-0572|BWANA MKUBWA|LOAN|TRIPPLE C LOGISTICS LTD|PACRA|120114|KAVU|TRESFORD CHIPULU|TRANSPOTATION|55,000.00|55000.0|2025|APPROVED
NCC-CDF-EMP-0573|BWANA MKUBWA|LOAN|ROYDA MUMBA CHILEMU ENTERPRISE|PACRA|320241030352|KAVU|ROYDA CHILEMU|RANCHING|50,000.00|50000.0|2025|APPROVED
NCC-CDF-EMP-0574|BWANA MKUBWA|LOAN|THE GENTLEMEN FONDATION|NDOLA CITY COUNCIL|4931|KAVU|GIBSON MUTALE KATONGO|POULTRY -BROILERS|40,000.00|40000.0|2025|APPROVED
NCC-CDF-EMP-0575|BWANA MKUBWA|LOAN|MERKON GENERAL DEALERS|PACRA|320241003485|LUPILI|MERCY BWALYA CHIKONTWE|GROCERIES|40,000.00|40000.0|2025|APPROVED
NCC-CDF-EMP-0576|BWANA MKUBWA|LOAN|ISHTECH ENTERPRISE|PACRA|320241004526|LUPILI|DOREEN MWILA|PIGGERY|50,000.00|50000.0|2025|APPROVED
NCC-CDF-EMP-0577|BWANA MKUBWA|LOAN|SHUKO INSTALLATIONS LTD|PACRA|127031|LUPILI|LINDA MBUNDA|ENGINEERING|50,000.00|50000.0|2025|APPROVED
NCC-CDF-EMP-0578|BWANA MKUBWA|LOAN|PEDDROSE ENTERPRISES LIMITED|PACRA|120160001915|LUPILI|DAVIES CHIWALA|CONSTRUCTION|90,000.00|90000.0|2025|APPROVED
NCC-CDF-EMP-0579|BWANA MKUBWA|LOAN|DICKNKOLE GENERAL DEALERS|PACRA|320241015079|LUPILI|DICKSON NKOLE|CONSTRUCTION|50,000.00|50000.0|2025|APPROVED
NCC-CDF-EMP-0580|BWANA MKUBWA|LOAN|KAPAYAMI GENERAL DEALERS|PACRA|320251036989|LUPILI|KAPANDA CHOLA FREDRICK|PIGGERY|50,000.00|50000.0|2025|APPROVED
NCC-CDF-EMP-0581|BWANA MKUBWA|LOAN|COLLEEN GENERAL DEALERS|PACRA|320241011181|MUNKULUNGWE|EMMANUEL CHIKUNI|AGRO BUSSINESS|50,000.00|50000.0|2025|APPROVED
NCC-CDF-EMP-0582|BWANA MKUBWA|LOAN|JOSTAMI GENERAL DEALERS|PACRA|320241021263|MUNKULUNGWE|JOSPHAT LUMBWE MUMBA|TRANSPORT|40,000.00|40000.0|2025|APPROVED
NCC-CDF-EMP-0583|BWANA MKUBWA|LOAN|RODA NKUMBWA ENTERPRISE|PACRA|320241003563|MUNKULUNGWE|RODA NKUMBWA|EGG PRODUCTION|40,000.00|40000.0|2025|APPROVED
NCC-CDF-EMP-0584|BWANA MKUBWA|LOAN|KAJADI|PACRA|3202241004588|MUNKULUNGWE|JAPHET NDIMBA|TRANSPOTATION|50,000.00|50000.0|2025|APPROVED
NCC-CDF-EMP-0585|BWANA MKUBWA|LOAN|SUNKUTU M. ENTERPRISE|PACRA|320241001521|MUNKULUNGWE|JOHN MUMPA SUNKUNTU|OIL EXPELLER|50,000.00|50000.0|2025|APPROVED
NCC-CDF-EMP-0586|BWANA MKUBWA|LOAN|NABIL INDUSTRIES|PACRA|320190000926|MUNKULUNGWE|SITALI WILSON|TAILORING|50,000.00|50000.0|2025|APPROVED
NCC-CDF-EMP-0587|BWANA MKUBWA|LOAN|TABUKAMU GENERAL DEALERS|PACRA|320241031157|MUNKULUNGWE|ALICE BWALYA CHIPUNDU|BLOCK MAKING & METAL FABRICATION|50,000.00|50000.0|2025|APPROVED
NCC-CDF-EMP-0588|BWANA MKUBWA|LOAN|BAKULAKANA ENTERPRISE|PACRA|320241029968|MUNKULUNGWE|FRED KUNDA|TRANSPORT & COURIER SERVICES|70,000.00|70000.0|2025|APPROVED
NCC-CDF-EMP-0589|BWANA MKUBWA|LOAN|BRANEVA TRADING|PACRA|199282|MUNKULUNGWE|GEORGE EVASON MUTOMBO|PRINTING & STATIONARY|40,000.00|40000.0|2025|APPROVED
NCC-CDF-EMP-0590|BWANA MKUBWA|LOAN|SERVEMORE GENERAL DEALERS|PACRA|120241012833|MUSHILI|MUPANGA KALELA|BANKING|15,000.00|15000.0|2025|APPROVED
NCC-CDF-EMP-0591|BWANA MKUBWA|LOAN|H.M.L. AUTO SPARES|PACRA|320210028891|MUSHILI|MARTHA PHIRI|TRADING - AUTO SPARES|15,000.00|15000.0|2025|APPROVED
NCC-CDF-EMP-0592|BWANA MKUBWA|LOAN|LIVING HOPE COMMUNITY BUSSINESS CLUB|NDOLA CITY COUNCIL|744|MUSHILI|CHIPANTA CHOLA ELONASTO|METAL FABRICATION|40,000.00|40000.0|2025|APPROVED
NCC-CDF-EMP-0593|BWANA MKUBWA|LOAN|WEBROY GENERAL DEALERS|REGISTRA OF COPPERATIVES|109883|MUSHILI|WEBBY TEMBO|METAL FABRICATION|50,000.00|50000.0|2025|APPROVED
NCC-CDF-EMP-0594|BWANA MKUBWA|LOAN|AARON SIMBEYE AS FINANCIAL SERVICE|PACRA|3202200007426|MUSHILI|KAMWELA RUTH|FINANCING|10,000.00|10000.0|2025|APPROVED
NCC-CDF-EMP-0595|BWANA MKUBWA|LOAN|ROSMWAP GENERAL DEALERS|PACRA|320241015390|MUSHILI|ROSEMARY MWAPE|GENERAL TRADING|40,000.00|40000.0|2025|APPROVED
NCC-CDF-EMP-0596|BWANA MKUBWA|LOAN|PEARLS OF HOPE MULTI PURPOSE COOPERATIVE|REGISTRAR OF COOPERATIVES|420220114822|MUSHILI|FRANK MUSONDA|CAR WASH|40,000.00|40000.0|2025|APPROVED
NCC-CDF-EMP-0597|BWANA MKUBWA|LOAN|VINTEC GENERAL DEALERS|PACRA|320180000114|MUSHILI|MARVIS MULENGA|PHONES AND ACCESSORIES|50,000.00|50000.0|2025|APPROVED
NCC-CDF-EMP-0598|BWANA MKUBWA|LOAN|FIRST GRADE FURNITURES|PACRA|320190000289|MUSHILI|REMY CHIMPANSHA|APHOSTERY(FUNITURE)|40,000.00|40000.0|2025|APPROVED
NCC-CDF-EMP-0599|BWANA MKUBWA|LOAN|K PRINTS AND COMPUTER SOLUTIONS|PACRA|229429|MUSHILI|KAPAYA ALBERT|PRINTING SERVICES|50,000.00|50000.0|2025|APPROVED
NCC-CDF-EMP-0600|BWANA MKUBWA|LOAN|MAGRET SAWMILL AMD GENERAL DEALERS|PACRA|320140235282|MUSHILI|MAGGIE CHIRWA|SAW MILL|40,000.00|40000.0|2025|APPROVED
NCC-CDF-EMP-0601|BWANA MKUBWA|LOAN|CREATIVE MINDS MUSHILI COOPERATIVE|NYDC|6561|MUSHILI|DELUX CHONGO|RESTAURANT|30,000.00|30000.0|2025|APPROVED
NCC-CDF-EMP-0602|BWANA MKUBWA|LOAN|BROWN GENERAL DEALERS|PACRA|97571|MUSHILI|BROWN SEAN|METAL FABRICATION|40,000.00|40000.0|2025|APPROVED
NCC-CDF-EMP-0603|BWANA MKUBWA|LOAN|RODAT ENTERPRISES|PACRA|174471|MUSHILI|MILIMO LIFUNA ROSEMARY|PLAY PARK FOR KIDS|50,000.00|50000.0|2025|APPROVED
NCC-CDF-EMP-0604|BWANA MKUBWA|LOAN|GEMCATHY GENERAL DEALERS|PACRA|320241032135|MUSHILI|JAMES MWANAMPONGO|BLOCK MAKING|50,000.00|50000.0|2025|APPROVED
NCC-CDF-EMP-0605|BWANA MKUBWA|LOAN|MPUNDU KAO GENERAL DEALERS|PACRA|320230083702|MUSHILI|MPUNDU KAOMA|MOBILE MONEY|50,000.00|50000.0|2025|APPROVED
NCC-CDF-EMP-0606|BWANA MKUBWA|LOAN|FAIR PLAY BOTTLE STORE|PACRA|320230087436|MUSHILI|ISAAC KAKWELE|BOTTLE STORE|50,000.00|50000.0|2025|APPROVED
NCC-CDF-EMP-0607|BWANA MKUBWA|LOAN|KING DAVID GROCERIES|PACRA|126682|MUSHILI|BWALYA DAVID|CEMENT AND TRANSPOTATION|50,000.00|50000.0|2025|APPROVED
NCC-CDF-EMP-0608|BWANA MKUBWA|LOAN|WONGANINGE ENTERPRISES|PACRA|320220057159|MUSHILI|LAMECK GOMA|PIGGERY|100,000.00|100000.0|2025|APPROVED
NCC-CDF-EMP-0609|BWANA MKUBWA|LOAN|DASIKA TYRE SERVICES|PACRA|320160006050|MUSHILI|DANNY SIKAZWE|TYRE SERVICES|40,000.00|40000.0|2025|APPROVED
NCC-CDF-EMP-0610|BWANA MKUBWA|LOAN|EVAHARU ENTERPRISES|PACRA|320241019793|MUSHILI|CHIKONDE HAPPY|GRAPHIC DESIGNER|50,000.00|50000.0|2025|APPROVED
NCC-CDF-EMP-0611|BWANA MKUBWA|LOAN|CHARON SOLUTIONS|PACRA|320230079332|MUSHILI|AARON CHANSA|BICYCLES AND STATIONARY|70,000.00|70000.0|2025|APPROVED
NCC-CDF-EMP-0612|BWANA MKUBWA|LOAN|REALT RUNNERS AND CARGO CARE ENTERPRISE|PACRA|320251048549|TWASHUKA|ANTHONY ZULU|TRANSPORTATION|40,000.00|40000.0|2025|APPROVED
NCC-CDF-EMP-0613|BWANA MKUBWA|LOAN|NDUMBAJO GENERAL DEALERS|PACRA|320241016638|TWASHUKA|JOHN CHINDUMBA|PIGGERY|40,000.00|40000.0|2025|APPROVED
NCC-CDF-EMP-0614|BWANA MKUBWA|LOAN|TUSEKESEKE BUTCHERIES|PACRA|320170006663|TWASHUKA|CHIHUKO SIMUBALA|FARMING|45,000.00|45000.0|2025|APPROVED
NCC-CDF-EMP-0615|BWANA MKUBWA|LOAN|ANDICH GENERAL DEALERS|PACRA|320241002033|TWASHUKA|ANDREW CHIBWE|PIGGERY|40,000.00|40000.0|2025|APPROVED
NCC-CDF-EMP-0616|BWANA MKUBWA|LOAN|JEGOFAOB ENGINEERING AND GENERAL DEALERS|PACRA|320100172036|TWASHUKA|ERIC CHUNGU|PIGGERY|40,000.00|40000.0|2025|APPROVED
NCC-CDF-EMP-0617|BWANA MKUBWA|LOAN|TROLLY ENGINEERING LIMITED|PACRA|120220036476|TWASHUKA|TOM KALONGA|METAL FABRICATION|40,000.00|40000.0|2025|APPROVED
NCC-CDF-EMP-0618|BWANA MKUBWA|LOAN|MAHAS INVESTMENTS|PACRA|120190006561|TWASHUKA|MANASE JUMBE|BUTCHERY & DIARY SUPPLYING|40,000.00|40000.0|2025|APPROVED
NCC-CDF-EMP-0619|BWANA MKUBWA|LOAN|GOLDEN AGE BUSINESS SOLUTIONS|PACRA|320230083887|TWASHUKA|DENNIS KENAN SINYANGWE|STATIONARY|40,000.00|40000.0|2025|APPROVED
NCC-CDF-EMP-0620|BWANA MKUBWA|LOAN|LELA TRADING AND LOGISTICS|PACRA|320220043312|TWASHUKA|BEATRICE KUNDA|LAUNDRY|80,000.00|80000.0|2025|APPROVED
NCC-CDF-EMP-0621|BWANA MKUBWA|LOAN|JOAKOM CONTRACTORS|PACRA|320170015675|TWASHUKA|JOAN KOMBE|BLOCK MAKING|65,000.00|65000.0|2025|APPROVED
NCC-CDF-EMP-0622|CHIFUBU|LOAN|WAMUKETO MULTI- PURPOSE|CHIFUBU|UNDI|REGISTRAR OF CO- OPERATIVE SOCIETIES|420220117566|963741701|TRADING|0.0|2025|APPROVED
NCC-CDF-EMP-0623|CHIFUBU|LOAN|SM HELLEN NURSERY & PRIMARY SCHOOL|CHIFUBU|UNDI|REGISTRAR OF BUSINESS NAMES|228418|977487282|TRADING|50000.0|2025|APPROVED
NCC-CDF-EMP-0624|CHIFUBU|LOAN|ESEDEL ENTERPRISE|FIBOBE|FIBUSA|REGISTRAR OF BUSINESS NAMES|245176|965408716|TIMBER PROCESSING|30000.0|2025|APPROVED
NCC-CDF-EMP-0625|CHIFUBU|LOAN|M.SANDE FISH SUPPLIERS|CHIFUBU|MANGO|PACRA|320241019140|975332299|FARMING|30000.0|2025|APPROVED
NCC-CDF-EMP-0626|CHIFUBU|LOAN|MUTHUNZI CO- OPERATIVE|CHIFUBU|FIBUSA|NDOLA CITY COUNCIL|15320|966787897|TAILORING|20000.0|2025|APPROVED
NCC-CDF-EMP-0627|CHIFUBU|LOAN|SOMM ENTERPRISE|CHIFUBU|FIBUSA|PACRA|320110183491|966923978|FARMING|20000.0|2025|APPROVED
NCC-CDF-EMP-0628|CHIFUBU|LOAN|JACKMOS ENTERPRISE|PAMODZI|KALELA|REGISTRATION OF BUSINESS NAMES|140856|977929624|CONSTRUCTION|20000.0|2025|APPROVED
NCC-CDF-EMP-0629|CHIFUBU|LOAN|NOWESO CLUB|PAMODZI|KALELA|NDOLA CITY COUNCIL|521|977568487|POULTRY|30000.0|2025|APPROVED
NCC-CDF-EMP-0630|CHIFUBU|LOAN|EDMUT SUPPLIERS ZAMBIA LTD|PAMODZI|KALELA|REGISTRAR OF COMPANIES|120230051693|967583189|SUPPLYING OF CONSTRUCTION MATERIALS|40000.0|2025|APPROVED
NCC-CDF-EMP-0631|CHIFUBU|LOAN|KANDA-MINE|PAMODZI|CHILYA|NDOLA CITY COUNCIL|3369|967751611|POULTRY|25000.0|2025|APPROVED
NCC-CDF-EMP-0632|CHIFUBU|LOAN|WOMEN'S CLUB MUGALA FOUNDATION MULTI PURPOSE SOCIETY|KAMBA|MITOND MULEYA|NDOLA CITY COUNCIL|4113|963700169|BLOCK MAKING|30000.0|2025|APPROVED
NCC-CDF-EMP-0633|CHIFUBU|LOAN|LOVELY BEGINNINGS CHRISTIAN ACADEMY|KANYANJE|KANYAN JE 1|PACRA|320230069900|977794717|PRE-SCHOOL|30000.0|2025|APPROVED
NCC-CDF-EMP-0634|CHIFUBU|LOAN|KAPWEPWE CLUB|KANYANJE|KANYAN JE 2|NDOLA CITY COUNCIL|4137|963615527|AGRO-INPUTS|20000.0|2025|APPROVED
NCC-CDF-EMP-0635|CHIFUBU|LOAN|BUTUKILENI PAMO CLUB|KANYANJE|KANYAN JE 1|NDOLA CITY COUNCIL|759|975014217|POULTRY|20000.0|2025|APPROVED
NCC-CDF-EMP-0636|CHIFUBU|LOAN|MINSUNDU MILLING LTD|KANYANJE|KANYAN JE 1|PACRA|120200001475|977627577|MAIZE MILLING|30000.0|2025|APPROVED
NCC-CDF-EMP-0637|CHIFUBU|LOAN|SUB-SAHARA|KANYANJE|KANYAN JE 2|THE ENGINEERING REGISTRATION BOARD|1011217|978223577|MOBILE GENERATOR SERVICES|30000.0|2025|APPROVED
NCC-CDF-EMP-0638|CHIFUBU|LOAN|KALOS INNOVATION LTD|KANYANJE|KANYAN JE 1|PACRA|120150131908|967849934|METAL FABRICATION|20000.0|2025|APPROVED
NCC-CDF-EMP-0639|CHIFUBU|LOAN|ICHIPANGANO ICHIPYA CLUB|KANIKI|KANIKI 1|NDOLA CITY COUNCIL|15264|974569650|HAMMER MILL|30000.0|2025|APPROVED
NCC-CDF-EMP-0640|CHIFUBU|LOAN|DYNASTY ENERGIES LTD|KAMBA|MUKOBEK|POACRA|120241000958|977560719|AUTO SPARES|40000.0|2025|APPROVED
NCC-CDF-EMP-0641|CHIFUBU|LOAN|JALAZU TRADING|KAMBA|NANGA|REGISTRATION OF BUSINESS NAMES|154819|762228247|WASTE MANAGEMENT|50000.0|2025|APPROVED
NCC-CDF-EMP-0642|CHIFUBU|LOAN|KWAMBO ENTERPRISE LTD|KANIKI|KANIKI 1|REGISTRAR OF COMPANIES|109021|967743910|BLOCK MAKING|50000.0|2025|APPROVED
NCC-CDF-EMP-0643|CHIFUBU|LOAN|MUKATO MULTI- PURPOSE CO- OPERATIVE|CHIFUBU|MUKOBEK|NODOLA CITY COUNCIL|15397|964478106|POULTRY|0.0|2025|APPROVED
NCC-CDF-EMP-0644|CHIFUBU|LOAN|KASUNGA WABANTU CLUB|FIBOBE|NAKATIN|DNIDOLA CITY COUNCIL|4954|770898761|POULTRY|30000.0|2025|APPROVED
NCC-CDF-EMP-0645|CHIFUBU|LOAN|INSURGENCY SOLUTIONS|FIBOBE|NAKATIN|REGISTRAR OF DI BUSINESS NAMES|120160008028|966196845|SECURITY FIRM|50000.0|2025|APPROVED
NCC-CDF-EMP-0646|CHIFUBU|LOAN|SIMOKAY BUTCHERY|FIBOBE|NAKATIN|DPIACRA|320200008315|964133269|BUTCHERY|40000.0|2025|APPROVED
NCC-CDF-EMP-0647|CHIFUBU|LOAN|MITESHI CO- OPERATIVE|PAMODZI|CHILYAM|INTODNODLAO CITY COUNCIL|16379|977134912|AGRO-INPUTS|30000.0|2025|APPROVED
NCC-CDF-EMP-0648|CHIFUBU|LOAN|NJAPS INVESTMENTS LTD|CHIFUBU|JUMBE 1|PACRA|90389|966593429|PHOTOCOPY|50000.0|2025|APPROVED
NCC-CDF-EMP-0649|CHIFUBU|LOAN|CHANCE MULTI- PURPOSE CO- OPERATIVE SOCIETY|KAWAMA|JUMBE 1|REGISTRAR OF CO- OPERATIVE SOCIETIES|42023005609|772641666|CHARCOAL BRIQUETTES|30000.0|2025|APPROVED
NCC-CDF-EMP-0650|CHIFUBU|LOAN|LINEGROOVE MULTI- PURPOSE CO- OPERATIVE|KAWAMA|KAMAND|REGISTRAR OF CO- A OPERATIVE SOCIETIES|420220106596|977401323|FISH FARMING|50000.0|2025|APPROVED
NCC-CDF-EMP-0651|CHIFUBU|LOAN|TIYAMIKE MULTI- PURPOSE|KAMBA|JUMBE 1|NDOLA CITY COUNCIL|4470|968569965|POULTRY|2.0|2025|APPROVED
NCC-CDF-EMP-0652|CHIFUBU|LOAN|BAKESA MULTI- PURPOSE CO- OPERATIVE|FIBOBE|NANGA|NDOLA CITY COUNCIL|15025|964448899|POULTRY|2.0|2025|APPROVED
NCC-CDF-EMP-0653|CHIFUBU|LOAN|PETBOTH GENERAL DEALERS|KAMBA|JUMBE 1|PACRA|320220060949|971044893|STATIONARY|20000.0|2025|APPROVED
NCC-CDF-EMP-0654|CHIFUBU|LOAN|SM MULTI-PURPOSE|CHIFUBU|JUMBE 1|NDOLA CITY COUNCIL|15650|962934193|RECYCLING WASTE|30000.0|2025|APPROVED
NCC-CDF-EMP-0655|CHIFUBU|LOAN|TRUST CO-OPERATIVE UNION|PAMODZI|KASOMPE|NATIONAL YOUTH DEVELOPMENT COUNCIL|NYDC 0001214|974851095|POULTRY|20000.0|2025|APPROVED
NCC-CDF-EMP-0656|CHIFUBU|LOAN|SILBOS GENERAL SUPPLIERS AND CONTRACTORS|FIBOBE|KASOMPE|REGISTRAR OF BUSINESS NAMES|132465|966955944|METAL FABRICATION|20000.0|2025|APPROVED
NCC-CDF-EMP-0657|CHIFUBU|LOAN|LUUMUNO MULTI- PURPOSE CO- OPERATIVE|CHIFUBU|KASOMPE|NDOLA CITY COUNCIL|4269|967609921|TIMBER PROCESSING|20000.0|2025|APPROVED
NCC-CDF-EMP-0658|CHIFUBU|LOAN|DESIMPO GENERAL SUPPLIERS|CHIFUBU|KASOMPE|PACRA|320150248455|965593323|PANEL BEATING AND VEHICLE REPAIRS|40000.0|2025|APPROVED
NCC-CDF-EMP-0659|CHIFUBU|LOAN|WASTEMANIA RECYCLER AND SUPPLIERS|CHIFUBU|KASOMPE|PACRA|320241023936|775993613|WASTE MANAGEMENT|70000.0|2025|APPROVED
NCC-CDF-EMP-0660|CHIFUBU|LOAN|BACK LEAF CONSULTANTS & SUPPLIERS LIMITED|PAMODZI|KASOMPE|PACRA|120241005263|977149563|PHOTOCOYING|30000.0|2025|APPROVED
NCC-CDF-EMP-0661|CHIFUBU|LOAN|MUMBI MULTIPURPOSE CO- OPERATIVE|FIBOBE|KASOMPE|NDOLA CITY COUNCIL|15799|970305825|SAVINGS AND VILLAGE BANKING|1.0|2025|APPROVED
NCC-CDF-EMP-0662|CHIFUBU|LOAN|PATRIMARK GENERAL DEALERS|CHIFUBU|KASOMPE|PACRA|320150252767|979872921|FOOD AND BEVERAGES|40000.0|2025|APPROVED
NCC-CDF-EMP-0663|CHIFUBU|LOAN|BRICCLAM PRE AND PRIMARY SCHOOL|KAMBA|KASOMPE|PACRA|320230094232|972932782|SCHOOL|60000.0|2025|APPROVED
NCC-CDF-EMP-0664|CHIFUBU|LOAN|MOCHE SAVINGS CLUB|KAMBA|TWENDE|NDOLA CITY COUNCIL|4976|969722834|SAVINGS CLUB|1.0|2025|APPROVED
NCC-CDF-EMP-0665|CHIFUBU|LOAN|KAMO NALESA GENERAL DEALERS|PAMODZI|KALINDA|NDOLA CITY COUNCIL|15500|974642992|CHICKEN REARING|40000.0|2025|APPROVED
NCC-CDF-EMP-0666|CHIFUBU|LOAN|TOGETHERNESS MULTI-PURPOSE|FIBOBE|TWENDE|NDOLA CITY COUNCIL|15854|977427463|POULTRY|0.0|2025|APPROVED
NCC-CDF-EMP-0667|CHIFUBU|LOAN|INYANJI YOUTH CLUB|KAWAMA|NJANJI|NDOLA CITY COUNCIL|15921|968566623|TRADING|50000.0|2025|APPROVED
NCC-CDF-EMP-0668|CHIFUBU|LOAN|EDENJA ENTERPRISES|CHIFUBU|FIBUSA|PACRA|320241014112|967651836|POULTRY|40000.0|2025|APPROVED
NCC-CDF-EMP-0669|CHIFUBU|LOAN|RANDBURG INVESTMENTS LTD|CHIFUBU|FIBUSA|PACRA|106048|777044292|POULTRY|30000.0|2025|APPROVED
NCC-CDF-EMP-0670|CHIFUBU|LOAN|GREEN HIVE INNOVATIONS LTD|CHIFUBU|JUMBE 1|PACRA|120210023579|967957997|BEEKEEPING|60000.0|2025|APPROVED
NCC-CDF-EMP-0671|CHIFUBU|LOAN|NEXT JOINT LTD COMPANY|PAMODZI|OVERSPIL|LPACRA|120170003588|973319555|LIQUOR WHOLESALE AND RETAIL|40000.0|2025|APPROVED
NCC-CDF-EMP-0672|CHIFUBU|LOAN|LADDER CHRISTIAN ACADEMY|KAMBA|NAKATIN|DPIACRA|320170012095|977936866|POULTRY|30000.0|2025|APPROVED
NCC-CDF-EMP-0673|CHIFUBU|LOAN|EM. ENTERPRISE CO- OPERATIVE|CHIFUBU|MUKOBEK|NODOLA CITY COUNCIL|1617|964363348|ENTERPRISE|80000.0|2025|APPROVED
NCC-CDF-EMP-0674|CHIFUBU|LOAN|TWENDE NANKWE MULTI-PURPOSE|KAWAMA|KAMAND|ANDOLA CITY COUNCIL|15878|974151141|POULTRY|50000.0|2025|APPROVED
NCC-CDF-EMP-0675|CHIFUBU|LOAN|RELIABLE MULTI- PURPOSE COOPERATION|KAWAMA|KAMAND|THE CO-OPERATIVE ASOCIETIES REGULATIONS|42023OO5607|968782298|AUTO SPARES|30000.0|2025|APPROVED
NCC-CDF-EMP-0676|CHIFUBU|LOAN|DACHITA. GENERAL DEALERS|KAWAMA|KAMAND|APACRA|120090081487|977105507|BUYING MACHINERY|50000.0|2025|APPROVED
NCC-CDF-EMP-0677|CHIFUBU|LOAN|NASHWIT GENERAL DEALERS|CHIFUBU|NAKATIN|DPIACRA|160096.00|977849257|ANIMAL FEED|40000.0|2025|APPROVED
NCC-CDF-EMP-0678|CHIFUBU|LOAN|KAIROS MULTIPURPOSE|FIBOBE|NAKATIN|DNIDOLA CITY COUNCIL|15947.00|977382020|POULTRY|20000.0|2025|APPROVED
NCC-CDF-EMP-0679|CHIFUBU|LOAN|MEAT MART TRADING|CHIFUBU|NAKATIN|DPIACRA|320190012907|974928055|BUTCHERY|70000.0|2025|APPROVED
NCC-CDF-EMP-0680|CHIFUBU|LOAN|P. M BAR AND RESTAURANT|PAMODZI|SATYA SA|IPACRA|320210033284|977927466|FOOD AND BEVERAGES|50000.0|2025|APPROVED
NCC-CDF-EMP-0681|CHIFUBU|LOAN|JOYVIC ENTERPRISES LIMITED|PAMODZI|KALELA|PACRA|65094|966972207|TRADING|50000.0|2025|APPROVED
NCC-CDF-EMP-0682|CHIFUBU|LOAN|CHITANGWE|CHIFUBU|JUMBE 1|NDOLA CITY COUNCIL|3754|977292242|POULTRY|50000.0|2025|APPROVED
NCC-CDF-EMP-0683|CHIFUBU|LOAN|SHASHI GENERAL DEALERS LIMITED|CHIFUBU|MATONG|OPACRA|120190001068|977709955|AUTO SHOP|80000.0|2025|APPROVED
NCC-CDF-EMP-0684|CHIFUBU|LOAN|CASSIA MULTIPURPOSE COOPERATIVE|CHIFUBU|JUMBE 1|NDOLA CITY COUNCIL|16698|770210605|SUPPLYING MEE|1.0|2025|APPROVED
NCC-CDF-EMP-0685|CHIFUBU|LOAN|PL MULTIPURPOSE CO- OPERATIVE|CHIFUBU|NANGA|NDOLA CITY COUNCIL|16013|974367685|POULTRY|30000.0|2025|APPROVED
NCC-CDF-EMP-0686|CHIFUBU|LOAN|KUDENJI ENTREPRISE|PAMODZI|KALELA|PACRA|320230078560|966877733|POULTRY|40000.0|2025|APPROVED
NCC-CDF-EMP-0687|CHIFUBU|LOAN|KASHITU ZONE TWO CHIFUBU YOUTHS COOPERATIVE|PAMODZI|JUMBE 1|NATIONAL YOUTH DEVELOPMENT COUNCIL|NYDC 6001|962931100|POULTRY|1.0|2025|APPROVED
NCC-CDF-EMP-0688|CHIFUBU|LOAN|TAMIKANI INVESTMENTS LTD.|PAMODZI|KASOMPE|PACRA|120120101885|977574595|POULTRY|30000.0|2025|APPROVED
NCC-CDF-EMP-0689|CHIFUBU|LOAN|NAMUKULWA MULTIPURPOSE CO- OPERATIVE|FIBOBE|KASOMPE|NDOLA CITY COUNCIL|15638|968757531|POULTRY|2.0|2025|APPROVED
